"osm_id","wkt"
"4326379","LINESTRING (21.01921 52.171363, 21.0190588 52.1713167)"
"4326702","LINESTRING (20.9883374 52.197691, 20.9882718 52.1975611)"
"4308966","LINESTRING (20.9975912 52.1851127, 20.9975981 52.1848)"
"4311409","LINESTRING (21.0063563 52.2186716, 21.0063578 52.2186289, 21.0063957 52.2175372)"
"4315349","LINESTRING (21.0056202 52.0510819, 21.0056793 52.0510851, 21.0084576 52.0512355)"
"4317242","LINESTRING (20.9878819 52.1812007, 20.9891925 52.1809153)"