country,sampling_id,lon,lat,air_pollutant,iso_code
Austria,SPO.01.0001.3902.5.1,16.52617,47.84011,PM10,AT
Austria,SPO.01.0001.3902.5.1,16.52617,47.84011,PM10,AT
Austria,SPO.01.0001.3902.5.1,16.52617,47.84011,PM10,AT
Austria,SPO.01.0001.3902.5.1,16.52617,47.84011,PM10,AT
Austria,SPO.01.0001.3902.5.1,16.52617,47.84011,PM10,AT
Austria,SPO.01.0001.3902.5.1,16.52617,47.84011,PM10,AT
Austria,SPO.01.0001.3902.5.1,16.52617,47.84011,PM10,AT
Austria,SPO.01.0001.3902.5.1,16.52617,47.84011,PM10,AT
Austria,SPO.01.0001.3902.5.1,16.52617,47.84011,PM10,AT
Austria,SPO.01.0001.3902.5.1,16.52617,47.84011,PM10,AT
Austria,SPO.01.0001.64460.5.1,16.52617,47.84011,PM10,AT
Austria,SPO.01.0001.64460.5.1,16.52617,47.84011,PM10,AT
Austria,SPO.01.0001.64460.5.1,16.52617,47.84011,PM10,AT
Austria,SPO.01.0001.64460.5.1,16.52617,47.84011,PM10,AT
Austria,SPO.01.0001.65188.6001.1,16.52617,47.84011,PM2.5,AT
Austria,SPO.01.0001.65188.6001.1,16.52617,47.84011,PM2.5,AT
Austria,SPO.01.0001.65188.6001.1,16.52617,47.84011,PM2.5,AT
Austria,SPO.01.0001.65188.6001.1,16.52617,47.84011,PM2.5,AT
Austria,SPO.01.0001.65188.6001.1,16.52617,47.84011,PM2.5,AT
Austria,SPO.01.0001.65188.6001.1,16.52617,47.84011,PM2.5,AT
Austria,SPO.01.0001.65507.6001.1,16.52617,47.84011,PM2.5,AT
Austria,SPO.01.0001.65507.6001.1,16.52617,47.84011,PM2.5,AT
Austria,SPO.01.0001.65507.6001.1,16.52617,47.84011,PM2.5,AT
Austria,SPO.01.0001.65507.6001.1,16.52617,47.84011,PM2.5,AT
Austria,SPO.01.0002.3905.5.1,16.20786,47.33992,PM10,AT
Austria,SPO.01.0002.3905.5.1,16.20786,47.33992,PM10,AT
Austria,SPO.01.0002.3905.5.1,16.20786,47.33992,PM10,AT
Austria,SPO.01.0002.3905.5.1,16.20786,47.33992,PM10,AT
Austria,SPO.01.0002.3905.5.1,16.20786,47.33992,PM10,AT
Austria,SPO.01.0002.3905.5.1,16.20786,47.33992,PM10,AT
Austria,SPO.01.0002.67630.5.1,16.20786,47.33992,PM10,AT
Austria,SPO.01.0002.67630.5.1,16.20786,47.33992,PM10,AT
Austria,SPO.01.0003.3903.5.1,17.07032,48.10915,PM10,AT
Austria,SPO.01.0003.3903.5.1,17.07032,48.10915,PM10,AT
Austria,SPO.01.0003.3903.5.1,17.07032,48.10915,PM10,AT
Austria,SPO.01.0003.3903.5.1,17.07032,48.10915,PM10,AT
Austria,SPO.01.0003.3903.5.1,17.07032,48.10915,PM10,AT
Austria,SPO.01.0003.3903.5.1,17.07032,48.10915,PM10,AT
Austria,SPO.01.0003.3903.5.1,17.07032,48.10915,PM10,AT
Austria,SPO.01.0003.3903.5.1,17.07032,48.10915,PM10,AT
Austria,SPO.01.0003.3903.5.1,17.07032,48.10915,PM10,AT
Austria,SPO.01.0003.67772.6001.1,17.07032,48.10915,PM2.5,AT
Austria,SPO.01.0035.65230.5.1,16.14827,46.94204,PM10,AT
Austria,SPO.01.0035.65230.5.1,16.14827,46.94204,PM10,AT
Austria,SPO.01.1007.67202.5.1,16.64722,47.46528,PM10,AT
Austria,SPO.01.0006.68635.5.1,16.22068,47.27836,PM10,AT
Austria,SPO.02.F202.56347.5.1,14.52998,46.84283,PM10,AT
Austria,SPO.02.F202.56347.5.1,14.52998,46.84283,PM10,AT
Austria,SPO.02.F202.56347.5.1,14.52998,46.84283,PM10,AT
Austria,SPO.02.F202.56347.5.1,14.52998,46.84283,PM10,AT
Austria,SPO.02.F202.56347.5.1,14.52998,46.84283,PM10,AT
Austria,SPO.02.F202.56347.5.1,14.52998,46.84283,PM10,AT
Austria,SPO.02.F202.56347.5.1,14.52998,46.84283,PM10,AT
Austria,SPO.02.F202.56347.5.1,14.52998,46.84283,PM10,AT
Austria,SPO.02.KA11.55366.5.1,14.29750,46.62556,PM10,AT
Austria,SPO.02.KA21.4038.5.1,14.31806,46.62556,PM10,AT
Austria,SPO.02.KA21.4038.5.1,14.31806,46.62556,PM10,AT
Austria,SPO.02.KA21.4038.5.1,14.31806,46.62556,PM10,AT
Austria,SPO.02.KA21.4038.5.1,14.31806,46.62556,PM10,AT
Austria,SPO.02.KA21.55367.6001.1,14.31806,46.62556,PM2.5,AT
Austria,SPO.02.KA21.55367.6001.1,14.31806,46.62556,PM2.5,AT
Austria,SPO.02.KA21.55367.6001.1,14.31806,46.62556,PM2.5,AT
Austria,SPO.02.KA21.55784.5.1,14.31806,46.62556,PM10,AT
Austria,SPO.02.KA21.55784.5.1,14.31806,46.62556,PM10,AT
Austria,SPO.02.KA21.55784.5.1,14.31806,46.62556,PM10,AT
Austria,SPO.02.KA21.55784.5.1,14.31806,46.62556,PM10,AT
Austria,SPO.02.KA21.55784.5.1,14.31806,46.62556,PM10,AT
Austria,SPO.02.KA21.55784.5.1,14.31806,46.62556,PM10,AT
Austria,SPO.02.KA21.55784.5.1,14.31806,46.62556,PM10,AT
Austria,SPO.02.KA21.55784.5.1,14.31806,46.62556,PM10,AT
Austria,SPO.02.KA21.64523.6001.1,14.31806,46.62556,PM2.5,AT
Austria,SPO.02.KA21.64523.6001.1,14.31806,46.62556,PM2.5,AT
Austria,SPO.02.KA21.64523.6001.1,14.31806,46.62556,PM2.5,AT
Austria,SPO.02.KA21.64523.6001.1,14.31806,46.62556,PM2.5,AT
Austria,SPO.02.KA21.64523.6001.1,14.31806,46.62556,PM2.5,AT
Austria,SPO.02.KA21.64523.6001.1,14.31806,46.62556,PM2.5,AT
Austria,SPO.02.KA21.64523.6001.1,14.31806,46.62556,PM2.5,AT
Austria,SPO.02.KA21.64523.6001.1,14.31806,46.62556,PM2.5,AT
Austria,SPO.02.KA21.64523.6001.1,14.31806,46.62556,PM2.5,AT
Austria,SPO.02.KA71.64336.5.1,14.29914,46.62662,PM10,AT
Austria,SPO.02.KA71.64336.5.1,14.29914,46.62662,PM10,AT
Austria,SPO.02.KA71.64336.5.1,14.29914,46.62662,PM10,AT
Austria,SPO.02.KA71.64336.5.1,14.29914,46.62662,PM10,AT
Austria,SPO.02.KA71.64336.5.1,14.29914,46.62662,PM10,AT
Austria,SPO.02.KA71.64336.5.1,14.29914,46.62662,PM10,AT
Austria,SPO.02.KA71.64336.5.1,14.29914,46.62662,PM10,AT
Austria,SPO.02.KA71.64336.5.1,14.29914,46.62662,PM10,AT
Austria,SPO.02.KA71.64336.5.1,14.29914,46.62662,PM10,AT
Austria,SPO.02.KA71.64336.5.1,14.29914,46.62662,PM10,AT
Austria,SPO.02.KA71.64339.6001.1,14.29914,46.62662,PM2.5,AT
Austria,SPO.02.KA71.64339.6001.1,14.29914,46.62662,PM2.5,AT
Austria,SPO.02.KA71.64339.6001.1,14.29914,46.62662,PM2.5,AT
Austria,SPO.02.KA71.64339.6001.1,14.29914,46.62662,PM2.5,AT
Austria,SPO.02.KA71.64340.5.1,14.29914,46.62662,PM10,AT
Austria,SPO.02.KA71.64340.5.1,14.29914,46.62662,PM10,AT
Austria,SPO.02.KA71.64340.5.1,14.29914,46.62662,PM10,AT
Austria,SPO.02.KA71.64585.6001.1,14.29914,46.62662,PM2.5,AT
Austria,SPO.02.KA71.64585.6001.1,14.29914,46.62662,PM2.5,AT
Austria,SPO.02.KA71.64585.6001.1,14.29914,46.62662,PM2.5,AT
Austria,SPO.02.KA71.64585.6001.1,14.29914,46.62662,PM2.5,AT
Austria,SPO.02.KA71.64585.6001.1,14.29914,46.62662,PM2.5,AT
Austria,SPO.02.KA71.64585.6001.1,14.29914,46.62662,PM2.5,AT
Austria,SPO.02.KA71.64585.6001.1,14.29914,46.62662,PM2.5,AT
Austria,SPO.02.KA71.64585.6001.1,14.29914,46.62662,PM2.5,AT
Austria,SPO.02.KA71.64585.6001.1,14.29914,46.62662,PM2.5,AT
Austria,SPO.02.KA71.64585.6001.1,14.29914,46.62662,PM2.5,AT
Austria,SPO.02.M121.56344.5.1,13.70345,46.55840,PM10,AT
Austria,SPO.02.M121.56344.5.1,13.70345,46.55840,PM10,AT
Austria,SPO.02.M121.56344.5.1,13.70345,46.55840,PM10,AT
Austria,SPO.02.M121.56344.5.1,13.70345,46.55840,PM10,AT
Austria,SPO.02.M121.56344.5.1,13.70345,46.55840,PM10,AT
Austria,SPO.02.M121.56344.5.1,13.70345,46.55840,PM10,AT
Austria,SPO.02.M121.56344.5.1,13.70345,46.55840,PM10,AT
Austria,SPO.02.M121.56344.5.1,13.70345,46.55840,PM10,AT
Austria,SPO.02.M226.57832.5.1,14.39826,46.61011,PM10,AT
Austria,SPO.02.M226.57832.5.1,14.39826,46.61011,PM10,AT
Austria,SPO.02.M226.57832.5.1,14.39826,46.61011,PM10,AT
Austria,SPO.02.M226.63502.5.1,14.39826,46.61011,PM10,AT
Austria,SPO.02.M226.63502.5.1,14.39826,46.61011,PM10,AT
Austria,SPO.02.M226.63502.5.1,14.39826,46.61011,PM10,AT
Austria,SPO.02.M226.63502.5.1,14.39826,46.61011,PM10,AT
Austria,SPO.02.M226.63502.5.1,14.39826,46.61011,PM10,AT
Austria,SPO.02.M226.63502.5.1,14.39826,46.61011,PM10,AT
Austria,SPO.02.M226.63502.5.1,14.39826,46.61011,PM10,AT
Austria,SPO.02.M226.63502.5.1,14.39826,46.61011,PM10,AT
Austria,SPO.02.SP10.56346.5.1,13.19453,46.93500,PM10,AT
Austria,SPO.02.SP10.56346.5.1,13.19453,46.93500,PM10,AT
Austria,SPO.02.SP10.56346.5.1,13.19453,46.93500,PM10,AT
Austria,SPO.02.SP10.56346.5.1,13.19453,46.93500,PM10,AT
Austria,SPO.02.SP10.56346.5.1,13.19453,46.93500,PM10,AT
Austria,SPO.02.SP10.56346.5.1,13.19453,46.93500,PM10,AT
Austria,SPO.02.SP10.56346.5.1,13.19453,46.93500,PM10,AT
Austria,SPO.02.SP10.56346.5.1,13.19453,46.93500,PM10,AT
Austria,SPO.02.SP18.56350.5.1,13.49389,46.80139,PM10,AT
Austria,SPO.02.SP18.56350.5.1,13.49389,46.80139,PM10,AT
Austria,SPO.02.SP18.56350.5.1,13.49389,46.80139,PM10,AT
Austria,SPO.02.SP18.56350.5.1,13.49389,46.80139,PM10,AT
Austria,SPO.02.SP18.56350.5.1,13.49389,46.80139,PM10,AT
Austria,SPO.02.SP18.56350.5.1,13.49389,46.80139,PM10,AT
Austria,SPO.02.SP18.56350.5.1,13.49389,46.80139,PM10,AT
Austria,SPO.02.SP18.56350.5.1,13.49389,46.80139,PM10,AT
Austria,SPO.02.SV24.60228.5.1,14.36583,46.77111,PM10,AT
Austria,SPO.02.SV24.60228.5.1,14.36583,46.77111,PM10,AT
Austria,SPO.02.SV24.60228.5.1,14.36583,46.77111,PM10,AT
Austria,SPO.02.VI12.4672.5.1,13.84139,46.61250,PM10,AT
Austria,SPO.02.VI12.4672.5.1,13.84139,46.61250,PM10,AT
Austria,SPO.02.VI12.4672.5.1,13.84139,46.61250,PM10,AT
Austria,SPO.02.VI12.4672.5.1,13.84139,46.61250,PM10,AT
Austria,SPO.02.VI12.4672.5.1,13.84139,46.61250,PM10,AT
Austria,SPO.02.VI12.55831.5.1,13.84139,46.61250,PM10,AT
Austria,SPO.02.VI12.55831.5.1,13.84139,46.61250,PM10,AT
Austria,SPO.02.VI12.55831.5.1,13.84139,46.61250,PM10,AT
Austria,SPO.02.VI12.55831.5.1,13.84139,46.61250,PM10,AT
Austria,SPO.02.VI12.55831.5.1,13.84139,46.61250,PM10,AT
Austria,SPO.02.VI12.55831.5.1,13.84139,46.61250,PM10,AT
Austria,SPO.02.VI12.55831.5.1,13.84139,46.61250,PM10,AT
Austria,SPO.02.VI12.55831.5.1,13.84139,46.61250,PM10,AT
Austria,SPO.02.WO15.55393.5.1,14.84346,46.83498,PM10,AT
Austria,SPO.02.WO15.55393.5.1,14.84346,46.83498,PM10,AT
Austria,SPO.02.WO15.55393.5.1,14.84346,46.83498,PM10,AT
Austria,SPO.02.WO15.55393.5.1,14.84346,46.83498,PM10,AT
Austria,SPO.02.WO15.55830.5.1,14.84346,46.83498,PM10,AT
Austria,SPO.02.WO15.55830.5.1,14.84346,46.83498,PM10,AT
Austria,SPO.02.WO15.55830.5.1,14.84346,46.83498,PM10,AT
Austria,SPO.02.WO15.55830.5.1,14.84346,46.83498,PM10,AT
Austria,SPO.02.WO15.55830.5.1,14.84346,46.83498,PM10,AT
Austria,SPO.02.WO15.55830.5.1,14.84346,46.83498,PM10,AT
Austria,SPO.02.WO15.55830.5.1,14.84346,46.83498,PM10,AT
Austria,SPO.02.WO15.55830.5.1,14.84346,46.83498,PM10,AT
Austria,SPO.02.WO15.64586.6001.1,14.84346,46.83498,PM2.5,AT
Austria,SPO.02.WO15.64586.6001.1,14.84346,46.83498,PM2.5,AT
Austria,SPO.02.WO15.64586.6001.1,14.84346,46.83498,PM2.5,AT
Austria,SPO.02.WO15.64586.6001.1,14.84346,46.83498,PM2.5,AT
Austria,SPO.02.WO15.64586.6001.1,14.84346,46.83498,PM2.5,AT
Austria,SPO.02.WO15.64586.6001.1,14.84346,46.83498,PM2.5,AT
Austria,SPO.02.WO15.64586.6001.1,14.84346,46.83498,PM2.5,AT
Austria,SPO.02.WO15.64586.6001.1,14.84346,46.83498,PM2.5,AT
Austria,SPO.02.WO15.64586.6001.1,14.84346,46.83498,PM2.5,AT
Austria,SPO.02.WO15.64586.6001.1,14.84346,46.83498,PM2.5,AT
Austria,SPO.02.WO25.56348.5.1,14.82222,46.76389,PM10,AT
Austria,SPO.02.WO25.56348.5.1,14.82222,46.76389,PM10,AT
Austria,SPO.02.WO25.56348.5.1,14.82222,46.76389,PM10,AT
Austria,SPO.02.WO25.56348.5.1,14.82222,46.76389,PM10,AT
Austria,SPO.02.WO25.56348.5.1,14.82222,46.76389,PM10,AT
Austria,SPO.02.WO25.56348.5.1,14.82222,46.76389,PM10,AT
Austria,SPO.02.WO35.56345.5.1,14.89167,46.70833,PM10,AT
Austria,SPO.02.WO35.56345.5.1,14.89167,46.70833,PM10,AT
Austria,SPO.02.WO35.56345.5.1,14.89167,46.70833,PM10,AT
Austria,SPO.02.WO35.56345.5.1,14.89167,46.70833,PM10,AT
Austria,SPO.02.WO35.56345.5.1,14.89167,46.70833,PM10,AT
Austria,SPO.02.WO35.56345.5.1,14.89167,46.70833,PM10,AT
Austria,SPO.02.WO35.56345.5.1,14.89167,46.70833,PM10,AT
Austria,SPO.02.WO35.56345.5.1,14.89167,46.70833,PM10,AT
Austria,SPO.03.0065.5088.5.1,16.14340,48.19550,PM10,AT
Austria,SPO.03.0065.5088.5.1,16.14340,48.19550,PM10,AT
Austria,SPO.03.0065.5088.5.1,16.14340,48.19550,PM10,AT
Austria,SPO.03.0101.4885.5.1,14.87880,48.11990,PM10,AT
Austria,SPO.03.0101.4885.5.1,14.87880,48.11990,PM10,AT
Austria,SPO.03.0101.4885.5.1,14.87880,48.11990,PM10,AT
Austria,SPO.03.0101.4885.5.1,14.87880,48.11990,PM10,AT
Austria,SPO.03.0101.4885.5.1,14.87880,48.11990,PM10,AT
Austria,SPO.03.0101.4885.5.1,14.87880,48.11990,PM10,AT
Austria,SPO.03.0101.4885.5.1,14.87880,48.11990,PM10,AT
Austria,SPO.03.0101.4885.5.1,14.87880,48.11990,PM10,AT
Austria,SPO.03.0101.4885.5.1,14.87880,48.11990,PM10,AT
Austria,SPO.03.0101.4885.5.1,14.87880,48.11990,PM10,AT
Austria,SPO.03.0101.4885.5.1,14.87880,48.11990,PM10,AT
Austria,SPO.03.0101.4885.5.1,14.87880,48.11990,PM10,AT
Austria,SPO.03.0101.4885.5.1,14.87880,48.11990,PM10,AT
Austria,SPO.03.0101.4885.5.1,14.87880,48.11990,PM10,AT
Austria,SPO.03.0101.4885.5.1,14.87880,48.11990,PM10,AT
Austria,SPO.03.0101.4885.5.1,14.87880,48.11990,PM10,AT
Austria,SPO.03.0101.4885.5.1,14.87880,48.11990,PM10,AT
Austria,SPO.03.0101.67767.6001.1,14.87880,48.11990,PM2.5,AT
Austria,SPO.03.0101.67767.6001.1,14.87880,48.11990,PM2.5,AT
Austria,SPO.03.0101.67767.6001.1,14.87880,48.11990,PM2.5,AT
Austria,SPO.03.0101.67767.6001.1,14.87880,48.11990,PM2.5,AT
Austria,SPO.03.0101.67767.6001.1,14.87880,48.11990,PM2.5,AT
Austria,SPO.03.0104.57420.5.1,14.51954,48.19234,PM10,AT
Austria,SPO.03.0104.57420.5.1,14.51954,48.19234,PM10,AT
Austria,SPO.03.0104.57420.5.1,14.51954,48.19234,PM10,AT
Austria,SPO.03.0104.57420.5.1,14.51954,48.19234,PM10,AT
Austria,SPO.03.0104.57420.5.1,14.51954,48.19234,PM10,AT
Austria,SPO.03.0104.57420.5.1,14.51954,48.19234,PM10,AT
Austria,SPO.03.0104.57420.5.1,14.51954,48.19234,PM10,AT
Austria,SPO.03.0104.57420.5.1,14.51954,48.19234,PM10,AT
Austria,SPO.03.0104.65867.6001.1,14.51954,48.19234,PM2.5,AT
Austria,SPO.03.0104.65867.6001.1,14.51954,48.19234,PM2.5,AT
Austria,SPO.03.0104.65867.6001.1,14.51954,48.19234,PM2.5,AT
Austria,SPO.03.0104.65867.6001.1,14.51954,48.19234,PM2.5,AT
Austria,SPO.03.0104.65867.6001.1,14.51954,48.19234,PM2.5,AT
Austria,SPO.03.0104.65867.6001.1,14.51954,48.19234,PM2.5,AT
Austria,SPO.03.0104.65867.6001.1,14.51954,48.19234,PM2.5,AT
Austria,SPO.03.0104.65867.6001.1,14.51954,48.19234,PM2.5,AT
Austria,SPO.03.0104.65867.6001.1,14.51954,48.19234,PM2.5,AT
Austria,SPO.03.0104.65867.6001.1,14.51954,48.19234,PM2.5,AT
Austria,SPO.03.0104.65867.6001.1,14.51954,48.19234,PM2.5,AT
Austria,SPO.03.0104.65867.6001.1,14.51954,48.19234,PM2.5,AT
Austria,SPO.03.0201.63471.5.1,16.20573,47.95920,PM10,AT
Austria,SPO.03.0201.63471.5.1,16.20573,47.95920,PM10,AT
Austria,SPO.03.0201.63471.5.1,16.20573,47.95920,PM10,AT
Austria,SPO.03.0201.63471.5.1,16.20573,47.95920,PM10,AT
Austria,SPO.03.0201.63471.5.1,16.20573,47.95920,PM10,AT
Austria,SPO.03.0201.63471.5.1,16.20573,47.95920,PM10,AT
Austria,SPO.03.0201.63471.5.1,16.20573,47.95920,PM10,AT
Austria,SPO.03.0201.63471.5.1,16.20573,47.95920,PM10,AT
Austria,SPO.03.0201.63471.5.1,16.20573,47.95920,PM10,AT
Austria,SPO.03.0201.63471.5.1,16.20573,47.95920,PM10,AT
Austria,SPO.03.0201.63471.5.1,16.20573,47.95920,PM10,AT
Austria,SPO.03.0201.63471.5.1,16.20573,47.95920,PM10,AT
Austria,SPO.03.0201.67768.6001.1,16.20573,47.95920,PM2.5,AT
Austria,SPO.03.0201.67768.6001.1,16.20573,47.95920,PM2.5,AT
Austria,SPO.03.0201.67768.6001.1,16.20573,47.95920,PM2.5,AT
Austria,SPO.03.0201.67768.6001.1,16.20573,47.95920,PM2.5,AT
Austria,SPO.03.0201.67768.6001.1,16.20573,47.95920,PM2.5,AT
Austria,SPO.03.0202.4754.5.1,15.91890,48.10510,PM10,AT
Austria,SPO.03.0202.4754.5.1,15.91890,48.10510,PM10,AT
Austria,SPO.03.0301.4886.5.1,16.95787,48.14420,PM10,AT
Austria,SPO.03.0301.4886.5.1,16.95787,48.14420,PM10,AT
Austria,SPO.03.0301.4886.5.1,16.95787,48.14420,PM10,AT
Austria,SPO.03.0301.4886.5.1,16.95787,48.14420,PM10,AT
Austria,SPO.03.0301.4886.5.1,16.95787,48.14420,PM10,AT
Austria,SPO.03.0301.4886.5.1,16.95787,48.14420,PM10,AT
Austria,SPO.03.0301.4886.5.1,16.95787,48.14420,PM10,AT
Austria,SPO.03.0301.4886.5.1,16.95787,48.14420,PM10,AT
Austria,SPO.03.0301.4886.5.1,16.95787,48.14420,PM10,AT
Austria,SPO.03.0301.4886.5.1,16.95787,48.14420,PM10,AT
Austria,SPO.03.0301.4886.5.1,16.95787,48.14420,PM10,AT
Austria,SPO.03.0301.4886.5.1,16.95787,48.14420,PM10,AT
Austria,SPO.03.0301.4886.5.1,16.95787,48.14420,PM10,AT
Austria,SPO.03.0301.4886.5.1,16.95787,48.14420,PM10,AT
Austria,SPO.03.0301.4886.5.1,16.95787,48.14420,PM10,AT
Austria,SPO.03.0301.67770.6001.1,16.95787,48.14420,PM2.5,AT
Austria,SPO.03.0301.67770.6001.1,16.95787,48.14420,PM2.5,AT
Austria,SPO.03.0301.67770.6001.1,16.95787,48.14420,PM2.5,AT
Austria,SPO.03.0301.67770.6001.1,16.95787,48.14420,PM2.5,AT
Austria,SPO.03.0301.67770.6001.1,16.95787,48.14420,PM2.5,AT
Austria,SPO.03.0302.4757.5.1,16.67529,48.05004,PM10,AT
Austria,SPO.03.0302.4757.5.1,16.67529,48.05004,PM10,AT
Austria,SPO.03.0302.4757.5.1,16.67529,48.05004,PM10,AT
Austria,SPO.03.0302.4757.5.1,16.67529,48.05004,PM10,AT
Austria,SPO.03.0302.4757.5.1,16.67529,48.05004,PM10,AT
Austria,SPO.03.0302.4757.5.1,16.67529,48.05004,PM10,AT
Austria,SPO.03.0302.4757.5.1,16.67529,48.05004,PM10,AT
Austria,SPO.03.0302.4757.5.1,16.67529,48.05004,PM10,AT
Austria,SPO.03.0302.4757.5.1,16.67529,48.05004,PM10,AT
Austria,SPO.03.0302.4757.5.1,16.67529,48.05004,PM10,AT
Austria,SPO.03.0302.4757.5.1,16.67529,48.05004,PM10,AT
Austria,SPO.03.0302.4757.5.1,16.67529,48.05004,PM10,AT
Austria,SPO.03.0302.4757.5.1,16.67529,48.05004,PM10,AT
Austria,SPO.03.0302.4757.5.1,16.67529,48.05004,PM10,AT
Austria,SPO.03.0302.4757.5.1,16.67529,48.05004,PM10,AT
Austria,SPO.03.0302.4757.5.1,16.67529,48.05004,PM10,AT
Austria,SPO.03.0401.63472.5.1,16.72945,48.33472,PM10,AT
Austria,SPO.03.0401.63472.5.1,16.72945,48.33472,PM10,AT
Austria,SPO.03.0401.63472.5.1,16.72945,48.33472,PM10,AT
Austria,SPO.03.0401.63472.5.1,16.72945,48.33472,PM10,AT
Austria,SPO.03.0401.63472.5.1,16.72945,48.33472,PM10,AT
Austria,SPO.03.0401.63472.5.1,16.72945,48.33472,PM10,AT
Austria,SPO.03.0401.63472.5.1,16.72945,48.33472,PM10,AT
Austria,SPO.03.0401.63472.5.1,16.72945,48.33472,PM10,AT
Austria,SPO.03.0401.63472.5.1,16.72945,48.33472,PM10,AT
Austria,SPO.03.0401.63472.5.1,16.72945,48.33472,PM10,AT
Austria,SPO.03.0401.63472.5.1,16.72945,48.33472,PM10,AT
Austria,SPO.03.0401.63472.5.1,16.72945,48.33472,PM10,AT
Austria,SPO.03.0401.68432.6001.1,16.72945,48.33472,PM2.5,AT
Austria,SPO.03.0401.68432.6001.1,16.72945,48.33472,PM2.5,AT
Austria,SPO.03.0407.55181.5.1,16.63630,48.23070,PM10,AT
Austria,SPO.03.0407.55181.5.1,16.63630,48.23070,PM10,AT
Austria,SPO.03.0407.55181.5.1,16.63630,48.23070,PM10,AT
Austria,SPO.03.0407.55181.5.1,16.63630,48.23070,PM10,AT
Austria,SPO.03.0407.55181.5.1,16.63630,48.23070,PM10,AT
Austria,SPO.03.0407.55181.5.1,16.63630,48.23070,PM10,AT
Austria,SPO.03.0407.55181.5.1,16.63630,48.23070,PM10,AT
Austria,SPO.03.0407.55181.5.1,16.63630,48.23070,PM10,AT
Austria,SPO.03.0407.65866.6001.1,16.63630,48.23070,PM2.5,AT
Austria,SPO.03.0407.65866.6001.1,16.63630,48.23070,PM2.5,AT
Austria,SPO.03.0407.65866.6001.1,16.63630,48.23070,PM2.5,AT
Austria,SPO.03.0407.65866.6001.1,16.63630,48.23070,PM2.5,AT
Austria,SPO.03.0407.65866.6001.1,16.63630,48.23070,PM2.5,AT
Austria,SPO.03.0407.65866.6001.1,16.63630,48.23070,PM2.5,AT
Austria,SPO.03.0407.65866.6001.1,16.63630,48.23070,PM2.5,AT
Austria,SPO.03.0407.65866.6001.1,16.63630,48.23070,PM2.5,AT
Austria,SPO.03.0407.65866.6001.1,16.63630,48.23070,PM2.5,AT
Austria,SPO.03.0407.65866.6001.1,16.63630,48.23070,PM2.5,AT
Austria,SPO.03.0407.65866.6001.1,16.63630,48.23070,PM2.5,AT
Austria,SPO.03.0502.4887.5.1,15.04667,48.87861,PM10,AT
Austria,SPO.03.0502.4887.5.1,15.04667,48.87861,PM10,AT
Austria,SPO.03.0502.4887.5.1,15.04667,48.87861,PM10,AT
Austria,SPO.03.0502.4887.5.1,15.04667,48.87861,PM10,AT
Austria,SPO.03.0502.4887.5.1,15.04667,48.87861,PM10,AT
Austria,SPO.03.0502.4887.5.1,15.04667,48.87861,PM10,AT
Austria,SPO.03.0502.4887.5.1,15.04667,48.87861,PM10,AT
Austria,SPO.03.0502.4887.5.1,15.04667,48.87861,PM10,AT
Austria,SPO.03.0502.4887.5.1,15.04667,48.87861,PM10,AT
Austria,SPO.03.0502.4887.5.1,15.04667,48.87861,PM10,AT
Austria,SPO.03.0502.4887.5.1,15.04667,48.87861,PM10,AT
Austria,SPO.03.0502.4887.5.1,15.04667,48.87861,PM10,AT
Austria,SPO.03.0502.4887.5.1,15.04667,48.87861,PM10,AT
Austria,SPO.03.0502.4887.5.1,15.04667,48.87861,PM10,AT
Austria,SPO.03.0502.4887.5.1,15.04667,48.87861,PM10,AT
Austria,SPO.03.0502.68433.6001.1,15.04667,48.87861,PM2.5,AT
Austria,SPO.03.0502.68433.6001.1,15.04667,48.87861,PM2.5,AT
Austria,SPO.03.0599.56151.5.1,16.32794,48.30822,PM10,AT
Austria,SPO.03.0599.56151.5.1,16.32794,48.30822,PM10,AT
Austria,SPO.03.0599.56151.5.1,16.32794,48.30822,PM10,AT
Austria,SPO.03.0599.56151.5.1,16.32794,48.30822,PM10,AT
Austria,SPO.03.0599.56151.5.1,16.32794,48.30822,PM10,AT
Austria,SPO.03.0599.56151.5.1,16.32794,48.30822,PM10,AT
Austria,SPO.03.0599.56151.5.1,16.32794,48.30822,PM10,AT
Austria,SPO.03.0599.56151.5.1,16.32794,48.30822,PM10,AT
Austria,SPO.03.0599.56151.5.1,16.32794,48.30822,PM10,AT
Austria,SPO.03.0599.56151.5.1,16.32794,48.30822,PM10,AT
Austria,SPO.03.0599.56151.5.1,16.32794,48.30822,PM10,AT
Austria,SPO.03.0599.56151.5.1,16.32794,48.30822,PM10,AT
Austria,SPO.03.0599.56151.5.1,16.32794,48.30822,PM10,AT
Austria,SPO.03.0599.56151.5.1,16.32794,48.30822,PM10,AT
Austria,SPO.03.0599.67771.6001.1,16.32794,48.30822,PM2.5,AT
Austria,SPO.03.0599.67771.6001.1,16.32794,48.30822,PM2.5,AT
Austria,SPO.03.0599.67771.6001.1,16.32794,48.30822,PM2.5,AT
Austria,SPO.03.0599.67771.6001.1,16.32794,48.30822,PM2.5,AT
Austria,SPO.03.0603.5038.5.1,16.43110,48.08570,PM10,AT
Austria,SPO.03.0603.5038.5.1,16.43110,48.08570,PM10,AT
Austria,SPO.03.0603.5038.5.1,16.43110,48.08570,PM10,AT
Austria,SPO.03.0603.5038.5.1,16.43110,48.08570,PM10,AT
Austria,SPO.03.0603.5038.5.1,16.43110,48.08570,PM10,AT
Austria,SPO.03.0603.5038.5.1,16.43110,48.08570,PM10,AT
Austria,SPO.03.0603.5038.5.1,16.43110,48.08570,PM10,AT
Austria,SPO.03.0603.5038.5.1,16.43110,48.08570,PM10,AT
Austria,SPO.03.0603.5038.5.1,16.43110,48.08570,PM10,AT
Austria,SPO.03.0603.5038.5.1,16.43110,48.08570,PM10,AT
Austria,SPO.03.0603.5038.5.1,16.43110,48.08570,PM10,AT
Austria,SPO.03.0603.5038.5.1,16.43110,48.08570,PM10,AT
Austria,SPO.03.0603.5038.5.1,16.43110,48.08570,PM10,AT
Austria,SPO.03.0603.5038.5.1,16.43110,48.08570,PM10,AT
Austria,SPO.03.0603.5038.5.1,16.43110,48.08570,PM10,AT
Austria,SPO.03.0701.63475.5.1,15.94185,48.52832,PM10,AT
Austria,SPO.03.0701.63475.5.1,15.94185,48.52832,PM10,AT
Austria,SPO.03.0701.63475.5.1,15.94185,48.52832,PM10,AT
Austria,SPO.03.0701.63475.5.1,15.94185,48.52832,PM10,AT
Austria,SPO.03.0701.63475.5.1,15.94185,48.52832,PM10,AT
Austria,SPO.03.0701.63475.5.1,15.94185,48.52832,PM10,AT
Austria,SPO.03.0701.63475.5.1,15.94185,48.52832,PM10,AT
Austria,SPO.03.0701.63475.5.1,15.94185,48.52832,PM10,AT
Austria,SPO.03.0701.63475.5.1,15.94185,48.52832,PM10,AT
Austria,SPO.03.0701.63475.5.1,15.94185,48.52832,PM10,AT
Austria,SPO.03.0701.63475.5.1,15.94185,48.52832,PM10,AT
Austria,SPO.03.0701.63475.5.1,15.94185,48.52832,PM10,AT
Austria,SPO.03.0701.68664.6001.1,15.94185,48.52832,PM2.5,AT
Austria,SPO.03.0902.5039.5.1,16.18222,48.38528,PM10,AT
Austria,SPO.03.0902.5039.5.1,16.18222,48.38528,PM10,AT
Austria,SPO.03.0902.5039.5.1,16.18222,48.38528,PM10,AT
Austria,SPO.03.0902.5039.5.1,16.18222,48.38528,PM10,AT
Austria,SPO.03.0902.5039.5.1,16.18222,48.38528,PM10,AT
Austria,SPO.03.0902.5039.5.1,16.18222,48.38528,PM10,AT
Austria,SPO.03.0902.5039.5.1,16.18222,48.38528,PM10,AT
Austria,SPO.03.0902.5039.5.1,16.18222,48.38528,PM10,AT
Austria,SPO.03.0902.5039.5.1,16.18222,48.38528,PM10,AT
Austria,SPO.03.0902.5039.5.1,16.18222,48.38528,PM10,AT
Austria,SPO.03.0902.5039.5.1,16.18222,48.38528,PM10,AT
Austria,SPO.03.0902.5039.5.1,16.18222,48.38528,PM10,AT
Austria,SPO.03.0902.5039.5.1,16.18222,48.38528,PM10,AT
Austria,SPO.03.0902.5039.5.1,16.18222,48.38528,PM10,AT
Austria,SPO.03.1204.5932.5.1,15.20500,48.21275,PM10,AT
Austria,SPO.03.1301.4888.5.1,16.57880,48.57832,PM10,AT
Austria,SPO.03.1301.4888.5.1,16.57880,48.57832,PM10,AT
Austria,SPO.03.1301.4888.5.1,16.57880,48.57832,PM10,AT
Austria,SPO.03.1301.4888.5.1,16.57880,48.57832,PM10,AT
Austria,SPO.03.1301.4888.5.1,16.57880,48.57832,PM10,AT
Austria,SPO.03.1301.4888.5.1,16.57880,48.57832,PM10,AT
Austria,SPO.03.1301.4888.5.1,16.57880,48.57832,PM10,AT
Austria,SPO.03.1301.4888.5.1,16.57880,48.57832,PM10,AT
Austria,SPO.03.1301.4888.5.1,16.57880,48.57832,PM10,AT
Austria,SPO.03.1301.4888.5.1,16.57880,48.57832,PM10,AT
Austria,SPO.03.1301.4888.5.1,16.57880,48.57832,PM10,AT
Austria,SPO.03.1301.4888.5.1,16.57880,48.57832,PM10,AT
Austria,SPO.03.1301.4888.5.1,16.57880,48.57832,PM10,AT
Austria,SPO.03.1301.4888.5.1,16.57880,48.57832,PM10,AT
Austria,SPO.03.1301.4888.5.1,16.57880,48.57832,PM10,AT
Austria,SPO.03.1301.4888.5.1,16.57880,48.57832,PM10,AT
Austria,SPO.03.1301.67889.6001.1,16.57880,48.57832,PM2.5,AT
Austria,SPO.03.1301.67889.6001.1,16.57880,48.57832,PM2.5,AT
Austria,SPO.03.1301.67889.6001.1,16.57880,48.57832,PM2.5,AT
Austria,SPO.03.1301.67889.6001.1,16.57880,48.57832,PM2.5,AT
Austria,SPO.03.1401.4889.5.1,16.30222,48.08611,PM10,AT
Austria,SPO.03.1401.4889.5.1,16.30222,48.08611,PM10,AT
Austria,SPO.03.1401.4889.5.1,16.30222,48.08611,PM10,AT
Austria,SPO.03.1401.4889.5.1,16.30222,48.08611,PM10,AT
Austria,SPO.03.1401.4889.5.1,16.30222,48.08611,PM10,AT
Austria,SPO.03.1401.4889.5.1,16.30222,48.08611,PM10,AT
Austria,SPO.03.1401.4889.5.1,16.30222,48.08611,PM10,AT
Austria,SPO.03.1401.4889.5.1,16.30222,48.08611,PM10,AT
Austria,SPO.03.1401.4889.5.1,16.30222,48.08611,PM10,AT
Austria,SPO.03.1401.4889.5.1,16.30222,48.08611,PM10,AT
Austria,SPO.03.1401.4889.5.1,16.30222,48.08611,PM10,AT
Austria,SPO.03.1401.4889.5.1,16.30222,48.08611,PM10,AT
Austria,SPO.03.1401.4889.5.1,16.30222,48.08611,PM10,AT
Austria,SPO.03.1401.4889.5.1,16.30222,48.08611,PM10,AT
Austria,SPO.03.1401.4889.5.1,16.30222,48.08611,PM10,AT
Austria,SPO.03.1401.4889.5.1,16.30222,48.08611,PM10,AT
Austria,SPO.03.1401.67891.6001.1,16.30222,48.08611,PM2.5,AT
Austria,SPO.03.1401.67891.6001.1,16.30222,48.08611,PM2.5,AT
Austria,SPO.03.1401.67891.6001.1,16.30222,48.08611,PM2.5,AT
Austria,SPO.03.1401.67891.6001.1,16.30222,48.08611,PM2.5,AT
Austria,SPO.03.1402.4758.5.1,16.33145,48.12474,PM10,AT
Austria,SPO.03.1402.4758.5.1,16.33145,48.12474,PM10,AT
Austria,SPO.03.1402.4758.5.1,16.33145,48.12474,PM10,AT
Austria,SPO.03.1406.5981.5.1,16.33722,48.08333,PM10,AT
Austria,SPO.03.1406.5981.5.1,16.33722,48.08333,PM10,AT
Austria,SPO.03.1406.5981.5.1,16.33722,48.08333,PM10,AT
Austria,SPO.03.1406.5981.5.1,16.33722,48.08333,PM10,AT
Austria,SPO.03.1406.5981.5.1,16.33722,48.08333,PM10,AT
Austria,SPO.03.1406.5981.5.1,16.33722,48.08333,PM10,AT
Austria,SPO.03.1406.5981.5.1,16.33722,48.08333,PM10,AT
Austria,SPO.03.1406.5981.5.1,16.33722,48.08333,PM10,AT
Austria,SPO.03.1406.5981.5.1,16.33722,48.08333,PM10,AT
Austria,SPO.03.1406.5981.5.1,16.33722,48.08333,PM10,AT
Austria,SPO.03.1406.5981.5.1,16.33722,48.08333,PM10,AT
Austria,SPO.03.1406.5981.5.1,16.33722,48.08333,PM10,AT
Austria,SPO.03.1406.5981.5.1,16.33722,48.08333,PM10,AT
Austria,SPO.03.1406.68665.6001.1,16.33722,48.08333,PM2.5,AT
Austria,SPO.03.1413.63458.5.1,16.32900,48.08430,PM10,AT
Austria,SPO.03.1413.63458.5.1,16.32900,48.08430,PM10,AT
Austria,SPO.03.1413.63458.5.1,16.32900,48.08430,PM10,AT
Austria,SPO.03.1413.63458.5.1,16.32900,48.08430,PM10,AT
Austria,SPO.03.1413.63458.5.1,16.32900,48.08430,PM10,AT
Austria,SPO.03.1413.63458.5.1,16.32900,48.08430,PM10,AT
Austria,SPO.03.1413.63458.5.1,16.32900,48.08430,PM10,AT
Austria,SPO.03.1413.63458.5.1,16.32900,48.08430,PM10,AT
Austria,SPO.03.1413.63458.5.1,16.32900,48.08430,PM10,AT
Austria,SPO.03.1413.63458.5.1,16.32900,48.08430,PM10,AT
Austria,SPO.03.1413.63458.5.1,16.32900,48.08430,PM10,AT
Austria,SPO.03.1413.63458.5.1,16.32900,48.08430,PM10,AT
Austria,SPO.03.1413.63458.5.1,16.32900,48.08430,PM10,AT
Austria,SPO.03.1413.63458.5.1,16.32900,48.08430,PM10,AT
Austria,SPO.03.1413.64561.6001.1,16.32900,48.08430,PM2.5,AT
Austria,SPO.03.1413.64561.6001.1,16.32900,48.08430,PM2.5,AT
Austria,SPO.03.1413.64561.6001.1,16.32900,48.08430,PM2.5,AT
Austria,SPO.03.1413.64561.6001.1,16.32900,48.08430,PM2.5,AT
Austria,SPO.03.1413.64561.6001.1,16.32900,48.08430,PM2.5,AT
Austria,SPO.03.1413.64561.6001.1,16.32900,48.08430,PM2.5,AT
Austria,SPO.03.1413.64561.6001.1,16.32900,48.08430,PM2.5,AT
Austria,SPO.03.1413.64561.6001.1,16.32900,48.08430,PM2.5,AT
Austria,SPO.03.1413.64561.6001.1,16.32900,48.08430,PM2.5,AT
Austria,SPO.03.1413.64561.6001.1,16.32900,48.08430,PM2.5,AT
Austria,SPO.03.1413.64561.6001.1,16.32900,48.08430,PM2.5,AT
Austria,SPO.03.1413.64561.6001.1,16.32900,48.08430,PM2.5,AT
Austria,SPO.03.1703.60134.5.1,15.74694,48.35333,PM10,AT
Austria,SPO.03.1703.60134.5.1,15.74694,48.35333,PM10,AT
Austria,SPO.03.1703.60134.5.1,15.74694,48.35333,PM10,AT
Austria,SPO.03.1703.60134.5.1,15.74694,48.35333,PM10,AT
Austria,SPO.03.1703.60134.5.1,15.74694,48.35333,PM10,AT
Austria,SPO.03.1703.60134.5.1,15.74694,48.35333,PM10,AT
Austria,SPO.03.1703.60134.5.1,15.74694,48.35333,PM10,AT
Austria,SPO.03.1703.60134.5.1,15.74694,48.35333,PM10,AT
Austria,SPO.03.1901.60140.5.1,16.06250,48.32945,PM10,AT
Austria,SPO.03.1901.60140.5.1,16.06250,48.32945,PM10,AT
Austria,SPO.03.1901.60140.5.1,16.06250,48.32945,PM10,AT
Austria,SPO.03.1901.60140.5.1,16.06250,48.32945,PM10,AT
Austria,SPO.03.1901.60140.5.1,16.06250,48.32945,PM10,AT
Austria,SPO.03.1901.60140.5.1,16.06250,48.32945,PM10,AT
Austria,SPO.03.1901.60140.5.1,16.06250,48.32945,PM10,AT
Austria,SPO.03.1901.60140.5.1,16.06250,48.32945,PM10,AT
Austria,SPO.03.1901.60140.5.1,16.06250,48.32945,PM10,AT
Austria,SPO.03.1901.60140.5.1,16.06250,48.32945,PM10,AT
Austria,SPO.03.1901.60140.5.1,16.06250,48.32945,PM10,AT
Austria,SPO.03.1901.60140.5.1,16.06250,48.32945,PM10,AT
Austria,SPO.03.1901.60140.5.1,16.06250,48.32945,PM10,AT
Austria,SPO.03.1901.68267.6001.1,16.06250,48.32945,PM2.5,AT
Austria,SPO.03.1901.68267.6001.1,16.06250,48.32945,PM2.5,AT
Austria,SPO.03.1901.68267.6001.1,16.06250,48.32945,PM2.5,AT
Austria,SPO.03.1902.60145.5.1,15.90706,48.34509,PM10,AT
Austria,SPO.03.1902.60145.5.1,15.90706,48.34509,PM10,AT
Austria,SPO.03.1902.60145.5.1,15.90706,48.34509,PM10,AT
Austria,SPO.03.1902.60145.5.1,15.90706,48.34509,PM10,AT
Austria,SPO.03.1902.60145.5.1,15.90706,48.34509,PM10,AT
Austria,SPO.03.1902.65868.6001.1,15.90706,48.34509,PM2.5,AT
Austria,SPO.03.1902.65868.6001.1,15.90706,48.34509,PM2.5,AT
Austria,SPO.03.1902.65868.6001.1,15.90706,48.34509,PM2.5,AT
Austria,SPO.03.1902.65868.6001.1,15.90706,48.34509,PM2.5,AT
Austria,SPO.03.1902.65868.6001.1,15.90706,48.34509,PM2.5,AT
Austria,SPO.03.1902.65868.6001.1,15.90706,48.34509,PM2.5,AT
Austria,SPO.03.1902.65868.6001.1,15.90706,48.34509,PM2.5,AT
Austria,SPO.03.1902.65868.6001.1,15.90706,48.34509,PM2.5,AT
Austria,SPO.03.1902.65868.6001.1,15.90706,48.34509,PM2.5,AT
Austria,SPO.03.1902.65868.6001.1,15.90706,48.34509,PM2.5,AT
Austria,SPO.03.1903.60137.5.1,15.85780,48.33097,PM10,AT
Austria,SPO.03.1903.60137.5.1,15.85780,48.33097,PM10,AT
Austria,SPO.03.1903.60137.5.1,15.85780,48.33097,PM10,AT
Austria,SPO.03.1903.60137.5.1,15.85780,48.33097,PM10,AT
Austria,SPO.03.1903.60137.5.1,15.85780,48.33097,PM10,AT
Austria,SPO.03.1903.60137.5.1,15.85780,48.33097,PM10,AT
Austria,SPO.03.1903.60137.5.1,15.85780,48.33097,PM10,AT
Austria,SPO.03.1903.60137.5.1,15.85780,48.33097,PM10,AT
Austria,SPO.03.1903.60137.5.1,15.85780,48.33097,PM10,AT
Austria,SPO.03.1903.60137.5.1,15.85780,48.33097,PM10,AT
Austria,SPO.03.1903.60137.5.1,15.85780,48.33097,PM10,AT
Austria,SPO.03.1903.60137.5.1,15.85780,48.33097,PM10,AT
Austria,SPO.03.1903.60137.5.1,15.85780,48.33097,PM10,AT
Austria,SPO.03.1903.68266.6001.1,15.85780,48.33097,PM2.5,AT
Austria,SPO.03.1903.68266.6001.1,15.85780,48.33097,PM2.5,AT
Austria,SPO.03.1903.68266.6001.1,15.85780,48.33097,PM2.5,AT
Austria,SPO.03.1904.60133.5.1,15.93500,48.27639,PM10,AT
Austria,SPO.03.1904.60133.5.1,15.93500,48.27639,PM10,AT
Austria,SPO.03.1904.60133.5.1,15.93500,48.27639,PM10,AT
Austria,SPO.03.1904.60133.5.1,15.93500,48.27639,PM10,AT
Austria,SPO.03.1904.60133.5.1,15.93500,48.27639,PM10,AT
Austria,SPO.03.1904.60133.5.1,15.93500,48.27639,PM10,AT
Austria,SPO.03.1904.60133.5.1,15.93500,48.27639,PM10,AT
Austria,SPO.03.1904.60133.5.1,15.93500,48.27639,PM10,AT
Austria,SPO.03.1905.60131.5.1,15.96462,48.32184,PM10,AT
Austria,SPO.03.1905.60131.5.1,15.96462,48.32184,PM10,AT
Austria,SPO.03.1905.60131.5.1,15.96462,48.32184,PM10,AT
Austria,SPO.03.1905.60131.5.1,15.96462,48.32184,PM10,AT
Austria,SPO.03.1905.60131.5.1,15.96462,48.32184,PM10,AT
Austria,SPO.03.1905.60131.5.1,15.96462,48.32184,PM10,AT
Austria,SPO.03.1905.60131.5.1,15.96462,48.32184,PM10,AT
Austria,SPO.03.1905.60131.5.1,15.96462,48.32184,PM10,AT
Austria,SPO.03.1905.60131.5.1,15.96462,48.32184,PM10,AT
Austria,SPO.03.1905.60131.5.1,15.96462,48.32184,PM10,AT
Austria,SPO.03.1905.60131.5.1,15.96462,48.32184,PM10,AT
Austria,SPO.03.1905.60131.5.1,15.96462,48.32184,PM10,AT
Austria,SPO.03.1905.60131.5.1,15.96462,48.32184,PM10,AT
Austria,SPO.03.1905.68265.6001.1,15.96462,48.32184,PM2.5,AT
Austria,SPO.03.1905.68265.6001.1,15.96462,48.32184,PM2.5,AT
Austria,SPO.03.1905.68265.6001.1,15.96462,48.32184,PM2.5,AT
Austria,SPO.03.2301.5055.5.1,15.63250,48.21160,PM10,AT
Austria,SPO.03.2301.5055.5.1,15.63250,48.21160,PM10,AT
Austria,SPO.03.2301.5055.5.1,15.63250,48.21160,PM10,AT
Austria,SPO.03.2301.5055.5.1,15.63250,48.21160,PM10,AT
Austria,SPO.03.2301.5055.5.1,15.63250,48.21160,PM10,AT
Austria,SPO.03.2301.5055.5.1,15.63250,48.21160,PM10,AT
Austria,SPO.03.2301.5055.5.1,15.63250,48.21160,PM10,AT
Austria,SPO.03.2301.5055.5.1,15.63250,48.21160,PM10,AT
Austria,SPO.03.2301.5055.5.1,15.63250,48.21160,PM10,AT
Austria,SPO.03.2301.5055.5.1,15.63250,48.21160,PM10,AT
Austria,SPO.03.2301.5055.5.1,15.63250,48.21160,PM10,AT
Austria,SPO.03.2301.5055.5.1,15.63250,48.21160,PM10,AT
Austria,SPO.03.2301.5055.5.1,15.63250,48.21160,PM10,AT
Austria,SPO.03.2301.5055.5.1,15.63250,48.21160,PM10,AT
Austria,SPO.03.2301.5055.5.1,15.63250,48.21160,PM10,AT
Austria,SPO.03.2301.65506.6001.1,15.63250,48.21160,PM2.5,AT
Austria,SPO.03.2301.65506.6001.1,15.63250,48.21160,PM2.5,AT
Austria,SPO.03.2301.65506.6001.1,15.63250,48.21160,PM2.5,AT
Austria,SPO.03.2301.65506.6001.1,15.63250,48.21160,PM2.5,AT
Austria,SPO.03.2301.65506.6001.1,15.63250,48.21160,PM2.5,AT
Austria,SPO.03.2301.65506.6001.1,15.63250,48.21160,PM2.5,AT
Austria,SPO.03.2301.65506.6001.1,15.63250,48.21160,PM2.5,AT
Austria,SPO.03.2301.65506.6001.1,15.63250,48.21160,PM2.5,AT
Austria,SPO.03.2301.65506.6001.1,15.63250,48.21160,PM2.5,AT
Austria,SPO.03.2301.65506.6001.1,15.63250,48.21160,PM2.5,AT
Austria,SPO.03.2301.65506.6001.1,15.63250,48.21160,PM2.5,AT
Austria,SPO.03.2301.65506.6001.1,15.63250,48.21160,PM2.5,AT
Austria,SPO.03.2301.65506.6001.1,15.63250,48.21160,PM2.5,AT
Austria,SPO.03.2301.65506.6001.1,15.63250,48.21160,PM2.5,AT
Austria,SPO.03.2302.5927.5.1,15.61999,48.20137,PM10,AT
Austria,SPO.03.2302.5927.5.1,15.61999,48.20137,PM10,AT
Austria,SPO.03.2302.5927.5.1,15.61999,48.20137,PM10,AT
Austria,SPO.03.2302.5927.5.1,15.61999,48.20137,PM10,AT
Austria,SPO.03.2302.5927.5.1,15.61999,48.20137,PM10,AT
Austria,SPO.03.2302.5927.5.1,15.61999,48.20137,PM10,AT
Austria,SPO.03.2302.5927.5.1,15.61999,48.20137,PM10,AT
Austria,SPO.03.2302.5927.5.1,15.61999,48.20137,PM10,AT
Austria,SPO.03.2302.5927.5.1,15.61999,48.20137,PM10,AT
Austria,SPO.03.2302.5927.5.1,15.61999,48.20137,PM10,AT
Austria,SPO.03.2302.5927.5.1,15.61999,48.20137,PM10,AT
Austria,SPO.03.2302.5927.5.1,15.61999,48.20137,PM10,AT
Austria,SPO.03.2302.5927.5.1,15.61999,48.20137,PM10,AT
Austria,SPO.03.2302.5927.5.1,15.61999,48.20137,PM10,AT
Austria,SPO.03.2302.68435.6001.1,15.61999,48.20137,PM2.5,AT
Austria,SPO.03.2302.68435.6001.1,15.61999,48.20137,PM2.5,AT
Austria,SPO.03.2401.5040.5.1,16.25500,47.81417,PM10,AT
Austria,SPO.03.2401.5040.5.1,16.25500,47.81417,PM10,AT
Austria,SPO.03.2401.5040.5.1,16.25500,47.81417,PM10,AT
Austria,SPO.03.2401.5040.5.1,16.25500,47.81417,PM10,AT
Austria,SPO.03.2401.5040.5.1,16.25500,47.81417,PM10,AT
Austria,SPO.03.2401.5040.5.1,16.25500,47.81417,PM10,AT
Austria,SPO.03.2401.5040.5.1,16.25500,47.81417,PM10,AT
Austria,SPO.03.2401.5040.5.1,16.25500,47.81417,PM10,AT
Austria,SPO.03.2401.5040.5.1,16.25500,47.81417,PM10,AT
Austria,SPO.03.2401.5040.5.1,16.25500,47.81417,PM10,AT
Austria,SPO.03.2401.5040.5.1,16.25500,47.81417,PM10,AT
Austria,SPO.03.2401.5040.5.1,16.25500,47.81417,PM10,AT
Austria,SPO.03.2401.5040.5.1,16.25500,47.81417,PM10,AT
Austria,SPO.03.2401.5040.5.1,16.25500,47.81417,PM10,AT
Austria,SPO.03.2401.67893.6001.1,16.25500,47.81417,PM2.5,AT
Austria,SPO.03.2401.67893.6001.1,16.25500,47.81417,PM2.5,AT
Austria,SPO.03.2401.67893.6001.1,16.25500,47.81417,PM2.5,AT
Austria,SPO.03.2401.67893.6001.1,16.25500,47.81417,PM2.5,AT
Austria,SPO.03.2501.5931.5.1,15.61917,48.40861,PM10,AT
Austria,SPO.03.2501.5931.5.1,15.61917,48.40861,PM10,AT
Austria,SPO.03.2501.5931.5.1,15.61917,48.40861,PM10,AT
Austria,SPO.03.2501.5931.5.1,15.61917,48.40861,PM10,AT
Austria,SPO.03.2501.5931.5.1,15.61917,48.40861,PM10,AT
Austria,SPO.03.2501.5931.5.1,15.61917,48.40861,PM10,AT
Austria,SPO.03.2501.5931.5.1,15.61917,48.40861,PM10,AT
Austria,SPO.03.2501.5931.5.1,15.61917,48.40861,PM10,AT
Austria,SPO.03.2501.5931.5.1,15.61917,48.40861,PM10,AT
Austria,SPO.03.2501.5931.5.1,15.61917,48.40861,PM10,AT
Austria,SPO.03.2501.5931.5.1,15.61917,48.40861,PM10,AT
Austria,SPO.03.2501.5931.5.1,15.61917,48.40861,PM10,AT
Austria,SPO.03.2501.5931.5.1,15.61917,48.40861,PM10,AT
Austria,SPO.03.2501.5931.5.1,15.61917,48.40861,PM10,AT
Austria,SPO.03.2604.63690.5.1,14.77228,48.04511,PM10,AT
Austria,SPO.03.2604.63690.5.1,14.77228,48.04511,PM10,AT
Austria,SPO.03.2604.63690.5.1,14.77228,48.04511,PM10,AT
Austria,SPO.03.2604.63690.5.1,14.77228,48.04511,PM10,AT
Austria,SPO.03.2604.63690.5.1,14.77228,48.04511,PM10,AT
Austria,SPO.03.2604.63690.5.1,14.77228,48.04511,PM10,AT
Austria,SPO.03.2604.63690.5.1,14.77228,48.04511,PM10,AT
Austria,SPO.03.2604.63690.5.1,14.77228,48.04511,PM10,AT
Austria,SPO.03.2604.63690.5.1,14.77228,48.04511,PM10,AT
Austria,SPO.03.2604.63690.5.1,14.77228,48.04511,PM10,AT
Austria,SPO.03.2604.63690.5.1,14.77228,48.04511,PM10,AT
Austria,SPO.03.2604.63690.5.1,14.77228,48.04511,PM10,AT
Austria,SPO.03.2604.63690.5.1,14.77228,48.04511,PM10,AT
Austria,SPO.03.2604.68434.6001.1,14.77228,48.04511,PM2.5,AT
Austria,SPO.03.2604.68434.6001.1,14.77228,48.04511,PM2.5,AT
Austria,SPO.03.2701.4756.5.1,16.47590,48.14558,PM10,AT
Austria,SPO.03.2701.4756.5.1,16.47590,48.14558,PM10,AT
Austria,SPO.03.2701.4756.5.1,16.47590,48.14558,PM10,AT
Austria,SPO.03.2701.4756.5.1,16.47590,48.14558,PM10,AT
Austria,SPO.03.2701.4756.5.1,16.47590,48.14558,PM10,AT
Austria,SPO.03.2701.4756.5.1,16.47590,48.14558,PM10,AT
Austria,SPO.03.2701.4756.5.1,16.47590,48.14558,PM10,AT
Austria,SPO.03.2701.4756.5.1,16.47590,48.14558,PM10,AT
Austria,SPO.03.2701.4756.5.1,16.47590,48.14558,PM10,AT
Austria,SPO.03.2701.4756.5.1,16.47590,48.14558,PM10,AT
Austria,SPO.03.2701.4756.5.1,16.47590,48.14558,PM10,AT
Austria,SPO.03.2701.4756.5.1,16.47590,48.14558,PM10,AT
Austria,SPO.03.2701.4756.5.1,16.47590,48.14558,PM10,AT
Austria,SPO.03.2701.4756.5.1,16.47590,48.14558,PM10,AT
Austria,SPO.03.2701.4756.5.1,16.47590,48.14558,PM10,AT
Austria,SPO.03.2701.4756.5.1,16.47590,48.14558,PM10,AT
Austria,SPO.03.2701.64380.6001.1,16.47590,48.14558,PM2.5,AT
Austria,SPO.03.2701.64380.6001.1,16.47590,48.14558,PM2.5,AT
Austria,SPO.03.2701.64380.6001.1,16.47590,48.14558,PM2.5,AT
Austria,SPO.03.2701.64380.6001.1,16.47590,48.14558,PM2.5,AT
Austria,SPO.03.2701.64380.6001.1,16.47590,48.14558,PM2.5,AT
Austria,SPO.03.2701.64380.6001.1,16.47590,48.14558,PM2.5,AT
Austria,SPO.03.2701.64380.6001.1,16.47590,48.14558,PM2.5,AT
Austria,SPO.03.2701.64380.6001.1,16.47590,48.14558,PM2.5,AT
Austria,SPO.03.2701.64380.6001.1,16.47590,48.14558,PM2.5,AT
Austria,SPO.03.2701.64380.6001.1,16.47590,48.14558,PM2.5,AT
Austria,SPO.03.2701.64380.6001.1,16.47590,48.14558,PM2.5,AT
Austria,SPO.03.2701.64380.6001.1,16.47590,48.14558,PM2.5,AT
Austria,SPO.03.2701.64380.6001.1,16.47590,48.14558,PM2.5,AT
Austria,SPO.03.2702.5096.5.1,16.51111,48.14500,PM10,AT
Austria,SPO.03.2702.5096.5.1,16.51111,48.14500,PM10,AT
Austria,SPO.03.2702.5096.5.1,16.51111,48.14500,PM10,AT
Austria,SPO.03.2702.5096.5.1,16.51111,48.14500,PM10,AT
Austria,SPO.03.2702.5096.5.1,16.51111,48.14500,PM10,AT
Austria,SPO.03.2702.5096.5.1,16.51111,48.14500,PM10,AT
Austria,SPO.03.2702.5096.5.1,16.51111,48.14500,PM10,AT
Austria,SPO.03.2702.5096.5.1,16.51111,48.14500,PM10,AT
Austria,SPO.03.2702.5096.5.1,16.51111,48.14500,PM10,AT
Austria,SPO.03.2702.5096.5.1,16.51111,48.14500,PM10,AT
Austria,SPO.03.2702.5096.5.1,16.51111,48.14500,PM10,AT
Austria,SPO.03.2702.5096.5.1,16.51111,48.14500,PM10,AT
Austria,SPO.04.S108.55663.5.2,14.57472,48.53111,PM10,AT
Austria,SPO.04.S108.55663.5.2,14.57472,48.53111,PM10,AT
Austria,SPO.04.S108.55663.5.2,14.57472,48.53111,PM10,AT
Austria,SPO.04.S108.55663.5.2,14.57472,48.53111,PM10,AT
Austria,SPO.04.S108.55663.5.2,14.57472,48.53111,PM10,AT
Austria,SPO.04.S108.55663.5.2,14.57472,48.53111,PM10,AT
Austria,SPO.04.S108.55663.5.2,14.57472,48.53111,PM10,AT
Austria,SPO.04.S108.55663.5.2,14.57472,48.53111,PM10,AT
Austria,SPO.04.S108.64343.6001.1,14.57472,48.53111,PM2.5,AT
Austria,SPO.04.S108.64343.6001.1,14.57472,48.53111,PM2.5,AT
Austria,SPO.04.S108.66600.5.1,14.57472,48.53111,PM10,AT
Austria,SPO.04.S108.66600.5.1,14.57472,48.53111,PM10,AT
Austria,SPO.04.S108.66600.5.1,14.57472,48.53111,PM10,AT
Austria,SPO.04.S108.66600.5.1,14.57472,48.53111,PM10,AT
Austria,SPO.04.S108.68521.6001.1,14.57472,48.53111,PM2.5,AT
Austria,SPO.04.S125.55664.5.2,13.63222,47.71611,PM10,AT
Austria,SPO.04.S125.55664.5.2,13.63222,47.71611,PM10,AT
Austria,SPO.04.S125.55664.5.2,13.63222,47.71611,PM10,AT
Austria,SPO.04.S125.55664.5.2,13.63222,47.71611,PM10,AT
Austria,SPO.04.S125.55664.5.2,13.63222,47.71611,PM10,AT
Austria,SPO.04.S125.55664.5.2,13.63222,47.71611,PM10,AT
Austria,SPO.04.S125.64342.6001.1,13.63222,47.71611,PM2.5,AT
Austria,SPO.04.S125.64342.6001.1,13.63222,47.71611,PM2.5,AT
Austria,SPO.04.S125.64342.6001.1,13.63222,47.71611,PM2.5,AT
Austria,SPO.04.S125.64342.6001.1,13.63222,47.71611,PM2.5,AT
Austria,SPO.04.S125.65561.5.1,13.63222,47.71611,PM10,AT
Austria,SPO.04.S125.65561.5.1,13.63222,47.71611,PM10,AT
Austria,SPO.04.S156.55665.5.2,13.03923,48.25747,PM10,AT
Austria,SPO.04.S156.55665.5.2,13.03923,48.25747,PM10,AT
Austria,SPO.04.S156.55665.5.2,13.03923,48.25747,PM10,AT
Austria,SPO.04.S156.55665.5.2,13.03923,48.25747,PM10,AT
Austria,SPO.04.S156.55665.5.2,13.03923,48.25747,PM10,AT
Austria,SPO.04.S156.65711.6001.1,13.03923,48.25747,PM2.5,AT
Austria,SPO.04.S156.65711.6001.1,13.03923,48.25747,PM2.5,AT
Austria,SPO.04.S156.65711.6001.1,13.03923,48.25747,PM2.5,AT
Austria,SPO.04.S156.66346.5.1,13.03923,48.25747,PM10,AT
Austria,SPO.04.S156.66346.5.1,13.03923,48.25747,PM10,AT
Austria,SPO.04.S156.68520.6001.1,13.03923,48.25747,PM2.5,AT
Austria,SPO.04.S165.5075.5.1,14.45417,48.20694,PM10,AT
Austria,SPO.04.S173.60015.5.1,14.36650,48.27975,PM10,AT
Austria,SPO.04.S173.60015.5.1,14.36650,48.27975,PM10,AT
Austria,SPO.04.S173.60015.5.1,14.36650,48.27975,PM10,AT
Austria,SPO.04.S173.60015.5.1,14.36650,48.27975,PM10,AT
Austria,SPO.04.S173.65928.5.2,14.36650,48.27975,PM10,AT
Austria,SPO.04.S173.65928.5.2,14.36650,48.27975,PM10,AT
Austria,SPO.04.S173.65928.5.2,14.36650,48.27975,PM10,AT
Austria,SPO.04.S173.65928.5.2,14.36650,48.27975,PM10,AT
Austria,SPO.04.S173.65928.5.2,14.36650,48.27975,PM10,AT
Austria,SPO.04.S173.65929.6001.1,14.36650,48.27975,PM2.5,AT
Austria,SPO.04.S173.65929.6001.1,14.36650,48.27975,PM2.5,AT
Austria,SPO.04.S173.65929.6001.1,14.36650,48.27975,PM2.5,AT
Austria,SPO.04.S173.66896.6001.1,14.36650,48.27975,PM2.5,AT
Austria,SPO.04.S173.66896.6001.1,14.36650,48.27975,PM2.5,AT
Austria,SPO.04.S184.63488.6001.1,14.29750,48.30612,PM2.5,AT
Austria,SPO.04.S184.63739.5.2,14.29750,48.30612,PM10,AT
Austria,SPO.04.S184.63739.5.2,14.29750,48.30612,PM10,AT
Austria,SPO.04.S184.63739.5.2,14.29750,48.30612,PM10,AT
Austria,SPO.04.S184.63739.5.2,14.29750,48.30612,PM10,AT
Austria,SPO.04.S184.63739.5.2,14.29750,48.30612,PM10,AT
Austria,SPO.04.S184.63740.6001.1,14.29750,48.30612,PM2.5,AT
Austria,SPO.04.S184.63740.6001.1,14.29750,48.30612,PM2.5,AT
Austria,SPO.04.S184.63740.6001.1,14.29750,48.30612,PM2.5,AT
Austria,SPO.04.S184.63740.6001.1,14.29750,48.30612,PM2.5,AT
Austria,SPO.04.S184.63742.5.1,14.29750,48.30612,PM10,AT
Austria,SPO.04.S217.64557.5.1,14.43694,48.20944,PM10,AT
Austria,SPO.04.S217.64557.5.1,14.43694,48.20944,PM10,AT
Austria,SPO.04.S217.64558.6001.1,14.43694,48.20944,PM2.5,AT
Austria,SPO.04.S217.64558.6001.1,14.43694,48.20944,PM2.5,AT
Austria,SPO.04.S217.64558.6001.1,14.43694,48.20944,PM2.5,AT
Austria,SPO.04.S217.64558.6001.1,14.43694,48.20944,PM2.5,AT
Austria,SPO.04.S217.64654.5.2,14.43694,48.20944,PM10,AT
Austria,SPO.04.S217.64654.5.2,14.43694,48.20944,PM10,AT
Austria,SPO.04.S217.64654.5.2,14.43694,48.20944,PM10,AT
Austria,SPO.04.S217.64654.5.2,14.43694,48.20944,PM10,AT
Austria,SPO.04.S217.64654.5.2,14.43694,48.20944,PM10,AT
Austria,SPO.04.S217.64654.5.2,14.43694,48.20944,PM10,AT
Austria,SPO.04.S217.64654.5.2,14.43694,48.20944,PM10,AT
Austria,SPO.04.S217.64654.5.2,14.43694,48.20944,PM10,AT
Austria,SPO.04.S217.68689.6001.1,14.43694,48.20944,PM2.5,AT
Austria,SPO.04.S235.66078.6001.1,13.72074,47.81586,PM2.5,AT
Austria,SPO.04.S235.66144.5.2,13.72074,47.81586,PM10,AT
Austria,SPO.04.S245.66487.5.2,13.61505,47.97414,PM10,AT
Austria,SPO.04.S245.66671.6001.1,13.61505,47.97414,PM2.5,AT
Austria,SPO.04.S252.67136.5.2,14.41572,48.03633,PM10,AT
Austria,SPO.04.S254.67186.5.2,13.64728,47.55708,PM10,AT
Austria,SPO.04.S404.55678.5.2,14.23755,48.22535,PM10,AT
Austria,SPO.04.S404.55678.5.2,14.23755,48.22535,PM10,AT
Austria,SPO.04.S404.65686.6001.1,14.23755,48.22535,PM2.5,AT
Austria,SPO.04.S404.65686.6001.1,14.23755,48.22535,PM2.5,AT
Austria,SPO.04.S404.65971.5.1,14.23755,48.22535,PM10,AT
Austria,SPO.04.S404.65971.5.1,14.23755,48.22535,PM10,AT
Austria,SPO.04.S404.65971.5.1,14.23755,48.22535,PM10,AT
Austria,SPO.04.S404.68687.6001.1,14.23755,48.22535,PM2.5,AT
Austria,SPO.04.S406.5058.5.1,14.03660,48.16490,PM10,AT
Austria,SPO.04.S406.55669.5.2,14.03660,48.16490,PM10,AT
Austria,SPO.04.S406.55669.5.2,14.03660,48.16490,PM10,AT
Austria,SPO.04.S406.55669.5.2,14.03660,48.16490,PM10,AT
Austria,SPO.04.S406.59799.6001.1,14.03660,48.16490,PM2.5,AT
Austria,SPO.04.S406.66100.6001.1,14.03660,48.16490,PM2.5,AT
Austria,SPO.04.S406.66100.6001.1,14.03660,48.16490,PM2.5,AT
Austria,SPO.04.S406.66100.6001.1,14.03660,48.16490,PM2.5,AT
Austria,SPO.04.S407.55670.5.2,13.66761,48.00090,PM10,AT
Austria,SPO.04.S407.55670.5.2,13.66761,48.00090,PM10,AT
Austria,SPO.04.S407.55670.5.2,13.66761,48.00090,PM10,AT
Austria,SPO.04.S407.55670.5.2,13.66761,48.00090,PM10,AT
Austria,SPO.04.S407.55670.5.2,13.66761,48.00090,PM10,AT
Austria,SPO.04.S407.55670.5.2,13.66761,48.00090,PM10,AT
Austria,SPO.04.S407.55670.5.2,13.66761,48.00090,PM10,AT
Austria,SPO.04.S407.64671.6001.1,13.66761,48.00090,PM2.5,AT
Austria,SPO.04.S407.64671.6001.1,13.66761,48.00090,PM2.5,AT
Austria,SPO.04.S407.64671.6001.1,13.66761,48.00090,PM2.5,AT
Austria,SPO.04.S407.64671.6001.1,13.66761,48.00090,PM2.5,AT
Austria,SPO.04.S407.66601.5.1,13.66761,48.00090,PM10,AT
Austria,SPO.04.S407.66601.5.1,13.66761,48.00090,PM10,AT
Austria,SPO.04.S407.66601.5.1,13.66761,48.00090,PM10,AT
Austria,SPO.04.S407.68690.6001.1,13.66761,48.00090,PM2.5,AT
Austria,SPO.04.S409.55362.5.1,14.44278,48.04944,PM10,AT
Austria,SPO.04.S409.55362.5.1,14.44278,48.04944,PM10,AT
Austria,SPO.04.S409.55362.5.1,14.44278,48.04944,PM10,AT
Austria,SPO.04.S409.55671.5.2,14.44278,48.04944,PM10,AT
Austria,SPO.04.S409.55671.5.2,14.44278,48.04944,PM10,AT
Austria,SPO.04.S409.64673.6001.1,14.44278,48.04944,PM2.5,AT
Austria,SPO.04.S409.64673.6001.1,14.44278,48.04944,PM2.5,AT
Austria,SPO.04.S409.64673.6001.1,14.44278,48.04944,PM2.5,AT
Austria,SPO.04.S409.68311.6001.1,14.44278,48.04944,PM2.5,AT
Austria,SPO.04.S415.55673.5.2,14.29778,48.32333,PM10,AT
Austria,SPO.04.S415.55673.5.2,14.29778,48.32333,PM10,AT
Austria,SPO.04.S415.55673.5.2,14.29778,48.32333,PM10,AT
Austria,SPO.04.S415.55673.5.2,14.29778,48.32333,PM10,AT
Austria,SPO.04.S415.55673.5.2,14.29778,48.32333,PM10,AT
Austria,SPO.04.S415.55673.5.2,14.29778,48.32333,PM10,AT
Austria,SPO.04.S415.55673.5.2,14.29778,48.32333,PM10,AT
Austria,SPO.04.S415.65628.5.1,14.29778,48.32333,PM10,AT
Austria,SPO.04.S415.65628.5.1,14.29778,48.32333,PM10,AT
Austria,SPO.04.S415.65628.5.1,14.29778,48.32333,PM10,AT
Austria,SPO.04.S415.65739.6001.1,14.29778,48.32333,PM2.5,AT
Austria,SPO.04.S415.65739.6001.1,14.29778,48.32333,PM2.5,AT
Austria,SPO.04.S415.65739.6001.1,14.29778,48.32333,PM2.5,AT
Austria,SPO.04.S415.65739.6001.1,14.29778,48.32333,PM2.5,AT
Austria,SPO.04.S415.68519.6001.1,14.29778,48.32333,PM2.5,AT
Austria,SPO.04.S416.4548.5.1,14.31479,48.27329,PM10,AT
Austria,SPO.04.S416.55364.6001.1,14.31479,48.27329,PM2.5,AT
Austria,SPO.04.S416.55364.6001.1,14.31479,48.27329,PM2.5,AT
Austria,SPO.04.S416.55364.6001.1,14.31479,48.27329,PM2.5,AT
Austria,SPO.04.S416.55674.5.2,14.31479,48.27329,PM10,AT
Austria,SPO.04.S416.55674.5.2,14.31479,48.27329,PM10,AT
Austria,SPO.04.S416.55674.5.2,14.31479,48.27329,PM10,AT
Austria,SPO.04.S416.55674.5.2,14.31479,48.27329,PM10,AT
Austria,SPO.04.S416.55674.5.2,14.31479,48.27329,PM10,AT
Austria,SPO.04.S416.55674.5.2,14.31479,48.27329,PM10,AT
Austria,SPO.04.S416.55674.5.2,14.31479,48.27329,PM10,AT
Austria,SPO.04.S416.55674.5.2,14.31479,48.27329,PM10,AT
Austria,SPO.04.S416.55674.5.2,14.31479,48.27329,PM10,AT
Austria,SPO.04.S416.64344.6001.1,14.31479,48.27329,PM2.5,AT
Austria,SPO.04.S416.64344.6001.1,14.31479,48.27329,PM2.5,AT
Austria,SPO.04.S416.64344.6001.1,14.31479,48.27329,PM2.5,AT
Austria,SPO.04.S416.64344.6001.1,14.31479,48.27329,PM2.5,AT
Austria,SPO.04.S417.4064.5.1,14.35278,48.29028,PM10,AT
Austria,SPO.04.S418.55676.5.2,13.60083,47.97194,PM10,AT
Austria,SPO.04.S418.55676.5.2,13.60083,47.97194,PM10,AT
Austria,SPO.04.S418.55676.5.2,13.60083,47.97194,PM10,AT
Austria,SPO.04.S418.55676.5.2,13.60083,47.97194,PM10,AT
Austria,SPO.04.S418.55676.5.2,13.60083,47.97194,PM10,AT
Austria,SPO.04.S418.55676.5.2,13.60083,47.97194,PM10,AT
Austria,SPO.04.S418.55676.5.2,13.60083,47.97194,PM10,AT
Austria,SPO.04.S418.65738.6001.1,13.60083,47.97194,PM2.5,AT
Austria,SPO.04.S418.65738.6001.1,13.60083,47.97194,PM2.5,AT
Austria,SPO.04.S418.65738.6001.1,13.60083,47.97194,PM2.5,AT
Austria,SPO.04.S418.65738.6001.1,13.60083,47.97194,PM2.5,AT
Austria,SPO.04.S431.55363.5.1,14.28217,48.30299,PM10,AT
Austria,SPO.04.S431.55677.5.2,14.28217,48.30299,PM10,AT
Austria,SPO.04.S431.55677.5.2,14.28217,48.30299,PM10,AT
Austria,SPO.04.S431.55677.5.2,14.28217,48.30299,PM10,AT
Austria,SPO.04.S431.55677.5.2,14.28217,48.30299,PM10,AT
Austria,SPO.04.S431.55677.5.2,14.28217,48.30299,PM10,AT
Austria,SPO.04.S431.55677.5.2,14.28217,48.30299,PM10,AT
Austria,SPO.04.S431.64526.6001.1,14.28217,48.30299,PM2.5,AT
Austria,SPO.04.S431.64526.6001.1,14.28217,48.30299,PM2.5,AT
Austria,SPO.04.S431.64526.6001.1,14.28217,48.30299,PM2.5,AT
Austria,SPO.04.S431.64526.6001.1,14.28217,48.30299,PM2.5,AT
Austria,SPO.04.S431.66060.6001.1,14.28217,48.30299,PM2.5,AT
Austria,SPO.04.S431.66060.6001.1,14.28217,48.30299,PM2.5,AT
Austria,SPO.04.S431.66060.6001.1,14.28217,48.30299,PM2.5,AT
Austria,SPO.04.S432.67678.5.2,13.60892,47.97386,PM10,AT
Austria,SPO.04.S432.67678.5.2,13.60892,47.97386,PM10,AT
Austria,SPO.04.S432.67683.6001.1,13.60892,47.97386,PM2.5,AT
Austria,SPO.04.S432.67684.5.1,13.60892,47.97386,PM10,AT
Austria,SPO.04.S432.67684.5.1,13.60892,47.97386,PM10,AT
Austria,SPO.04.S432.67872.6001.1,13.60892,47.97386,PM2.5,AT
Austria,SPO.05.1000.4052.5.1,13.05329,47.79740,PM10,AT
Austria,SPO.05.1000.4052.5.1,13.05329,47.79740,PM10,AT
Austria,SPO.05.1000.4566.5.1,13.05329,47.79740,PM10,AT
Austria,SPO.05.1000.4566.5.1,13.05329,47.79740,PM10,AT
Austria,SPO.05.1000.4566.5.1,13.05329,47.79740,PM10,AT
Austria,SPO.05.1000.4566.5.1,13.05329,47.79740,PM10,AT
Austria,SPO.05.1000.4566.5.1,13.05329,47.79740,PM10,AT
Austria,SPO.05.1000.4566.5.1,13.05329,47.79740,PM10,AT
Austria,SPO.05.1000.4566.5.1,13.05329,47.79740,PM10,AT
Austria,SPO.05.1000.4566.5.1,13.05329,47.79740,PM10,AT
Austria,SPO.05.1000.4566.5.1,13.05329,47.79740,PM10,AT
Austria,SPO.05.1000.4566.5.1,13.05329,47.79740,PM10,AT
Austria,SPO.05.1000.55365.6001.1,13.05329,47.79740,PM2.5,AT
Austria,SPO.05.1000.55365.6001.1,13.05329,47.79740,PM2.5,AT
Austria,SPO.05.1000.67627.6001.1,13.05329,47.79740,PM2.5,AT
Austria,SPO.05.1000.67627.6001.1,13.05329,47.79740,PM2.5,AT
Austria,SPO.05.1000.67627.6001.1,13.05329,47.79740,PM2.5,AT
Austria,SPO.05.1000.67627.6001.1,13.05329,47.79740,PM2.5,AT
Austria,SPO.05.1066.4565.5.1,13.04333,47.80556,PM10,AT
Austria,SPO.05.1066.4565.5.1,13.04333,47.80556,PM10,AT
Austria,SPO.05.1066.4565.5.1,13.04333,47.80556,PM10,AT
Austria,SPO.05.1066.4565.5.1,13.04333,47.80556,PM10,AT
Austria,SPO.05.1066.4565.5.1,13.04333,47.80556,PM10,AT
Austria,SPO.05.1066.4565.5.1,13.04333,47.80556,PM10,AT
Austria,SPO.05.1066.4565.5.1,13.04333,47.80556,PM10,AT
Austria,SPO.05.1200.4564.5.1,13.03488,47.81565,PM10,AT
Austria,SPO.05.1200.4564.5.1,13.03488,47.81565,PM10,AT
Austria,SPO.05.1200.4564.5.1,13.03488,47.81565,PM10,AT
Austria,SPO.05.1200.4564.5.1,13.03488,47.81565,PM10,AT
Austria,SPO.05.1200.4564.5.1,13.03488,47.81565,PM10,AT
Austria,SPO.05.1200.4564.5.1,13.03488,47.81565,PM10,AT
Austria,SPO.05.1200.4564.5.1,13.03488,47.81565,PM10,AT
Austria,SPO.05.1200.59822.6001.1,13.03488,47.81565,PM2.5,AT
Austria,SPO.05.1200.68602.6001.1,13.03488,47.81565,PM2.5,AT
Austria,SPO.05.1201.68683.5.1,13.02801,47.81575,PM10,AT
Austria,SPO.05.1201.68684.6001.1,13.02801,47.81575,PM2.5,AT
Austria,SPO.05.1201.68719.6001.1,13.02801,47.81575,PM2.5,AT
Austria,SPO.05.1500.67773.5.1,13.00044,47.81486,PM10,AT
Austria,SPO.05.1500.67773.5.1,13.00044,47.81486,PM10,AT
Austria,SPO.05.1500.67773.5.1,13.00044,47.81486,PM10,AT
Austria,SPO.05.1500.67773.5.1,13.00044,47.81486,PM10,AT
Austria,SPO.05.1500.67773.5.1,13.00044,47.81486,PM10,AT
Austria,SPO.05.1500.67773.5.1,13.00044,47.81486,PM10,AT
Austria,SPO.05.1500.69025.6001.1,13.00044,47.81486,PM2.5,AT
Austria,SPO.05.2000.4562.5.1,13.09995,47.68259,PM10,AT
Austria,SPO.05.2000.4562.5.1,13.09995,47.68259,PM10,AT
Austria,SPO.05.2000.4562.5.1,13.09995,47.68259,PM10,AT
Austria,SPO.05.2000.4562.5.1,13.09995,47.68259,PM10,AT
Austria,SPO.05.2000.4562.5.1,13.09995,47.68259,PM10,AT
Austria,SPO.05.2000.4562.5.1,13.09995,47.68259,PM10,AT
Austria,SPO.05.2000.4562.5.1,13.09995,47.68259,PM10,AT
Austria,SPO.05.2000.4563.5.1,13.09995,47.68259,PM10,AT
Austria,SPO.05.2000.65528.6001.1,13.09995,47.68259,PM2.5,AT
Austria,SPO.05.2000.68903.6001.1,13.09995,47.68259,PM2.5,AT
Austria,SPO.05.2002.69041.5.1,13.09417,47.68806,PM10,AT
Austria,SPO.05.2002.69042.6001.1,13.09417,47.68806,PM2.5,AT
Austria,SPO.05.2002.69043.6001.1,13.09417,47.68806,PM2.5,AT
Austria,SPO.05.2300.5876.5.1,13.10815,47.69135,PM10,AT
Austria,SPO.05.2300.5876.5.1,13.10815,47.69135,PM10,AT
Austria,SPO.05.2300.5876.5.1,13.10815,47.69135,PM10,AT
Austria,SPO.05.2300.5876.5.1,13.10815,47.69135,PM10,AT
Austria,SPO.05.2300.5876.5.1,13.10815,47.69135,PM10,AT
Austria,SPO.05.2300.5876.5.1,13.10815,47.69135,PM10,AT
Austria,SPO.05.2300.5876.5.1,13.10815,47.69135,PM10,AT
Austria,SPO.05.2300.5876.5.1,13.10815,47.69135,PM10,AT
Austria,SPO.05.2300.68902.6001.1,13.10815,47.69135,PM2.5,AT
Austria,SPO.05.5018.4568.5.1,13.50508,47.15407,PM10,AT
Austria,SPO.05.5018.4568.5.1,13.50508,47.15407,PM10,AT
Austria,SPO.05.5018.4568.5.1,13.50508,47.15407,PM10,AT
Austria,SPO.05.5018.4568.5.1,13.50508,47.15407,PM10,AT
Austria,SPO.05.5018.4569.5.1,13.50508,47.15407,PM10,AT
Austria,SPO.05.5019.67482.5.1,13.54318,47.13378,PM10,AT
Austria,SPO.05.5019.67482.5.1,13.54318,47.13378,PM10,AT
Austria,SPO.05.5019.67482.5.1,13.54318,47.13378,PM10,AT
Austria,SPO.05.5019.67519.5.1,13.54318,47.13378,PM10,AT
Austria,SPO.05.5032.4567.5.1,13.80804,47.12566,PM10,AT
Austria,SPO.05.5032.4567.5.1,13.80804,47.12566,PM10,AT
Austria,SPO.05.5032.4567.5.1,13.80804,47.12566,PM10,AT
Austria,SPO.05.5032.4567.5.1,13.80804,47.12566,PM10,AT
Austria,SPO.05.5032.4567.5.1,13.80804,47.12566,PM10,AT
Austria,SPO.05.5032.4567.5.1,13.80804,47.12566,PM10,AT
Austria,SPO.05.5032.4567.5.1,13.80804,47.12566,PM10,AT
Austria,SPO.05.5032.68904.6001.1,13.80804,47.12566,PM2.5,AT
Austria,SPO.05.6072.65697.5.1,12.79512,47.32664,PM10,AT
Austria,SPO.05.6072.65697.5.1,12.79512,47.32664,PM10,AT
Austria,SPO.05.6072.65697.5.1,12.79512,47.32664,PM10,AT
Austria,SPO.05.6072.65697.5.1,12.79512,47.32664,PM10,AT
Austria,SPO.05.6072.65697.5.1,12.79512,47.32664,PM10,AT
Austria,SPO.05.6072.65702.6001.1,12.79512,47.32664,PM2.5,AT
Austria,SPO.05.6072.65702.6001.1,12.79512,47.32664,PM2.5,AT
Austria,SPO.05.6072.65702.6001.1,12.79512,47.32664,PM2.5,AT
Austria,SPO.06.192.4618.5.1,15.25859,47.41152,PM10,AT
Austria,SPO.06.036.64293.5.1,15.49369,47.06701,PM10,AT
Austria,SPO.06.106.4630.5.1,15.08667,47.06333,PM10,AT
Austria,SPO.06.106.4630.5.1,15.08667,47.06333,PM10,AT
Austria,SPO.06.107.5965.5.1,15.15278,47.04472,PM10,AT
Austria,SPO.06.107.5965.5.1,15.15278,47.04472,PM10,AT
Austria,SPO.06.107.5965.5.1,15.15278,47.04472,PM10,AT
Austria,SPO.06.107.5965.5.1,15.15278,47.04472,PM10,AT
Austria,SPO.06.107.65788.6001.1,15.15278,47.04472,PM2.5,AT
Austria,SPO.06.107.65788.6001.1,15.15278,47.04472,PM2.5,AT
Austria,SPO.06.107.65788.6001.1,15.15278,47.04472,PM2.5,AT
Austria,SPO.06.114.56196.5.1,14.75333,47.19250,PM10,AT
Austria,SPO.06.114.56196.5.1,14.75333,47.19250,PM10,AT
Austria,SPO.06.114.56196.5.1,14.75333,47.19250,PM10,AT
Austria,SPO.06.118.5966.5.1,14.67667,47.17808,PM10,AT
Austria,SPO.06.118.5966.5.1,14.67667,47.17808,PM10,AT
Austria,SPO.06.119.5967.5.1,14.82528,47.21037,PM10,AT
Austria,SPO.06.119.5967.5.1,14.82528,47.21037,PM10,AT
Austria,SPO.06.136.56357.5.1,15.35111,47.12028,PM10,AT
Austria,SPO.06.136.56357.5.1,15.35111,47.12028,PM10,AT
Austria,SPO.06.138.4627.5.1,15.41511,47.09436,PM10,AT
Austria,SPO.06.138.4627.5.1,15.41511,47.09436,PM10,AT
Austria,SPO.06.138.4627.5.1,15.41511,47.09436,PM10,AT
Austria,SPO.06.138.4627.5.1,15.41511,47.09436,PM10,AT
Austria,SPO.06.138.4627.5.1,15.41511,47.09436,PM10,AT
Austria,SPO.06.138.63506.5.1,15.41511,47.09436,PM10,AT
Austria,SPO.06.138.63507.6001.1,15.41511,47.09436,PM2.5,AT
Austria,SPO.06.139.56482.5.1,15.40439,47.06944,PM10,AT
Austria,SPO.06.139.56482.5.1,15.40439,47.06944,PM10,AT
Austria,SPO.06.139.56482.5.1,15.40439,47.06944,PM10,AT
Austria,SPO.06.141.55209.5.1,15.10370,47.35910,PM10,AT
Austria,SPO.06.141.55209.5.1,15.10370,47.35910,PM10,AT
Austria,SPO.06.141.55209.5.1,15.10370,47.35910,PM10,AT
Austria,SPO.06.142.4631.5.1,15.07405,47.37533,PM10,AT
Austria,SPO.06.142.4631.5.1,15.07405,47.37533,PM10,AT
Austria,SPO.06.142.4631.5.1,15.07405,47.37533,PM10,AT
Austria,SPO.06.142.4631.5.1,15.07405,47.37533,PM10,AT
Austria,SPO.06.142.4631.5.1,15.07405,47.37533,PM10,AT
Austria,SPO.06.142.55410.5.1,15.07405,47.37533,PM10,AT
Austria,SPO.06.142.55410.5.1,15.07405,47.37533,PM10,AT
Austria,SPO.06.143.56194.5.1,15.08890,47.38230,PM10,AT
Austria,SPO.06.143.56194.5.1,15.08890,47.38230,PM10,AT
Austria,SPO.06.143.56194.5.1,15.08890,47.38230,PM10,AT
Austria,SPO.06.145.56353.5.1,15.29032,47.44583,PM10,AT
Austria,SPO.06.145.56353.5.1,15.29032,47.44583,PM10,AT
Austria,SPO.06.151.65762.5.1,15.49583,46.87139,PM10,AT
Austria,SPO.06.156.4951.5.1,15.88222,47.34806,PM10,AT
Austria,SPO.06.156.4951.5.1,15.88222,47.34806,PM10,AT
Austria,SPO.06.160.4626.5.1,15.43740,47.06898,PM10,AT
Austria,SPO.06.164.4623.5.1,15.41660,47.05561,PM10,AT
Austria,SPO.06.164.4623.5.1,15.41660,47.05561,PM10,AT
Austria,SPO.06.164.4623.5.1,15.41660,47.05561,PM10,AT
Austria,SPO.06.164.4623.5.1,15.41660,47.05561,PM10,AT
Austria,SPO.06.164.4623.5.1,15.41660,47.05561,PM10,AT
Austria,SPO.06.164.55471.5.1,15.41660,47.05561,PM10,AT
Austria,SPO.06.164.64089.6001.1,15.41660,47.05561,PM2.5,AT
Austria,SPO.06.170.55472.5.1,15.43308,47.04172,PM10,AT
Austria,SPO.06.170.56478.6001.1,15.43308,47.04172,PM2.5,AT
Austria,SPO.06.170.5969.5.1,15.43308,47.04172,PM10,AT
Austria,SPO.06.170.5969.5.1,15.43308,47.04172,PM10,AT
Austria,SPO.06.170.5969.5.1,15.43308,47.04172,PM10,AT
Austria,SPO.06.170.5969.5.1,15.43308,47.04172,PM10,AT
Austria,SPO.06.170.5969.5.1,15.43308,47.04172,PM10,AT
Austria,SPO.06.170.68436.6001.1,15.43308,47.04172,PM2.5,AT
Austria,SPO.06.170.68436.6001.1,15.43308,47.04172,PM2.5,AT
Austria,SPO.06.171.55882.5.1,15.46665,47.05952,PM10,AT
Austria,SPO.06.171.55882.5.1,15.46665,47.05952,PM10,AT
Austria,SPO.06.171.55882.5.1,15.46665,47.05952,PM10,AT
Austria,SPO.06.171.55882.5.1,15.46665,47.05952,PM10,AT
Austria,SPO.06.171.66121.5.1,15.46665,47.05952,PM10,AT
Austria,SPO.06.172.64041.5.1,15.43195,47.06924,PM10,AT
Austria,SPO.06.173.68660.5.1,15.42861,47.05008,PM10,AT
Austria,SPO.06.173.68661.6001.1,15.42861,47.05008,PM2.5,AT
Austria,SPO.06.176.68445.5.1,15.27053,47.42567,PM10,AT
Austria,SPO.06.176.68446.6001.1,15.27053,47.42567,PM2.5,AT
Austria,SPO.06.177.66042.5.1,14.24468,47.56544,PM10,AT
Austria,SPO.06.177.66042.5.1,14.24468,47.56544,PM10,AT
Austria,SPO.06.177.66042.5.1,14.24468,47.56544,PM10,AT
Austria,SPO.06.178.66012.5.1,15.62839,47.21570,PM10,AT
Austria,SPO.06.178.66012.5.1,15.62839,47.21570,PM10,AT
Austria,SPO.06.178.66012.5.1,15.62839,47.21570,PM10,AT
Austria,SPO.06.178.66012.5.1,15.62839,47.21570,PM10,AT
Austria,SPO.06.178.66012.5.1,15.62839,47.21570,PM10,AT
Austria,SPO.06.178.66059.6001.1,15.62839,47.21570,PM2.5,AT
Austria,SPO.06.178.66059.6001.1,15.62839,47.21570,PM2.5,AT
Austria,SPO.06.178.66059.6001.1,15.62839,47.21570,PM2.5,AT
Austria,SPO.06.179.63914.5.1,15.97185,47.28286,PM10,AT
Austria,SPO.06.179.63914.5.1,15.97185,47.28286,PM10,AT
Austria,SPO.06.180.59989.5.1,15.25333,47.40944,PM10,AT
Austria,SPO.06.180.59989.5.1,15.25333,47.40944,PM10,AT
Austria,SPO.06.180.59989.5.1,15.25333,47.40944,PM10,AT
Austria,SPO.06.180.59989.5.1,15.25333,47.40944,PM10,AT
Austria,SPO.06.180.59989.5.1,15.25333,47.40944,PM10,AT
Austria,SPO.06.181.5970.5.1,15.62833,47.21722,PM10,AT
Austria,SPO.06.181.5970.5.1,15.62833,47.21722,PM10,AT
Austria,SPO.06.182.4950.5.1,14.24361,47.56722,PM10,AT
Austria,SPO.06.182.4950.5.1,14.24361,47.56722,PM10,AT
Austria,SPO.06.183.4952.5.1,15.34583,47.20639,PM10,AT
Austria,SPO.06.183.4952.5.1,15.34583,47.20639,PM10,AT
Austria,SPO.06.188.4939.5.1,15.97500,47.27861,PM10,AT
Austria,SPO.06.191.4938.5.1,15.32320,47.13570,PM10,AT
Austria,SPO.06.191.4938.5.1,15.32320,47.13570,PM10,AT
Austria,SPO.06.191.4938.5.1,15.32320,47.13570,PM10,AT
Austria,SPO.06.193.5107.5.1,15.14694,47.39611,PM10,AT
Austria,SPO.06.193.5107.5.1,15.14694,47.39611,PM10,AT
Austria,SPO.06.194.55387.5.1,15.67306,47.60472,PM10,AT
Austria,SPO.06.194.55387.5.1,15.67306,47.60472,PM10,AT
Austria,SPO.06.195.55886.5.1,15.21278,46.81389,PM10,AT
Austria,SPO.06.195.55886.5.1,15.21278,46.81389,PM10,AT
Austria,SPO.06.195.56371.5.1,15.21278,46.81389,PM10,AT
Austria,SPO.06.197.56339.5.1,15.54056,46.77833,PM10,AT
Austria,SPO.06.197.56339.5.1,15.54056,46.77833,PM10,AT
Austria,SPO.06.197.56339.5.1,15.54056,46.77833,PM10,AT
Austria,SPO.06.197.56339.5.1,15.54056,46.77833,PM10,AT
Austria,SPO.06.197.56339.5.1,15.54056,46.77833,PM10,AT
Austria,SPO.06.197.65540.6001.1,15.54056,46.77833,PM2.5,AT
Austria,SPO.06.197.65540.6001.1,15.54056,46.77833,PM2.5,AT
Austria,SPO.06.197.66122.5.1,15.54056,46.77833,PM10,AT
Austria,SPO.06.198.56330.5.1,16.07905,47.04735,PM10,AT
Austria,SPO.06.198.56330.5.1,16.07905,47.04735,PM10,AT
Austria,SPO.06.198.56330.5.1,16.07905,47.04735,PM10,AT
Austria,SPO.07.2209.4575.5.1,11.50333,47.27639,PM10,AT
Austria,SPO.07.2209.4575.5.1,11.50333,47.27639,PM10,AT
Austria,SPO.07.2106.4578.5.1,11.41695,47.27129,PM10,AT
Austria,SPO.07.2106.4578.5.1,11.41695,47.27129,PM10,AT
Austria,SPO.07.2106.4578.5.1,11.41695,47.27129,PM10,AT
Austria,SPO.07.2106.4578.5.1,11.41695,47.27129,PM10,AT
Austria,SPO.07.2106.4578.5.1,11.41695,47.27129,PM10,AT
Austria,SPO.07.2106.4578.5.1,11.41695,47.27129,PM10,AT
Austria,SPO.07.2106.4578.5.1,11.41695,47.27129,PM10,AT
Austria,SPO.07.2106.4578.5.1,11.41695,47.27129,PM10,AT
Austria,SPO.07.2106.4578.5.1,11.41695,47.27129,PM10,AT
Austria,SPO.07.2106.4578.5.1,11.41695,47.27129,PM10,AT
Austria,SPO.07.2106.4578.5.1,11.41695,47.27129,PM10,AT
Austria,SPO.07.2106.4578.5.1,11.41695,47.27129,PM10,AT
Austria,SPO.07.2106.4578.5.1,11.41695,47.27129,PM10,AT
Austria,SPO.07.2106.4578.5.1,11.41695,47.27129,PM10,AT
Austria,SPO.07.2106.55837.5.1,11.41695,47.27129,PM10,AT
Austria,SPO.07.2110.4579.5.1,11.39236,47.26262,PM10,AT
Austria,SPO.07.2110.4579.5.1,11.39236,47.26262,PM10,AT
Austria,SPO.07.2110.4579.5.1,11.39236,47.26262,PM10,AT
Austria,SPO.07.2110.4579.5.1,11.39236,47.26262,PM10,AT
Austria,SPO.07.2110.4579.5.1,11.39236,47.26262,PM10,AT
Austria,SPO.07.2110.4579.5.1,11.39236,47.26262,PM10,AT
Austria,SPO.07.2110.4579.5.1,11.39236,47.26262,PM10,AT
Austria,SPO.07.2110.4579.5.1,11.39236,47.26262,PM10,AT
Austria,SPO.07.2110.4579.5.1,11.39236,47.26262,PM10,AT
Austria,SPO.07.2110.4579.5.1,11.39236,47.26262,PM10,AT
Austria,SPO.07.2110.4579.5.1,11.39236,47.26262,PM10,AT
Austria,SPO.07.2110.4579.5.1,11.39236,47.26262,PM10,AT
Austria,SPO.07.2110.4579.5.1,11.39236,47.26262,PM10,AT
Austria,SPO.07.2110.4579.5.1,11.39236,47.26262,PM10,AT
Austria,SPO.07.2110.4579.5.1,11.39236,47.26262,PM10,AT
Austria,SPO.07.2110.55474.5.1,11.39236,47.26262,PM10,AT
Austria,SPO.07.2110.55733.6001.1,11.39236,47.26262,PM2.5,AT
Austria,SPO.07.2110.68510.6001.1,11.39236,47.26262,PM2.5,AT
Austria,SPO.07.2115.67625.5.1,11.39206,47.22558,PM10,AT
Austria,SPO.07.2115.67625.5.1,11.39206,47.22558,PM10,AT
Austria,SPO.07.2115.67625.5.1,11.39206,47.22558,PM10,AT
Austria,SPO.07.2115.67625.5.1,11.39206,47.22558,PM10,AT
Austria,SPO.07.2115.67906.5.1,11.39206,47.22558,PM10,AT
Austria,SPO.07.2223.4574.5.1,11.39065,47.23955,PM10,AT
Austria,SPO.07.2223.4574.5.1,11.39065,47.23955,PM10,AT
Austria,SPO.07.2223.4574.5.1,11.39065,47.23955,PM10,AT
Austria,SPO.07.2223.4574.5.1,11.39065,47.23955,PM10,AT
Austria,SPO.07.2223.4574.5.1,11.39065,47.23955,PM10,AT
Austria,SPO.07.2223.4574.5.1,11.39065,47.23955,PM10,AT
Austria,SPO.07.2223.4574.5.1,11.39065,47.23955,PM10,AT
Austria,SPO.07.2223.4574.5.1,11.39065,47.23955,PM10,AT
Austria,SPO.07.2223.4574.5.1,11.39065,47.23955,PM10,AT
Austria,SPO.07.2223.4574.5.1,11.39065,47.23955,PM10,AT
Austria,SPO.07.2223.4574.5.1,11.39065,47.23955,PM10,AT
Austria,SPO.07.2223.4574.5.1,11.39065,47.23955,PM10,AT
Austria,SPO.07.2227.56409.5.1,11.51250,47.27807,PM10,AT
Austria,SPO.07.2227.56409.5.1,11.51250,47.27807,PM10,AT
Austria,SPO.07.2227.56409.5.1,11.51250,47.27807,PM10,AT
Austria,SPO.07.2227.56409.5.1,11.51250,47.27807,PM10,AT
Austria,SPO.07.2227.56409.5.1,11.51250,47.27807,PM10,AT
Austria,SPO.07.2227.56409.5.1,11.51250,47.27807,PM10,AT
Austria,SPO.07.2227.56409.5.1,11.51250,47.27807,PM10,AT
Austria,SPO.07.2227.56409.5.1,11.51250,47.27807,PM10,AT
Austria,SPO.07.2227.56409.5.1,11.51250,47.27807,PM10,AT
Austria,SPO.07.2227.56409.5.1,11.51250,47.27807,PM10,AT
Austria,SPO.07.2227.56409.5.1,11.51250,47.27807,PM10,AT
Austria,SPO.07.2227.56409.5.1,11.51250,47.27807,PM10,AT
Austria,SPO.07.2227.56409.5.1,11.51250,47.27807,PM10,AT
Austria,SPO.07.2227.56410.5.1,11.51250,47.27807,PM10,AT
Austria,SPO.07.2311.55836.5.1,10.73648,47.21841,PM10,AT
Austria,SPO.07.2315.64318.5.1,10.73572,47.21695,PM10,AT
Austria,SPO.07.2315.64318.5.1,10.73572,47.21695,PM10,AT
Austria,SPO.07.2315.64318.5.1,10.73572,47.21695,PM10,AT
Austria,SPO.07.2315.64318.5.1,10.73572,47.21695,PM10,AT
Austria,SPO.07.2315.64318.5.1,10.73572,47.21695,PM10,AT
Austria,SPO.07.2315.64318.5.1,10.73572,47.21695,PM10,AT
Austria,SPO.07.2315.64318.5.1,10.73572,47.21695,PM10,AT
Austria,SPO.07.2315.64318.5.1,10.73572,47.21695,PM10,AT
Austria,SPO.07.2315.64318.5.1,10.73572,47.21695,PM10,AT
Austria,SPO.07.2315.64318.5.1,10.73572,47.21695,PM10,AT
Austria,SPO.07.2315.64318.5.1,10.73572,47.21695,PM10,AT
Austria,SPO.07.2315.64318.5.1,10.73572,47.21695,PM10,AT
Austria,SPO.07.2519.4033.5.1,11.87180,47.42855,PM10,AT
Austria,SPO.07.2519.4033.5.1,11.87180,47.42855,PM10,AT
Austria,SPO.07.2519.4571.5.1,11.87180,47.42855,PM10,AT
Austria,SPO.07.2519.4571.5.1,11.87180,47.42855,PM10,AT
Austria,SPO.07.2519.4571.5.1,11.87180,47.42855,PM10,AT
Austria,SPO.07.2519.4571.5.1,11.87180,47.42855,PM10,AT
Austria,SPO.07.2519.4571.5.1,11.87180,47.42855,PM10,AT
Austria,SPO.07.2519.4571.5.1,11.87180,47.42855,PM10,AT
Austria,SPO.07.2519.4571.5.1,11.87180,47.42855,PM10,AT
Austria,SPO.07.2519.4571.5.1,11.87180,47.42855,PM10,AT
Austria,SPO.07.2519.4571.5.1,11.87180,47.42855,PM10,AT
Austria,SPO.07.2519.4571.5.1,11.87180,47.42855,PM10,AT
Austria,SPO.07.2519.4571.5.1,11.87180,47.42855,PM10,AT
Austria,SPO.07.2519.4571.5.1,11.87180,47.42855,PM10,AT
Austria,SPO.07.2519.4571.5.1,11.87180,47.42855,PM10,AT
Austria,SPO.07.2519.4571.5.1,11.87180,47.42855,PM10,AT
Austria,SPO.07.2519.64515.6001.1,11.87180,47.42855,PM2.5,AT
Austria,SPO.07.2519.68763.6001.1,11.87180,47.42855,PM2.5,AT
Austria,SPO.07.2530.4600.5.1,12.06663,47.48856,PM10,AT
Austria,SPO.07.2530.4600.5.1,12.06663,47.48856,PM10,AT
Austria,SPO.07.2530.4600.5.1,12.06663,47.48856,PM10,AT
Austria,SPO.07.2530.4600.5.1,12.06663,47.48856,PM10,AT
Austria,SPO.07.2530.4600.5.1,12.06663,47.48856,PM10,AT
Austria,SPO.07.2530.4600.5.1,12.06663,47.48856,PM10,AT
Austria,SPO.07.2530.4600.5.1,12.06663,47.48856,PM10,AT
Austria,SPO.07.2530.4600.5.1,12.06663,47.48856,PM10,AT
Austria,SPO.07.2530.4600.5.1,12.06663,47.48856,PM10,AT
Austria,SPO.07.2530.4600.5.1,12.06663,47.48856,PM10,AT
Austria,SPO.07.2530.4600.5.1,12.06663,47.48856,PM10,AT
Austria,SPO.07.2530.4600.5.1,12.06663,47.48856,PM10,AT
Austria,SPO.07.2530.4600.5.1,12.06663,47.48856,PM10,AT
Austria,SPO.07.2530.4600.5.1,12.06663,47.48856,PM10,AT
Austria,SPO.07.2552.5564.5.1,12.17241,47.58181,PM10,AT
Austria,SPO.07.2552.5564.5.1,12.17241,47.58181,PM10,AT
Austria,SPO.07.2552.5564.5.1,12.17241,47.58181,PM10,AT
Austria,SPO.07.2552.5564.5.1,12.17241,47.58181,PM10,AT
Austria,SPO.07.2552.5564.5.1,12.17241,47.58181,PM10,AT
Austria,SPO.07.2552.5564.5.1,12.17241,47.58181,PM10,AT
Austria,SPO.07.2552.5564.5.1,12.17241,47.58181,PM10,AT
Austria,SPO.07.2552.5564.5.1,12.17241,47.58181,PM10,AT
Austria,SPO.07.2552.5564.5.1,12.17241,47.58181,PM10,AT
Austria,SPO.07.2552.5564.5.1,12.17241,47.58181,PM10,AT
Austria,SPO.07.2552.5564.5.1,12.17241,47.58181,PM10,AT
Austria,SPO.07.2552.5564.5.1,12.17241,47.58181,PM10,AT
Austria,SPO.07.2552.5564.5.1,12.17241,47.58181,PM10,AT
Austria,SPO.07.2710.5133.5.1,10.74412,47.44760,PM10,AT
Austria,SPO.07.2710.5133.5.1,10.74412,47.44760,PM10,AT
Austria,SPO.07.2710.5133.5.1,10.74412,47.44760,PM10,AT
Austria,SPO.07.2710.5133.5.1,10.74412,47.44760,PM10,AT
Austria,SPO.07.2710.5133.5.1,10.74412,47.44760,PM10,AT
Austria,SPO.07.2710.5133.5.1,10.74412,47.44760,PM10,AT
Austria,SPO.07.2710.5133.5.1,10.74412,47.44760,PM10,AT
Austria,SPO.07.2710.5133.5.1,10.74412,47.44760,PM10,AT
Austria,SPO.07.2710.5133.5.1,10.74412,47.44760,PM10,AT
Austria,SPO.07.2710.5133.5.1,10.74412,47.44760,PM10,AT
Austria,SPO.07.2710.5133.5.1,10.74412,47.44760,PM10,AT
Austria,SPO.07.2710.5133.5.1,10.74412,47.44760,PM10,AT
Austria,SPO.07.2710.5133.5.1,10.74412,47.44760,PM10,AT
Austria,SPO.07.2710.5133.5.1,10.74412,47.44760,PM10,AT
Austria,SPO.07.2710.68504.6001.1,10.74412,47.44760,PM2.5,AT
Austria,SPO.07.2710.68505.6001.1,10.74412,47.44760,PM2.5,AT
Austria,SPO.07.2821.4599.5.1,11.69203,47.34877,PM10,AT
Austria,SPO.07.2821.4599.5.1,11.69203,47.34877,PM10,AT
Austria,SPO.07.2821.4599.5.1,11.69203,47.34877,PM10,AT
Austria,SPO.07.2821.4599.5.1,11.69203,47.34877,PM10,AT
Austria,SPO.07.2821.4599.5.1,11.69203,47.34877,PM10,AT
Austria,SPO.07.2821.4599.5.1,11.69203,47.34877,PM10,AT
Austria,SPO.07.2821.4599.5.1,11.69203,47.34877,PM10,AT
Austria,SPO.07.2821.4599.5.1,11.69203,47.34877,PM10,AT
Austria,SPO.07.2821.4599.5.1,11.69203,47.34877,PM10,AT
Austria,SPO.07.2821.4599.5.1,11.69203,47.34877,PM10,AT
Austria,SPO.07.2821.4599.5.1,11.69203,47.34877,PM10,AT
Austria,SPO.07.2821.4599.5.1,11.69203,47.34877,PM10,AT
Austria,SPO.07.2821.4599.5.1,11.69203,47.34877,PM10,AT
Austria,SPO.07.2821.4599.5.1,11.69203,47.34877,PM10,AT
Austria,SPO.07.2821.4599.5.1,11.69203,47.34877,PM10,AT
Austria,SPO.07.2821.4599.5.1,11.69203,47.34877,PM10,AT
Austria,SPO.07.2821.4599.5.1,11.69203,47.34877,PM10,AT
Austria,SPO.07.2821.55475.5.1,11.69203,47.34877,PM10,AT
Austria,SPO.07.2821.68663.6001.1,11.69203,47.34877,PM2.5,AT
Austria,SPO.07.2822.4481.5.1,11.69454,47.34999,PM10,AT
Austria,SPO.07.2822.4481.5.1,11.69454,47.34999,PM10,AT
Austria,SPO.07.2822.4481.5.1,11.69454,47.34999,PM10,AT
Austria,SPO.07.2822.4481.5.1,11.69454,47.34999,PM10,AT
Austria,SPO.07.2822.4481.5.1,11.69454,47.34999,PM10,AT
Austria,SPO.07.2822.4481.5.1,11.69454,47.34999,PM10,AT
Austria,SPO.07.2822.4481.5.1,11.69454,47.34999,PM10,AT
Austria,SPO.07.2822.4481.5.1,11.69454,47.34999,PM10,AT
Austria,SPO.07.2822.4481.5.1,11.69454,47.34999,PM10,AT
Austria,SPO.07.2822.4481.5.1,11.69454,47.34999,PM10,AT
Austria,SPO.07.2822.4481.5.1,11.69454,47.34999,PM10,AT
Austria,SPO.07.2910.4589.5.1,12.76562,46.82773,PM10,AT
Austria,SPO.07.2910.4589.5.1,12.76562,46.82773,PM10,AT
Austria,SPO.07.2910.4589.5.1,12.76562,46.82773,PM10,AT
Austria,SPO.07.2910.4589.5.1,12.76562,46.82773,PM10,AT
Austria,SPO.07.2910.4589.5.1,12.76562,46.82773,PM10,AT
Austria,SPO.07.2910.4589.5.1,12.76562,46.82773,PM10,AT
Austria,SPO.07.2910.4589.5.1,12.76562,46.82773,PM10,AT
Austria,SPO.07.2910.4589.5.1,12.76562,46.82773,PM10,AT
Austria,SPO.07.2910.4589.5.1,12.76562,46.82773,PM10,AT
Austria,SPO.07.2910.4589.5.1,12.76562,46.82773,PM10,AT
Austria,SPO.07.2910.4589.5.1,12.76562,46.82773,PM10,AT
Austria,SPO.07.2910.4589.5.1,12.76562,46.82773,PM10,AT
Austria,SPO.07.2910.4589.5.1,12.76562,46.82773,PM10,AT
Austria,SPO.07.2910.4589.5.1,12.76562,46.82773,PM10,AT
Austria,SPO.07.2910.4589.5.1,12.76562,46.82773,PM10,AT
Austria,SPO.07.2910.55405.5.1,12.76562,46.82773,PM10,AT
Austria,SPO.07.2910.55405.5.1,12.76562,46.82773,PM10,AT
Austria,SPO.07.2910.64516.6001.1,12.76562,46.82773,PM2.5,AT
Austria,SPO.07.2910.68506.6001.1,12.76562,46.82773,PM2.5,AT
Austria,SPO.08.0706.55368.5.1,9.65371,47.41016,PM10,AT
Austria,SPO.08.0706.55368.5.1,9.65371,47.41016,PM10,AT
Austria,SPO.08.0706.65163.6001.1,9.65371,47.41016,PM2.5,AT
Austria,SPO.08.0706.65163.6001.1,9.65371,47.41016,PM2.5,AT
Austria,SPO.08.0709.55230.5.1,9.64055,47.45969,PM10,AT
Austria,SPO.08.0710.55231.5.1,9.65048,47.43249,PM10,AT
Austria,SPO.08.0710.55231.5.1,9.65048,47.43249,PM10,AT
Austria,SPO.08.0807.4954.5.1,9.74320,47.40945,PM10,AT
Austria,SPO.08.0807.4954.5.1,9.74320,47.40945,PM10,AT
Austria,SPO.08.0807.65162.6001.1,9.74320,47.40945,PM2.5,AT
Austria,SPO.08.0807.65162.6001.1,9.74320,47.40945,PM2.5,AT
Austria,SPO.08.1919.4035.5.1,9.59745,47.23915,PM10,AT
Austria,SPO.08.1919.4035.5.1,9.59745,47.23915,PM10,AT
Austria,SPO.08.1919.4955.5.1,9.59745,47.23915,PM10,AT
Austria,SPO.08.1919.4955.5.1,9.59745,47.23915,PM10,AT
Austria,SPO.08.2708.55660.5.1,9.82294,47.15648,PM10,AT
Austria,SPO.09.KE.55195.5.1,16.47605,48.15671,PM10,AT
Austria,SPO.09.KE.55195.5.1,16.47605,48.15671,PM10,AT
Austria,SPO.09.KE.55195.5.1,16.47605,48.15671,PM10,AT
Austria,SPO.09.KE.55195.5.1,16.47605,48.15671,PM10,AT
Austria,SPO.09.KE.55195.5.1,16.47605,48.15671,PM10,AT
Austria,SPO.09.KE.55254.5.1,16.47605,48.15671,PM10,AT
Austria,SPO.09.KE.55254.5.1,16.47605,48.15671,PM10,AT
Austria,SPO.09.KE.55254.5.1,16.47605,48.15671,PM10,AT
Austria,SPO.09.KE.55254.5.1,16.47605,48.15671,PM10,AT
Austria,SPO.09.KE.55254.5.1,16.47605,48.15671,PM10,AT
Austria,SPO.09.KE.55254.5.1,16.47605,48.15671,PM10,AT
Austria,SPO.09.KE.55254.5.1,16.47605,48.15671,PM10,AT
Austria,SPO.09.KE.55254.5.1,16.47605,48.15671,PM10,AT
Austria,SPO.09.KE.55254.5.1,16.47605,48.15671,PM10,AT
Austria,SPO.09.KE.55254.5.1,16.47605,48.15671,PM10,AT
Austria,SPO.09.KE.55254.5.1,16.47605,48.15671,PM10,AT
Austria,SPO.09.KE.55254.5.1,16.47605,48.15671,PM10,AT
Austria,SPO.09.KE.55254.5.1,16.47605,48.15671,PM10,AT
Austria,SPO.09.KE.55254.5.1,16.47605,48.15671,PM10,AT
Austria,SPO.09.KE.66730.6001.1,16.47605,48.15671,PM2.5,AT
Austria,SPO.09.KE.66730.6001.1,16.47605,48.15671,PM2.5,AT
Austria,SPO.09.KE.66730.6001.1,16.47605,48.15671,PM2.5,AT
Austria,SPO.09.KE.66730.6001.1,16.47605,48.15671,PM2.5,AT
Austria,SPO.09.KE.66730.6001.1,16.47605,48.15671,PM2.5,AT
Austria,SPO.09.KE.68290.6001.1,16.47605,48.15671,PM2.5,AT
Austria,SPO.09.A23.65513.5.1,16.43455,48.20306,PM10,AT
Austria,SPO.09.A23.65514.5.1,16.43455,48.20306,PM10,AT
Austria,SPO.09.A23.65514.5.1,16.43455,48.20306,PM10,AT
Austria,SPO.09.A23.65514.5.1,16.43455,48.20306,PM10,AT
Austria,SPO.09.A23.65514.5.1,16.43455,48.20306,PM10,AT
Austria,SPO.09.A23.65514.5.1,16.43455,48.20306,PM10,AT
Austria,SPO.09.A23.65514.5.1,16.43455,48.20306,PM10,AT
Austria,SPO.09.A23.65514.5.1,16.43455,48.20306,PM10,AT
Austria,SPO.09.A23.65514.5.1,16.43455,48.20306,PM10,AT
Austria,SPO.09.A23.65514.5.1,16.43455,48.20306,PM10,AT
Austria,SPO.09.A23.65514.5.1,16.43455,48.20306,PM10,AT
Austria,SPO.09.A23.65514.5.1,16.43455,48.20306,PM10,AT
Austria,SPO.09.A23.65515.6001.1,16.43455,48.20306,PM2.5,AT
Austria,SPO.09.A23.65515.6001.1,16.43455,48.20306,PM2.5,AT
Austria,SPO.09.A23.65516.6001.1,16.43455,48.20306,PM2.5,AT
Austria,SPO.09.A23.65516.6001.1,16.43455,48.20306,PM2.5,AT
Austria,SPO.09.A23.65516.6001.1,16.43455,48.20306,PM2.5,AT
Austria,SPO.09.A23.65516.6001.1,16.43455,48.20306,PM2.5,AT
Austria,SPO.09.A23.65516.6001.1,16.43455,48.20306,PM2.5,AT
Austria,SPO.09.A23.65516.6001.1,16.43455,48.20306,PM2.5,AT
Austria,SPO.09.A23.65516.6001.1,16.43455,48.20306,PM2.5,AT
Austria,SPO.09.A23.65516.6001.1,16.43455,48.20306,PM2.5,AT
Austria,SPO.09.A23.65516.6001.1,16.43455,48.20306,PM2.5,AT
Austria,SPO.09.A23.65516.6001.1,16.43455,48.20306,PM2.5,AT
Austria,SPO.09.AKC.5066.6001.1,16.34982,48.21911,PM2.5,AT
Austria,SPO.09.AKC.5066.6001.1,16.34982,48.21911,PM2.5,AT
Austria,SPO.09.AKC.5066.6001.1,16.34982,48.21911,PM2.5,AT
Austria,SPO.09.AKC.5066.6001.1,16.34982,48.21911,PM2.5,AT
Austria,SPO.09.AKC.5066.6001.1,16.34982,48.21911,PM2.5,AT
Austria,SPO.09.AKC.5066.6001.1,16.34982,48.21911,PM2.5,AT
Austria,SPO.09.AKC.5066.6001.1,16.34982,48.21911,PM2.5,AT
Austria,SPO.09.AKC.5066.6001.1,16.34982,48.21911,PM2.5,AT
Austria,SPO.09.AKC.5066.6001.1,16.34982,48.21911,PM2.5,AT
Austria,SPO.09.AKC.5066.6001.1,16.34982,48.21911,PM2.5,AT
Austria,SPO.09.AKC.5066.6001.1,16.34982,48.21911,PM2.5,AT
Austria,SPO.09.AKC.5066.6001.1,16.34982,48.21911,PM2.5,AT
Austria,SPO.09.AKC.5066.6001.1,16.34982,48.21911,PM2.5,AT
Austria,SPO.09.AKC.55370.5.1,16.34982,48.21911,PM10,AT
Austria,SPO.09.AKC.55370.5.1,16.34982,48.21911,PM10,AT
Austria,SPO.09.AKC.55371.6001.1,16.34982,48.21911,PM2.5,AT
Austria,SPO.09.AKC.55371.6001.1,16.34982,48.21911,PM2.5,AT
Austria,SPO.09.AKC.55397.5.1,16.34982,48.21911,PM10,AT
Austria,SPO.09.AKC.55397.5.1,16.34982,48.21911,PM10,AT
Austria,SPO.09.AKC.55397.5.1,16.34982,48.21911,PM10,AT
Austria,SPO.09.AKC.55397.5.1,16.34982,48.21911,PM10,AT
Austria,SPO.09.AKC.55397.5.1,16.34982,48.21911,PM10,AT
Austria,SPO.09.AKC.55397.5.1,16.34982,48.21911,PM10,AT
Austria,SPO.09.AKC.55397.5.1,16.34982,48.21911,PM10,AT
Austria,SPO.09.AKC.55397.5.1,16.34982,48.21911,PM10,AT
Austria,SPO.09.AKC.55397.5.1,16.34982,48.21911,PM10,AT
Austria,SPO.09.AKC.55397.5.1,16.34982,48.21911,PM10,AT
Austria,SPO.09.AKC.55397.5.1,16.34982,48.21911,PM10,AT
Austria,SPO.09.AKC.55397.5.1,16.34982,48.21911,PM10,AT
Austria,SPO.09.AKC.55397.5.1,16.34982,48.21911,PM10,AT
Austria,SPO.09.FLO.55194.5.1,16.39695,48.26109,PM10,AT
Austria,SPO.09.FLO.55194.5.1,16.39695,48.26109,PM10,AT
Austria,SPO.09.FLO.55194.5.1,16.39695,48.26109,PM10,AT
Austria,SPO.09.FLO.55194.5.1,16.39695,48.26109,PM10,AT
Austria,SPO.09.FLO.5861.5.1,16.39695,48.26109,PM10,AT
Austria,SPO.09.FLO.5861.5.1,16.39695,48.26109,PM10,AT
Austria,SPO.09.FLO.5861.5.1,16.39695,48.26109,PM10,AT
Austria,SPO.09.FLO.5861.5.1,16.39695,48.26109,PM10,AT
Austria,SPO.09.FLO.5861.5.1,16.39695,48.26109,PM10,AT
Austria,SPO.09.FLO.5861.5.1,16.39695,48.26109,PM10,AT
Austria,SPO.09.FLO.5861.5.1,16.39695,48.26109,PM10,AT
Austria,SPO.09.FLO.5861.5.1,16.39695,48.26109,PM10,AT
Austria,SPO.09.FLO.5861.5.1,16.39695,48.26109,PM10,AT
Austria,SPO.09.FLO.5861.5.1,16.39695,48.26109,PM10,AT
Austria,SPO.09.FLO.5861.5.1,16.39695,48.26109,PM10,AT
Austria,SPO.09.FLO.5861.5.1,16.39695,48.26109,PM10,AT
Austria,SPO.09.FLO.67351.6001.1,16.39695,48.26109,PM2.5,AT
Austria,SPO.09.FLO.67351.6001.1,16.39695,48.26109,PM2.5,AT
Austria,SPO.09.FLO.67351.6001.1,16.39695,48.26109,PM2.5,AT
Austria,SPO.09.FLO.67351.6001.1,16.39695,48.26109,PM2.5,AT
Austria,SPO.09.FLO.67351.6001.1,16.39695,48.26109,PM2.5,AT
Austria,SPO.09.FLO.67752.6001.1,16.39695,48.26109,PM2.5,AT
Austria,SPO.09.FLO.67752.6001.1,16.39695,48.26109,PM2.5,AT
Austria,SPO.09.LAA.55197.5.1,16.39292,48.16104,PM10,AT
Austria,SPO.09.LAA.55197.5.1,16.39292,48.16104,PM10,AT
Austria,SPO.09.LAA.55197.5.1,16.39292,48.16104,PM10,AT
Austria,SPO.09.LAA.5859.5.1,16.39292,48.16104,PM10,AT
Austria,SPO.09.LAA.5859.5.1,16.39292,48.16104,PM10,AT
Austria,SPO.09.LAA.5859.5.1,16.39292,48.16104,PM10,AT
Austria,SPO.09.LAA.5859.5.1,16.39292,48.16104,PM10,AT
Austria,SPO.09.LAA.5859.5.1,16.39292,48.16104,PM10,AT
Austria,SPO.09.LAA.5859.5.1,16.39292,48.16104,PM10,AT
Austria,SPO.09.LAA.5859.5.1,16.39292,48.16104,PM10,AT
Austria,SPO.09.LAA.5859.5.1,16.39292,48.16104,PM10,AT
Austria,SPO.09.LAA.5859.5.1,16.39292,48.16104,PM10,AT
Austria,SPO.09.LAA.5859.5.1,16.39292,48.16104,PM10,AT
Austria,SPO.09.LAA.5859.5.1,16.39292,48.16104,PM10,AT
Austria,SPO.09.LAA.5859.5.1,16.39292,48.16104,PM10,AT
Austria,SPO.09.LAA.5859.5.1,16.39292,48.16104,PM10,AT
Austria,SPO.09.LAA.5859.5.1,16.39292,48.16104,PM10,AT
Austria,SPO.09.LAA.67353.6001.1,16.39292,48.16104,PM2.5,AT
Austria,SPO.09.LAA.67353.6001.1,16.39292,48.16104,PM2.5,AT
Austria,SPO.09.LAA.67353.6001.1,16.39292,48.16104,PM2.5,AT
Austria,SPO.09.LAA.67353.6001.1,16.39292,48.16104,PM2.5,AT
Austria,SPO.09.LAA.67353.6001.1,16.39292,48.16104,PM2.5,AT
Austria,SPO.09.LAA.67353.6001.1,16.39292,48.16104,PM2.5,AT
Austria,SPO.09.LOB.55198.5.1,16.52561,48.16207,PM10,AT
Austria,SPO.09.LOB.55198.5.1,16.52561,48.16207,PM10,AT
Austria,SPO.09.LOB.55198.5.1,16.52561,48.16207,PM10,AT
Austria,SPO.09.LOB.55198.5.1,16.52561,48.16207,PM10,AT
Austria,SPO.09.LOB.5862.5.1,16.52561,48.16207,PM10,AT
Austria,SPO.09.LOB.5862.5.1,16.52561,48.16207,PM10,AT
Austria,SPO.09.LOB.5862.5.1,16.52561,48.16207,PM10,AT
Austria,SPO.09.LOB.5862.5.1,16.52561,48.16207,PM10,AT
Austria,SPO.09.LOB.5862.5.1,16.52561,48.16207,PM10,AT
Austria,SPO.09.LOB.5862.5.1,16.52561,48.16207,PM10,AT
Austria,SPO.09.LOB.5862.5.1,16.52561,48.16207,PM10,AT
Austria,SPO.09.LOB.5862.5.1,16.52561,48.16207,PM10,AT
Austria,SPO.09.LOB.5862.5.1,16.52561,48.16207,PM10,AT
Austria,SPO.09.LOB.5862.5.1,16.52561,48.16207,PM10,AT
Austria,SPO.09.LOB.5862.5.1,16.52561,48.16207,PM10,AT
Austria,SPO.09.LOB.5862.5.1,16.52561,48.16207,PM10,AT
Austria,SPO.09.LOB.5862.5.1,16.52561,48.16207,PM10,AT
Austria,SPO.09.LOB.64389.6001.1,16.52561,48.16207,PM2.5,AT
Austria,SPO.09.LOB.64389.6001.1,16.52561,48.16207,PM2.5,AT
Austria,SPO.09.LOB.64566.6001.1,16.52561,48.16207,PM2.5,AT
Austria,SPO.09.LOB.64566.6001.1,16.52561,48.16207,PM2.5,AT
Austria,SPO.09.LOB.64566.6001.1,16.52561,48.16207,PM2.5,AT
Austria,SPO.09.LOB.64566.6001.1,16.52561,48.16207,PM2.5,AT
Austria,SPO.09.LOB.64566.6001.1,16.52561,48.16207,PM2.5,AT
Austria,SPO.09.LOB.64566.6001.1,16.52561,48.16207,PM2.5,AT
Austria,SPO.09.LOB.64566.6001.1,16.52561,48.16207,PM2.5,AT
Austria,SPO.09.LOB.64566.6001.1,16.52561,48.16207,PM2.5,AT
Austria,SPO.09.LOB.64566.6001.1,16.52561,48.16207,PM2.5,AT
Austria,SPO.09.LOB.64566.6001.1,16.52561,48.16207,PM2.5,AT
Austria,SPO.09.LOB.64566.6001.1,16.52561,48.16207,PM2.5,AT
Austria,SPO.09.TAB.55388.5.1,16.38092,48.21674,PM10,AT
Austria,SPO.09.TAB.55388.5.1,16.38092,48.21674,PM10,AT
Austria,SPO.09.TAB.55388.5.1,16.38092,48.21674,PM10,AT
Austria,SPO.09.TAB.55388.5.1,16.38092,48.21674,PM10,AT
Austria,SPO.09.TAB.55388.5.1,16.38092,48.21674,PM10,AT
Austria,SPO.09.TAB.55388.5.1,16.38092,48.21674,PM10,AT
Austria,SPO.09.TAB.55388.5.1,16.38092,48.21674,PM10,AT
Austria,SPO.09.TAB.55388.5.1,16.38092,48.21674,PM10,AT
Austria,SPO.09.TAB.55388.5.1,16.38092,48.21674,PM10,AT
Austria,SPO.09.TAB.55388.5.1,16.38092,48.21674,PM10,AT
Austria,SPO.09.TAB.55388.5.1,16.38092,48.21674,PM10,AT
Austria,SPO.09.TAB.55388.5.1,16.38092,48.21674,PM10,AT
Austria,SPO.09.TAB.55388.5.1,16.38092,48.21674,PM10,AT
Austria,SPO.09.TAB.55388.5.1,16.38092,48.21674,PM10,AT
Austria,SPO.09.TAB.55388.5.1,16.38092,48.21674,PM10,AT
Austria,SPO.09.TAB.55388.5.1,16.38092,48.21674,PM10,AT
Austria,SPO.09.TAB.55610.5.1,16.38092,48.21674,PM10,AT
Austria,SPO.09.TAB.55610.5.1,16.38092,48.21674,PM10,AT
Austria,SPO.09.TAB.55610.5.1,16.38092,48.21674,PM10,AT
Austria,SPO.09.TAB.56213.6001.1,16.38092,48.21674,PM2.5,AT
Austria,SPO.09.TAB.56213.6001.1,16.38092,48.21674,PM2.5,AT
Austria,SPO.09.TAB.56213.6001.1,16.38092,48.21674,PM2.5,AT
Austria,SPO.09.TAB.56213.6001.1,16.38092,48.21674,PM2.5,AT
Austria,SPO.09.TAB.56213.6001.1,16.38092,48.21674,PM2.5,AT
Austria,SPO.09.TAB.56213.6001.1,16.38092,48.21674,PM2.5,AT
Austria,SPO.09.TAB.56213.6001.1,16.38092,48.21674,PM2.5,AT
Austria,SPO.09.TAB.56213.6001.1,16.38092,48.21674,PM2.5,AT
Austria,SPO.09.TAB.56213.6001.1,16.38092,48.21674,PM2.5,AT
Austria,SPO.09.TAB.56213.6001.1,16.38092,48.21674,PM2.5,AT
Austria,SPO.09.TAB.56213.6001.1,16.38092,48.21674,PM2.5,AT
Austria,SPO.09.TAB.56213.6001.1,16.38092,48.21674,PM2.5,AT
Austria,SPO.09.TAB.56213.6001.1,16.38092,48.21674,PM2.5,AT
Austria,SPO.09.TAB.56213.6001.1,16.38092,48.21674,PM2.5,AT
Austria,SPO.09.TAB.56396.6001.1,16.38092,48.21674,PM2.5,AT
Austria,SPO.09.B22A.68884.5.1,16.33984,48.19679,PM10,AT
Austria,SPO.09.BELG.5059.5.1,16.36142,48.17435,PM10,AT
Austria,SPO.09.BELG.5059.5.1,16.36142,48.17435,PM10,AT
Austria,SPO.09.BELG.5059.5.1,16.36142,48.17435,PM10,AT
Austria,SPO.09.BELG.5059.5.1,16.36142,48.17435,PM10,AT
Austria,SPO.09.BELG.5059.5.1,16.36142,48.17435,PM10,AT
Austria,SPO.09.BELG.5059.5.1,16.36142,48.17435,PM10,AT
Austria,SPO.09.BELG.5059.5.1,16.36142,48.17435,PM10,AT
Austria,SPO.09.BELG.5059.5.1,16.36142,48.17435,PM10,AT
Austria,SPO.09.BELG.5059.5.1,16.36142,48.17435,PM10,AT
Austria,SPO.09.BELG.5059.5.1,16.36142,48.17435,PM10,AT
Austria,SPO.09.BELG.5059.5.1,16.36142,48.17435,PM10,AT
Austria,SPO.09.BELG.5059.5.1,16.36142,48.17435,PM10,AT
Austria,SPO.09.BELG.5059.5.1,16.36142,48.17435,PM10,AT
Austria,SPO.09.BELG.5059.5.1,16.36142,48.17435,PM10,AT
Austria,SPO.09.BELG.5060.5.1,16.36142,48.17435,PM10,AT
Austria,SPO.09.BELG.5060.5.1,16.36142,48.17435,PM10,AT
Austria,SPO.09.BELG.5060.5.1,16.36142,48.17435,PM10,AT
Austria,SPO.09.BELG.67350.6001.1,16.36142,48.17435,PM2.5,AT
Austria,SPO.09.BELG.67350.6001.1,16.36142,48.17435,PM2.5,AT
Austria,SPO.09.BELG.67350.6001.1,16.36142,48.17435,PM2.5,AT
Austria,SPO.09.BELG.67350.6001.1,16.36142,48.17435,PM2.5,AT
Austria,SPO.09.BELG.67350.6001.1,16.36142,48.17435,PM2.5,AT
Austria,SPO.09.BELG.68289.6001.1,16.36142,48.17435,PM2.5,AT
Austria,SPO.09.GAUD.5061.5.1,16.33933,48.18715,PM10,AT
Austria,SPO.09.GAUD.5061.5.1,16.33933,48.18715,PM10,AT
Austria,SPO.09.GAUD.5061.5.1,16.33933,48.18715,PM10,AT
Austria,SPO.09.GAUD.5061.5.1,16.33933,48.18715,PM10,AT
Austria,SPO.09.GAUD.5061.5.1,16.33933,48.18715,PM10,AT
Austria,SPO.09.GAUD.5061.5.1,16.33933,48.18715,PM10,AT
Austria,SPO.09.GAUD.5061.5.1,16.33933,48.18715,PM10,AT
Austria,SPO.09.GAUD.5061.5.1,16.33933,48.18715,PM10,AT
Austria,SPO.09.GAUD.5061.5.1,16.33933,48.18715,PM10,AT
Austria,SPO.09.GAUD.5061.5.1,16.33933,48.18715,PM10,AT
Austria,SPO.09.GAUD.5061.5.1,16.33933,48.18715,PM10,AT
Austria,SPO.09.GAUD.5061.5.1,16.33933,48.18715,PM10,AT
Austria,SPO.09.GAUD.5062.5.1,16.33933,48.18715,PM10,AT
Austria,SPO.09.GAUD.5062.5.1,16.33933,48.18715,PM10,AT
Austria,SPO.09.GAUD.5062.5.1,16.33933,48.18715,PM10,AT
Austria,SPO.09.GAUD.5062.5.1,16.33933,48.18715,PM10,AT
Austria,SPO.09.GAUD.5062.5.1,16.33933,48.18715,PM10,AT
Austria,SPO.09.GAUD.67352.6001.1,16.33933,48.18715,PM2.5,AT
Austria,SPO.09.GAUD.67352.6001.1,16.33933,48.18715,PM2.5,AT
Austria,SPO.09.GAUD.67352.6001.1,16.33933,48.18715,PM2.5,AT
Austria,SPO.09.GAUD.67352.6001.1,16.33933,48.18715,PM2.5,AT
Austria,SPO.09.GAUD.67908.6001.1,16.33933,48.18715,PM2.5,AT
Austria,SPO.09.KEND.55196.5.1,16.30975,48.20500,PM10,AT
Austria,SPO.09.KEND.55196.5.1,16.30975,48.20500,PM10,AT
Austria,SPO.09.KEND.55196.5.1,16.30975,48.20500,PM10,AT
Austria,SPO.09.KEND.55196.5.1,16.30975,48.20500,PM10,AT
Austria,SPO.09.KEND.5860.5.1,16.30975,48.20500,PM10,AT
Austria,SPO.09.KEND.5860.5.1,16.30975,48.20500,PM10,AT
Austria,SPO.09.KEND.5860.5.1,16.30975,48.20500,PM10,AT
Austria,SPO.09.KEND.5860.5.1,16.30975,48.20500,PM10,AT
Austria,SPO.09.KEND.5860.5.1,16.30975,48.20500,PM10,AT
Austria,SPO.09.KEND.5860.5.1,16.30975,48.20500,PM10,AT
Austria,SPO.09.KEND.5860.5.1,16.30975,48.20500,PM10,AT
Austria,SPO.09.KEND.5860.5.1,16.30975,48.20500,PM10,AT
Austria,SPO.09.KEND.5860.5.1,16.30975,48.20500,PM10,AT
Austria,SPO.09.KEND.5860.5.1,16.30975,48.20500,PM10,AT
Austria,SPO.09.KEND.5860.5.1,16.30975,48.20500,PM10,AT
Austria,SPO.09.KEND.5860.5.1,16.30975,48.20500,PM10,AT
Austria,SPO.09.KEND.5860.5.1,16.30975,48.20500,PM10,AT
Austria,SPO.09.KEND.5860.5.1,16.30975,48.20500,PM10,AT
Austria,SPO.09.KEND.64383.6001.1,16.30975,48.20500,PM2.5,AT
Austria,SPO.09.KEND.64383.6001.1,16.30975,48.20500,PM2.5,AT
Austria,SPO.09.KEND.64383.6001.1,16.30975,48.20500,PM2.5,AT
Austria,SPO.09.KEND.64567.6001.1,16.30975,48.20500,PM2.5,AT
Austria,SPO.09.KEND.64567.6001.1,16.30975,48.20500,PM2.5,AT
Austria,SPO.09.KEND.64567.6001.1,16.30975,48.20500,PM2.5,AT
Austria,SPO.09.KEND.64567.6001.1,16.30975,48.20500,PM2.5,AT
Austria,SPO.09.KEND.64567.6001.1,16.30975,48.20500,PM2.5,AT
Austria,SPO.09.KEND.64567.6001.1,16.30975,48.20500,PM2.5,AT
Austria,SPO.09.KEND.64567.6001.1,16.30975,48.20500,PM2.5,AT
Austria,SPO.09.KEND.64567.6001.1,16.30975,48.20500,PM2.5,AT
Austria,SPO.09.KEND.64567.6001.1,16.30975,48.20500,PM2.5,AT
Austria,SPO.09.KEND.64567.6001.1,16.30975,48.20500,PM2.5,AT
Austria,SPO.09.KEND.64567.6001.1,16.30975,48.20500,PM2.5,AT
Austria,SPO.09.LIE1.67489.5.1,16.29259,48.14128,PM10,AT
Austria,SPO.09.LIE1.67489.5.1,16.29259,48.14128,PM10,AT
Austria,SPO.09.LIE1.67489.5.1,16.29259,48.14128,PM10,AT
Austria,SPO.09.LIE1.67489.5.1,16.29259,48.14128,PM10,AT
Austria,SPO.09.LIE1.67489.5.1,16.29259,48.14128,PM10,AT
Austria,SPO.09.LIE1.67489.5.1,16.29259,48.14128,PM10,AT
Austria,SPO.09.LIE1.67490.5.1,16.29259,48.14128,PM10,AT
Austria,SPO.09.LIE1.67490.5.1,16.29259,48.14128,PM10,AT
Austria,SPO.09.LIES.4956.5.1,16.30008,48.14125,PM10,AT
Austria,SPO.09.LIES.4956.5.1,16.30008,48.14125,PM10,AT
Austria,SPO.09.LIES.5511.5.1,16.30008,48.14125,PM10,AT
Austria,SPO.09.LIES.5511.5.1,16.30008,48.14125,PM10,AT
Austria,SPO.09.LIES.5511.5.1,16.30008,48.14125,PM10,AT
Austria,SPO.09.LIES.5511.5.1,16.30008,48.14125,PM10,AT
Austria,SPO.09.LIES.5511.5.1,16.30008,48.14125,PM10,AT
Austria,SPO.09.LIES.5511.5.1,16.30008,48.14125,PM10,AT
Austria,SPO.09.LIES.5511.5.1,16.30008,48.14125,PM10,AT
Austria,SPO.09.LIES.5511.5.1,16.30008,48.14125,PM10,AT
Austria,SPO.09.LIES.67354.6001.1,16.30008,48.14125,PM2.5,AT
Austria,SPO.09.LIES.67354.6001.1,16.30008,48.14125,PM2.5,AT
Austria,SPO.09.LIES.67354.6001.1,16.30008,48.14125,PM2.5,AT
Austria,SPO.09.LIES.67354.6001.1,16.30008,48.14125,PM2.5,AT
Austria,SPO.09.LIES.67354.6001.1,16.30008,48.14125,PM2.5,AT
Austria,SPO.09.LIES.68507.6001.1,16.30008,48.14125,PM2.5,AT
Austria,SPO.09.RINN.5064.5.1,16.40660,48.18414,PM10,AT
Austria,SPO.09.SCHA.4957.5.1,16.30156,48.23537,PM10,AT
Austria,SPO.09.SCHA.4957.5.1,16.30156,48.23537,PM10,AT
Austria,SPO.09.SCHA.4957.5.1,16.30156,48.23537,PM10,AT
Austria,SPO.09.SCHA.4957.5.1,16.30156,48.23537,PM10,AT
Austria,SPO.09.SCHA.5065.5.1,16.30156,48.23537,PM10,AT
Austria,SPO.09.SCHA.5065.5.1,16.30156,48.23537,PM10,AT
Austria,SPO.09.SCHA.5065.5.1,16.30156,48.23537,PM10,AT
Austria,SPO.09.SCHA.5065.5.1,16.30156,48.23537,PM10,AT
Austria,SPO.09.SCHA.5065.5.1,16.30156,48.23537,PM10,AT
Austria,SPO.09.SCHA.5065.5.1,16.30156,48.23537,PM10,AT
Austria,SPO.09.SCHA.5065.5.1,16.30156,48.23537,PM10,AT
Austria,SPO.09.SCHA.5065.5.1,16.30156,48.23537,PM10,AT
Austria,SPO.09.SCHA.5065.5.1,16.30156,48.23537,PM10,AT
Austria,SPO.09.SCHA.5065.5.1,16.30156,48.23537,PM10,AT
Austria,SPO.09.SCHA.5065.5.1,16.30156,48.23537,PM10,AT
Austria,SPO.09.SCHA.5065.5.1,16.30156,48.23537,PM10,AT
Austria,SPO.09.SCHA.66729.6001.1,16.30156,48.23537,PM2.5,AT
Austria,SPO.09.SCHA.66729.6001.1,16.30156,48.23537,PM2.5,AT
Austria,SPO.09.SCHA.66729.6001.1,16.30156,48.23537,PM2.5,AT
Austria,SPO.09.SCHA.66729.6001.1,16.30156,48.23537,PM2.5,AT
Austria,SPO.09.SCHA.66729.6001.1,16.30156,48.23537,PM2.5,AT
Austria,SPO.09.SCHA.68291.6001.1,16.30156,48.23537,PM2.5,AT
Austria,SPO.09.STAD.5517.5.1,16.45835,48.22636,PM10,AT
Austria,SPO.09.STAD.5517.5.1,16.45835,48.22636,PM10,AT
Austria,SPO.09.STAD.5517.5.1,16.45835,48.22636,PM10,AT
Austria,SPO.09.STAD.5517.5.1,16.45835,48.22636,PM10,AT
Austria,SPO.09.STAD.5517.5.1,16.45835,48.22636,PM10,AT
Austria,SPO.09.STAD.5517.5.1,16.45835,48.22636,PM10,AT
Austria,SPO.09.STAD.5517.5.1,16.45835,48.22636,PM10,AT
Austria,SPO.09.STAD.5517.5.1,16.45835,48.22636,PM10,AT
Austria,SPO.09.STAD.5517.5.1,16.45835,48.22636,PM10,AT
Austria,SPO.09.STAD.5517.5.1,16.45835,48.22636,PM10,AT
Austria,SPO.09.STAD.5517.5.1,16.45835,48.22636,PM10,AT
Austria,SPO.09.STAD.5517.5.1,16.45835,48.22636,PM10,AT
Austria,SPO.09.STAD.5517.5.1,16.45835,48.22636,PM10,AT
Austria,SPO.09.STAD.5517.5.1,16.45835,48.22636,PM10,AT
Austria,SPO.09.STAD.55199.5.1,16.45835,48.22636,PM10,AT
Austria,SPO.09.STAD.55199.5.1,16.45835,48.22636,PM10,AT
Austria,SPO.09.STAD.55199.5.1,16.45835,48.22636,PM10,AT
Austria,SPO.09.STAD.55199.5.1,16.45835,48.22636,PM10,AT
Austria,SPO.09.STAD.64391.6001.1,16.45835,48.22636,PM2.5,AT
Austria,SPO.09.STAD.64391.6001.1,16.45835,48.22636,PM2.5,AT
Austria,SPO.09.STAD.64391.6001.1,16.45835,48.22636,PM2.5,AT
Austria,SPO.09.STAD.64538.6001.1,16.45835,48.22636,PM2.5,AT
Austria,SPO.09.STAD.64538.6001.1,16.45835,48.22636,PM2.5,AT
Austria,SPO.09.STAD.64538.6001.1,16.45835,48.22636,PM2.5,AT
Austria,SPO.09.STAD.64538.6001.1,16.45835,48.22636,PM2.5,AT
Austria,SPO.09.STAD.64538.6001.1,16.45835,48.22636,PM2.5,AT
Austria,SPO.09.STAD.64538.6001.1,16.45835,48.22636,PM2.5,AT
Austria,SPO.09.STAD.64538.6001.1,16.45835,48.22636,PM2.5,AT
Austria,SPO.09.STAD.64538.6001.1,16.45835,48.22636,PM2.5,AT
Austria,SPO.09.STAD.64538.6001.1,16.45835,48.22636,PM2.5,AT
Austria,SPO.09.STAD.64538.6001.1,16.45835,48.22636,PM2.5,AT
Austria,SPO.09.STAD.64538.6001.1,16.45835,48.22636,PM2.5,AT
Austria,SPO.09.STAD.64538.6001.1,16.45835,48.22636,PM2.5,AT
Austria,SPO.10.ENK1.55203.5.1,13.67086,48.39164,PM10,AT
Austria,SPO.10.ENK1.55203.5.1,13.67086,48.39164,PM10,AT
Austria,SPO.10.ENK1.63744.5.2,13.67086,48.39164,PM10,AT
Austria,SPO.10.ENK1.63744.5.2,13.67086,48.39164,PM10,AT
Austria,SPO.10.ENK1.63744.5.2,13.67086,48.39164,PM10,AT
Austria,SPO.10.ENK1.63744.5.2,13.67086,48.39164,PM10,AT
Austria,SPO.10.ENK1.63744.5.2,13.67086,48.39164,PM10,AT
Austria,SPO.10.ENK1.63744.5.2,13.67086,48.39164,PM10,AT
Austria,SPO.10.ENK1.63744.5.2,13.67086,48.39164,PM10,AT
Austria,SPO.10.ENK1.63744.5.2,13.67086,48.39164,PM10,AT
Austria,SPO.10.ENK1.64509.6001.2,13.67086,48.39164,PM2.5,AT
Austria,SPO.10.ENK1.64509.6001.2,13.67086,48.39164,PM2.5,AT
Austria,SPO.10.ENK1.64509.6001.2,13.67086,48.39164,PM2.5,AT
Austria,SPO.10.ENK1.64509.6001.2,13.67086,48.39164,PM2.5,AT
Austria,SPO.10.ENK1.64509.6001.2,13.67086,48.39164,PM2.5,AT
Austria,SPO.10.ENK1.64509.6001.2,13.67086,48.39164,PM2.5,AT
Austria,SPO.10.ENK1.64605.6001.1,13.67086,48.39164,PM2.5,AT
Austria,SPO.10.ILL1.3861.5.1,16.76639,47.77028,PM10,AT
Austria,SPO.10.ILL1.3880.6001.1,16.76639,47.77028,PM2.5,AT
Austria,SPO.10.ILL1.3880.6001.1,16.76639,47.77028,PM2.5,AT
Austria,SPO.10.ILL1.3880.6001.1,16.76639,47.77028,PM2.5,AT
Austria,SPO.10.ILL1.3880.6001.1,16.76639,47.77028,PM2.5,AT
Austria,SPO.10.ILL1.64314.5.2,16.76639,47.77028,PM10,AT
Austria,SPO.10.ILL1.64314.5.2,16.76639,47.77028,PM10,AT
Austria,SPO.10.ILL1.64314.5.2,16.76639,47.77028,PM10,AT
Austria,SPO.10.ILL1.64314.5.2,16.76639,47.77028,PM10,AT
Austria,SPO.10.ILL1.64314.5.2,16.76639,47.77028,PM10,AT
Austria,SPO.10.ILL1.64670.6001.2,16.76639,47.77028,PM2.5,AT
Austria,SPO.10.ILL1.64670.6001.2,16.76639,47.77028,PM2.5,AT
Austria,SPO.10.ILL1.64670.6001.2,16.76639,47.77028,PM2.5,AT
Austria,SPO.10.ILL1.64670.6001.2,16.76639,47.77028,PM2.5,AT
Austria,SPO.10.KLH1.56121.5.1,15.95630,46.76720,PM10,AT
Austria,SPO.10.KLH1.56121.5.1,15.95630,46.76720,PM10,AT
Austria,SPO.10.KLH1.56121.5.1,15.95630,46.76720,PM10,AT
Austria,SPO.10.KLH1.56121.5.1,15.95630,46.76720,PM10,AT
Austria,SPO.10.KLH1.56121.5.1,15.95630,46.76720,PM10,AT
Austria,SPO.10.KLH1.63716.5.2,15.95630,46.76720,PM10,AT
Austria,SPO.10.KLH1.63716.5.2,15.95630,46.76720,PM10,AT
Austria,SPO.10.KLH1.63716.5.2,15.95630,46.76720,PM10,AT
Austria,SPO.10.KLH1.63716.5.2,15.95630,46.76720,PM10,AT
Austria,SPO.10.KLH1.63716.5.2,15.95630,46.76720,PM10,AT
Austria,SPO.10.PIL1.5054.5.1,15.93600,48.72120,PM10,AT
Austria,SPO.10.PIL1.5054.5.1,15.93600,48.72120,PM10,AT
Austria,SPO.10.PIL1.5054.5.1,15.93600,48.72120,PM10,AT
Austria,SPO.10.PIL1.5054.5.1,15.93600,48.72120,PM10,AT
Austria,SPO.10.PIL1.63743.5.2,15.93600,48.72120,PM10,AT
Austria,SPO.10.PIL1.63743.5.2,15.93600,48.72120,PM10,AT
Austria,SPO.10.PIL1.63743.5.2,15.93600,48.72120,PM10,AT
Austria,SPO.10.PIL1.63743.5.2,15.93600,48.72120,PM10,AT
Austria,SPO.10.PIL1.63743.5.2,15.93600,48.72120,PM10,AT
Austria,SPO.10.PIL1.63743.5.2,15.93600,48.72120,PM10,AT
Austria,SPO.10.PIL1.63743.5.2,15.93600,48.72120,PM10,AT
Austria,SPO.10.PIL1.63743.5.2,15.93600,48.72120,PM10,AT
Austria,SPO.10.PIL1.63743.5.2,15.93600,48.72120,PM10,AT
Austria,SPO.10.PIL1.63743.5.2,15.93600,48.72120,PM10,AT
Austria,SPO.10.PIL1.63743.5.2,15.93600,48.72120,PM10,AT
Austria,SPO.10.PIL1.64510.6001.2,15.93600,48.72120,PM2.5,AT
Austria,SPO.10.PIL1.64510.6001.2,15.93600,48.72120,PM2.5,AT
Austria,SPO.10.PIL1.64510.6001.2,15.93600,48.72120,PM2.5,AT
Austria,SPO.10.PIL1.64510.6001.2,15.93600,48.72120,PM2.5,AT
Austria,SPO.10.PIL1.64510.6001.2,15.93600,48.72120,PM2.5,AT
Austria,SPO.10.VOR1.3862.5.1,12.97460,46.67765,PM10,AT
Austria,SPO.10.VOR1.3862.5.1,12.97460,46.67765,PM10,AT
Austria,SPO.10.VOR1.64300.5.2,12.97460,46.67765,PM10,AT
Austria,SPO.10.VOR1.64300.5.2,12.97460,46.67765,PM10,AT
Austria,SPO.10.VOR1.64300.5.2,12.97460,46.67765,PM10,AT
Austria,SPO.10.VOR1.64300.5.2,12.97460,46.67765,PM10,AT
Austria,SPO.10.VOR1.64300.5.2,12.97460,46.67765,PM10,AT
Austria,SPO.10.VOR1.64300.5.2,12.97460,46.67765,PM10,AT
Austria,SPO.10.VOR1.64300.5.2,12.97460,46.67765,PM10,AT
Austria,SPO.10.ZOE2.55205.5.1,14.44091,47.83828,PM10,AT
Austria,SPO.10.ZOE2.55205.5.1,14.44091,47.83828,PM10,AT
Austria,SPO.10.ZOE2.55205.5.1,14.44091,47.83828,PM10,AT
Austria,SPO.10.ZOE2.65497.5.2,14.44091,47.83828,PM10,AT
Austria,SPO.10.ZOE2.65497.5.2,14.44091,47.83828,PM10,AT
Austria,SPO.10.ZOE2.65497.5.2,14.44091,47.83828,PM10,AT
Austria,SPO.10.ZOE2.65497.5.2,14.44091,47.83828,PM10,AT
Austria,SPO.10.ZOE2.65497.5.2,14.44091,47.83828,PM10,AT
Austria,SPO.10.ZOE2.65499.6001.2,14.44091,47.83828,PM2.5,AT
Austria,SPO.10.ZOE2.65499.6001.2,14.44091,47.83828,PM2.5,AT
Austria,SPO.10.ZOE2.65499.6001.2,14.44091,47.83828,PM2.5,AT
Austria,SPO.10.ZOE2.65499.6001.2,14.44091,47.83828,PM2.5,AT
Belgium,SPO-BETAND3_00005_100,4.31155,50.81998,PM10,BE
Belgium,SPO-BETAND3_00005_100,4.31155,50.81998,PM10,BE
Belgium,SPO-BETB011_00005_100,4.28871,50.85781,PM10,BE
Belgium,SPO-BETB011_00005_100,4.28871,50.85781,PM10,BE
Belgium,SPO-BETB011_06001_100,4.28871,50.85781,PM2.5,BE
Belgium,SPO-BETB011_06001_100,4.28871,50.85781,PM2.5,BE
Belgium,SPO-BETMEU1_00005_100,4.39572,50.89500,PM10,BE
Belgium,SPO-BETMEU1_00005_100,4.39572,50.89500,PM10,BE
Belgium,SPO-BETMEU1_06001_100,4.39572,50.89500,PM2.5,BE
Belgium,SPO-BETMEU1_06001_100,4.39572,50.89500,PM2.5,BE
Belgium,SPO-BETN043_00005_100,4.38298,50.88369,PM10,BE
Belgium,SPO-BETN043_00005_100,4.38298,50.88369,PM10,BE
Belgium,SPO-BETN043_06001_100,4.38298,50.88369,PM2.5,BE
Belgium,SPO-BETN043_06001_100,4.38298,50.88369,PM2.5,BE
Belgium,SPO-BETR001_00005_100,4.33410,50.84971,PM10,BE
Belgium,SPO-BETR001_00005_100,4.33410,50.84971,PM10,BE
Belgium,SPO-BETR001_06001_100,4.33410,50.84971,PM2.5,BE
Belgium,SPO-BETR001_06001_100,4.33410,50.84971,PM2.5,BE
Belgium,SPO-BETR012_00005_100,4.35862,50.79665,PM10,BE
Belgium,SPO-BETR012_00005_100,4.35862,50.79665,PM10,BE
Belgium,SPO-BETR012_06001_100,4.35862,50.79665,PM2.5,BE
Belgium,SPO-BETREG1_00005_100,4.36701,50.84357,PM10,BE
Belgium,SPO-BETREG1_06001_100,4.36701,50.84357,PM2.5,BE
Belgium,SPO-BETWOL1_00005_100,4.42576,50.85671,PM10,BE
Belgium,SPO-BETWOL1_00005_100,4.42576,50.85671,PM10,BE
Belgium,SPO-BEGBB15_06001_100,3.23407,51.21346,PM2.5,BE
Belgium,SPO-BEGBB29_06001_100,3.23292,51.21689,PM2.5,BE
Belgium,SPO-BEGR701_06001_100,3.72930,51.05833,PM2.5,BE
Belgium,SPO-BEGR801_06001_100,4.43182,51.20966,PM2.5,BE
Belgium,SPO-BEGR802_06001_100,4.43182,51.20966,PM2.5,BE
Belgium,SPO-BEGR803_00005_100,4.43182,51.20966,PM10,BE
Belgium,SPO-BEGR811_06001_100,4.49136,51.25210,PM2.5,BE
Belgium,SPO-BEGRT01_00005_100,5.05330,51.23086,PM10,BE
Belgium,SPO-BEGRT01_06001_100,5.05330,51.23086,PM2.5,BE
Belgium,SPO-BELAB01_00005_100,4.32985,51.28101,PM10,BE
Belgium,SPO-BELAB01_00005_100,4.32985,51.28101,PM10,BE
Belgium,SPO-BELAB01_00005_100,4.32985,51.28101,PM10,BE
Belgium,SPO-BELAB01_06001_100,4.32985,51.28101,PM2.5,BE
Belgium,SPO-BELAB02_00005_100,4.32182,51.34073,PM10,BE
Belgium,SPO-BELAB02_00005_100,4.32182,51.34073,PM10,BE
Belgium,SPO-BELAB02_06001_100,4.32182,51.34073,PM2.5,BE
Belgium,SPO-BELAL01_00005_100,4.38522,51.23619,PM10,BE
Belgium,SPO-BELAL01_00005_100,4.38522,51.23619,PM10,BE
Belgium,SPO-BELAL01_00005_100,4.38522,51.23619,PM10,BE
Belgium,SPO-BELAL01_06001_100,4.38522,51.23619,PM2.5,BE
Belgium,SPO-BELAL02_00005_100,4.23479,51.30456,PM10,BE
Belgium,SPO-BELAL02_06001_100,4.23479,51.30456,PM2.5,BE
Belgium,SPO-BELAL03_00005_100,4.20155,51.25397,PM10,BE
Belgium,SPO-BELAL03_06001_100,4.20155,51.25397,PM2.5,BE
Belgium,SPO-BELAL04_00005_100,4.29329,51.29069,PM10,BE
Belgium,SPO-BELAL04_06001_100,4.29329,51.29069,PM2.5,BE
Belgium,SPO-BELAL05_00005_100,4.27889,51.26314,PM10,BE
Belgium,SPO-BELAL05_06001_100,4.27889,51.26314,PM2.5,BE
Belgium,SPO-BELAL05_06001_100,4.27889,51.26314,PM2.5,BE
Belgium,SPO-BELAT83_00005_100,4.30499,51.33980,PM10,BE
Belgium,SPO-BELAT83_06001_100,4.30499,51.33980,PM2.5,BE
Belgium,SPO-BELEG05_00005_100,3.78608,51.17405,PM10,BE
Belgium,SPO-BELEG05_06001_100,3.78608,51.17405,PM2.5,BE
Belgium,SPO-BELGK06_00005_100,5.47069,50.92785,PM10,BE
Belgium,SPO-BELGK06_00005_100,5.47069,50.92785,PM10,BE
Belgium,SPO-BELGK06_06001_100,5.47069,50.92785,PM2.5,BE
Belgium,SPO-BELGK09_00005_100,5.49289,50.93461,PM10,BE
Belgium,SPO-BELHB23_00005_100,4.34093,51.17029,PM10,BE
Belgium,SPO-BELHB23_00005_100,4.34093,51.17029,PM10,BE
Belgium,SPO-BELHB23_06001_100,4.34093,51.17029,PM2.5,BE
Belgium,SPO-BELHH08_00005_100,5.37637,51.03158,PM10,BE
Belgium,SPO-BELHH08_06001_100,5.37637,51.03158,PM2.5,BE
Belgium,SPO-BELHR01_00005_100,4.01606,50.72700,PM10,BE
Belgium,SPO-BELKO01_00005_100,3.27375,50.83063,PM10,BE
Belgium,SPO-BELKO01_06001_100,3.27375,50.83063,PM2.5,BE
Belgium,SPO-BELML01_00005_100,4.46237,51.01599,PM10,BE
Belgium,SPO-BELML01_00005_100,4.46237,51.01599,PM10,BE
Belgium,SPO-BELML01_00005_100,4.46237,51.01599,PM10,BE
Belgium,SPO-BELML01_06001_100,4.46237,51.01599,PM2.5,BE
Belgium,SPO-BELML01_06001_100,4.46237,51.01599,PM2.5,BE
Belgium,SPO-BELML01_06001_100,4.46237,51.01599,PM2.5,BE
Belgium,SPO-BELML02_06001_100,4.50376,51.03207,PM2.5,BE
Belgium,SPO-BELMN01_00005_100,3.10965,50.79355,PM10,BE
Belgium,SPO-BELMN01_00005_100,3.10965,50.79355,PM10,BE
Belgium,SPO-BELMN01_06001_100,3.10965,50.79355,PM2.5,BE
Belgium,SPO-BELMN01_06001_100,3.10965,50.79355,PM2.5,BE
Belgium,SPO-BELOB01_00005_100,3.30740,50.91714,PM10,BE
Belgium,SPO-BELOB01_00005_100,3.30740,50.91714,PM10,BE
Belgium,SPO-BELOB01_00005_100,3.30740,50.91714,PM10,BE
Belgium,SPO-BELOB01_00005_100,3.30740,50.91714,PM10,BE
Belgium,SPO-BELOB01_00005_100,3.30740,50.91714,PM10,BE
Belgium,SPO-BELOB01_00005_100,3.30740,50.91714,PM10,BE
Belgium,SPO-BELOB01_06001_100,3.30740,50.91714,PM2.5,BE
Belgium,SPO-BELOB02_00005_100,3.37621,50.91495,PM10,BE
Belgium,SPO-BELOB02_00005_100,3.37621,50.91495,PM10,BE
Belgium,SPO-BELOB02_06001_100,3.37621,50.91495,PM2.5,BE
Belgium,SPO-BELR801_00005_100,4.43182,51.20966,PM10,BE
Belgium,SPO-BELR801_06001_100,4.43182,51.20966,PM2.5,BE
Belgium,SPO-BELR833_00005_100,4.36217,51.32771,PM10,BE
Belgium,SPO-BELR833_00005_100,4.36217,51.32771,PM10,BE
Belgium,SPO-BELR833_06001_100,4.36217,51.32771,PM2.5,BE
Belgium,SPO-BELRB01_00005_100,4.33123,51.08940,PM10,BE
Belgium,SPO-BELRB01_06001_100,4.33123,51.08940,PM2.5,BE
Belgium,SPO-BELRL01_00005_100,3.12108,50.95337,PM10,BE
Belgium,SPO-BELRL01_00005_100,3.12108,50.95337,PM10,BE
Belgium,SPO-BELRL01_06001_100,3.12108,50.95337,PM2.5,BE
Belgium,SPO-BELRM06_00005_100,4.42153,51.08023,PM10,BE
Belgium,SPO-BELRM06_06001_100,4.42153,51.08023,PM2.5,BE
Belgium,SPO-BELSA04_00005_100,4.40387,51.31393,PM10,BE
Belgium,SPO-BELSA04_06001_100,4.40387,51.31393,PM2.5,BE
Belgium,SPO-BELSZ01_00005_100,4.50418,50.91458,PM10,BE
Belgium,SPO-BELSZ01_00005_100,4.50418,50.91458,PM10,BE
Belgium,SPO-BELSZ01_06001_100,4.50418,50.91458,PM2.5,BE
Belgium,SPO-BELSZ01_06001_100,4.50418,50.91458,PM2.5,BE
Belgium,SPO-BELSZ02_00005_100,4.51218,50.91302,PM10,BE
Belgium,SPO-BELSZ02_00005_100,4.51218,50.91302,PM10,BE
Belgium,SPO-BELSZ02_06001_100,4.51218,50.91302,PM2.5,BE
Belgium,SPO-BELSZ05_00005_100,4.51518,50.91665,PM10,BE
Belgium,SPO-BELSZ05_06001_100,4.51518,50.91665,PM2.5,BE
Belgium,SPO-BELTR01_00005_100,4.17121,51.11855,PM10,BE
Belgium,SPO-BELWZ01_00005_100,5.24352,51.20633,PM10,BE
Belgium,SPO-BELZD01_00005_100,4.32592,51.21550,PM10,BE
Belgium,SPO-BEMGN05_00005_100,3.71588,51.02653,PM10,BE
Belgium,SPO-BEMHB01_00005_100,4.33996,51.17215,PM10,BE
Belgium,SPO-BEMHB17_00005_100,4.33786,51.17030,PM10,BE
Belgium,SPO-BEMHB18_00005_100,4.34412,51.17388,PM10,BE
Belgium,SPO-BEMHB23_00005_100,4.34101,51.17030,PM10,BE
Belgium,SPO-BETAL09_00005_100,4.36846,51.21989,PM10,BE
Belgium,SPO-BETAL09_06001_100,4.36846,51.21989,PM2.5,BE
Belgium,SPO-BETAL10_00005_100,4.36846,51.21989,PM10,BE
Belgium,SPO-BETAL10_06001_100,4.36846,51.21989,PM2.5,BE
Belgium,SPO-BETDU07_00005_100,4.44879,51.22635,PM10,BE
Belgium,SPO-BETDU07_06001_100,4.44879,51.22635,PM2.5,BE
Belgium,SPO-BETGK11_00005_100,5.52031,50.93149,PM10,BE
Belgium,SPO-BETGK11_06001_100,5.52031,50.93149,PM2.5,BE
Belgium,SPO-BETM705_00005_100,3.15240,50.94536,PM10,BE
Belgium,SPO-BETM705_00005_100,3.15240,50.94536,PM10,BE
Belgium,SPO-BETM705_06001_100,3.15240,50.94536,PM2.5,BE
Belgium,SPO-BETM802_00005_100,4.42440,51.26099,PM10,BE
Belgium,SPO-BETM802_00005_100,4.42440,51.26099,PM10,BE
Belgium,SPO-BETM802_00005_100,4.42440,51.26099,PM10,BE
Belgium,SPO-BETM802_06001_100,4.42440,51.26099,PM2.5,BE
Belgium,SPO-BETN012_00005_100,3.36254,51.25457,PM10,BE
Belgium,SPO-BETN012_06001_100,3.36254,51.25457,PM2.5,BE
Belgium,SPO-BETN016_00005_100,5.16398,51.23365,PM10,BE
Belgium,SPO-BETN016_06001_100,5.16398,51.23365,PM2.5,BE
Belgium,SPO-BETN029_00005_100,2.58232,51.01628,PM10,BE
Belgium,SPO-BETN029_06001_100,2.58232,51.01628,PM2.5,BE
Belgium,SPO-BETN035_00005_100,4.83762,50.97758,PM10,BE
Belgium,SPO-BETN035_06001_100,4.83762,50.97758,PM2.5,BE
Belgium,SPO-BETN045_00005_100,5.36838,50.93971,PM10,BE
Belgium,SPO-BETN045_00005_100,5.36838,50.93971,PM10,BE
Belgium,SPO-BETN045_06001_100,5.36838,50.93971,PM2.5,BE
Belgium,SPO-BETN047_00005_100,5.35321,50.93554,PM10,BE
Belgium,SPO-BETN047_06001_100,5.35321,50.93554,PM2.5,BE
Belgium,SPO-BETN052_00005_100,3.32249,50.81487,PM10,BE
Belgium,SPO-BETN052_06001_100,3.32249,50.81487,PM2.5,BE
Belgium,SPO-BETN054_00005_100,5.10316,50.71171,PM10,BE
Belgium,SPO-BETN054_06001_100,5.10316,50.71171,PM2.5,BE
Belgium,SPO-BETR020_00005_100,4.43672,50.94139,PM10,BE
Belgium,SPO-BETR020_06001_100,4.43672,50.94139,PM2.5,BE
Belgium,SPO-BETR701_00005_100,3.72930,51.05833,PM10,BE
Belgium,SPO-BETR701_00005_100,3.72930,51.05833,PM10,BE
Belgium,SPO-BETR701_06001_100,3.72930,51.05833,PM2.5,BE
Belgium,SPO-BETR701_06001_100,3.72930,51.05833,PM2.5,BE
Belgium,SPO-BETR702_00005_100,3.73483,51.04075,PM10,BE
Belgium,SPO-BETR702_00005_100,3.73483,51.04075,PM10,BE
Belgium,SPO-BETR702_06001_100,3.73483,51.04075,PM2.5,BE
Belgium,SPO-BETR710_00005_100,3.77526,51.06128,PM10,BE
Belgium,SPO-BETR710_06001_100,3.77526,51.06128,PM2.5,BE
Belgium,SPO-BETR731_00005_100,3.73950,51.12469,PM10,BE
Belgium,SPO-BETR731_00005_100,3.73950,51.12469,PM10,BE
Belgium,SPO-BETR731_00005_100,3.73950,51.12469,PM10,BE
Belgium,SPO-BETR731_06001_100,3.73950,51.12469,PM2.5,BE
Belgium,SPO-BETR731_06001_100,3.73950,51.12469,PM2.5,BE
Belgium,SPO-BETR740_00005_100,3.80874,51.15014,PM10,BE
Belgium,SPO-BETR740_06001_100,3.80874,51.15014,PM2.5,BE
Belgium,SPO-BETR750_00005_100,3.82292,51.19606,PM10,BE
Belgium,SPO-BETR750_00005_100,3.82292,51.19606,PM10,BE
Belgium,SPO-BETR750_06001_100,3.82292,51.19606,PM2.5,BE
Belgium,SPO-BETR801_00005_100,4.43182,51.20966,PM10,BE
Belgium,SPO-BETR801_00005_100,4.43182,51.20966,PM10,BE
Belgium,SPO-BETR801_06001_100,4.43182,51.20966,PM2.5,BE
Belgium,SPO-BETR802_00005_100,4.43166,51.20944,PM10,BE
Belgium,SPO-BETR802_00005_100,4.43166,51.20944,PM10,BE
Belgium,SPO-BETR802_00005_100,4.43166,51.20944,PM10,BE
Belgium,SPO-BETR802_06001_100,4.43166,51.20944,PM2.5,BE
Belgium,SPO-BETR802_06001_100,4.43166,51.20944,PM2.5,BE
Belgium,SPO-BETR803_00005_100,4.42848,51.22864,PM10,BE
Belgium,SPO-BETR803_06001_100,4.42848,51.22864,PM2.5,BE
Belgium,SPO-BETR804_00005_100,4.44200,51.20620,PM10,BE
Belgium,SPO-BETR804_06001_100,4.44200,51.20620,PM2.5,BE
Belgium,SPO-BETR805_00005_100,4.42154,51.20825,PM10,BE
Belgium,SPO-BETR805_06001_100,4.42154,51.20825,PM2.5,BE
Belgium,SPO-BETR811_00005_100,4.49136,51.25210,PM10,BE
Belgium,SPO-BETR811_00005_100,4.49136,51.25210,PM10,BE
Belgium,SPO-BETR811_06001_100,4.49136,51.25210,PM2.5,BE
Belgium,SPO-BETR815_00005_100,4.33282,51.21465,PM10,BE
Belgium,SPO-BETR815_00005_100,4.33282,51.21465,PM10,BE
Belgium,SPO-BETR815_06001_100,4.33282,51.21465,PM2.5,BE
Belgium,SPO-BETR817_00005_100,4.41796,51.17719,PM10,BE
Belgium,SPO-BETR817_06001_100,4.41796,51.17719,PM2.5,BE
Belgium,SPO-BETR818_00005_100,4.35048,51.21223,PM10,BE
Belgium,SPO-BETR818_06001_100,4.35048,51.21223,PM2.5,BE
Belgium,SPO-BETR822_00005_100,4.34128,51.26429,PM10,BE
Belgium,SPO-BETR822_06001_100,4.34128,51.26429,PM2.5,BE
Belgium,SPO-BETR823_00005_100,4.24049,51.21324,PM10,BE
Belgium,SPO-BETR823_06001_100,4.24049,51.21324,PM2.5,BE
Belgium,SPO-BETR831_00005_100,4.33971,51.34880,PM10,BE
Belgium,SPO-BETR831_06001_100,4.33971,51.34880,PM2.5,BE
Belgium,SPO-BETR832_00005_100,4.35359,51.08049,PM10,BE
Belgium,SPO-BETR834_00005_100,4.38015,51.09195,PM10,BE
Belgium,SPO-BETR834_06001_100,4.38015,51.09195,PM2.5,BE
Belgium,SPO-BETR841_00005_100,4.46932,51.00253,PM10,BE
Belgium,SPO-BETR841_06001_100,4.46932,51.00253,PM2.5,BE
Belgium,SPO-BETR841_06001_100,4.46932,51.00253,PM2.5,BE
Belgium,SPO-BETR842_00005_100,4.48326,51.02037,PM10,BE
Belgium,SPO-BETR842_06001_100,4.48326,51.02037,PM2.5,BE
Belgium,SPO-BETZD01_00005_100,4.32592,51.21550,PM10,BE
Belgium,SPO-BETZD01_06001_100,4.32592,51.21550,PM2.5,BE
Belgium,SPO-BETZD08_00005_100,4.33152,51.22731,PM10,BE
Belgium,SPO-BETZD08_06001_100,4.33152,51.22731,PM2.5,BE
Belgium,SPO-BETH201_00005_100,5.54746,50.62499,PM10,BE
Belgium,SPO-BETH201_00005_100,5.54746,50.62499,PM10,BE
Belgium,SPO-BETH201_06001_100,5.54746,50.62499,PM2.5,BE
Belgium,SPO-BETM204_00005_100,5.61115,50.61192,PM10,BE
Belgium,SPO-BETM204_06001_100,5.61115,50.61192,PM2.5,BE
Belgium,SPO-BETN060_00005_100,3.45762,50.61672,PM10,BE
Belgium,SPO-BETN060_06001_100,3.45762,50.61672,PM2.5,BE
Belgium,SPO-BETN063_00005_100,4.66829,50.65544,PM10,BE
Belgium,SPO-BETN063_00005_100,4.66829,50.65544,PM10,BE
Belgium,SPO-BETN063_06001_100,4.66829,50.65544,PM2.5,BE
Belgium,SPO-BETN064_00005_100,4.49436,50.72089,PM10,BE
Belgium,SPO-BETN064_06001_100,4.49436,50.72089,PM2.5,BE
Belgium,SPO-BETN066_00005_100,6.00233,50.62886,PM10,BE
Belgium,SPO-BETN066_00005_100,6.00233,50.62886,PM10,BE
Belgium,SPO-BETN066_06001_100,6.00233,50.62886,PM2.5,BE
Belgium,SPO-BETN067_00005_100,5.99275,50.61228,PM10,BE
Belgium,SPO-BETN067_06001_100,5.99275,50.61228,PM2.5,BE
Belgium,SPO-BETN070_00005_100,3.93971,50.46519,PM10,BE
Belgium,SPO-BETN070_00005_100,3.93971,50.46519,PM10,BE
Belgium,SPO-BETN070_06001_100,3.93971,50.46519,PM2.5,BE
Belgium,SPO-BETN073_00005_100,4.98842,50.50272,PM10,BE
Belgium,SPO-BETN073_00005_100,4.98842,50.50272,PM10,BE
Belgium,SPO-BETN073_06001_100,4.98842,50.50272,PM2.5,BE
Belgium,SPO-BETN085_00005_100,6.00174,50.30321,PM10,BE
Belgium,SPO-BETN085_00005_100,6.00174,50.30321,PM10,BE
Belgium,SPO-BETN085_06001_100,6.00174,50.30321,PM2.5,BE
Belgium,SPO-BETN093_00005_100,5.23517,50.27448,PM10,BE
Belgium,SPO-BETN093_00005_100,5.23517,50.27448,PM10,BE
Belgium,SPO-BETN093_06001_100,5.23517,50.27448,PM2.5,BE
Belgium,SPO-BETN100_00005_100,4.59476,50.09568,PM10,BE
Belgium,SPO-BETN100_00005_100,4.59476,50.09568,PM10,BE
Belgium,SPO-BETN100_06001_100,4.59476,50.09568,PM2.5,BE
Belgium,SPO-BETN113_00005_100,5.59302,50.02703,PM10,BE
Belgium,SPO-BETN113_00005_100,5.59302,50.02703,PM10,BE
Belgium,SPO-BETN113_06001_100,5.59302,50.02703,PM2.5,BE
Belgium,SPO-BETN121_00005_100,5.20239,49.87713,PM10,BE
Belgium,SPO-BETN121_00005_100,5.20239,49.87713,PM10,BE
Belgium,SPO-BETN121_06001_100,5.20239,49.87713,PM2.5,BE
Belgium,SPO-BETN132_00005_100,5.63040,49.71928,PM10,BE
Belgium,SPO-BETN132_00005_100,5.63040,49.71928,PM10,BE
Belgium,SPO-BETN132_06001_100,5.63040,49.71928,PM2.5,BE
Belgium,SPO-BETR201_00005_100,5.57523,50.62865,PM10,BE
Belgium,SPO-BETR201_06001_100,5.57523,50.62865,PM2.5,BE
Belgium,SPO-BETR202_00005_100,5.57178,50.63798,PM10,BE
Belgium,SPO-BETR202_06001_100,5.57178,50.63798,PM2.5,BE
Belgium,SPO-BETR215_00005_100,5.69015,50.72797,PM10,BE
Belgium,SPO-BETR215_06001_100,5.69015,50.72797,PM2.5,BE
Belgium,SPO-BETR221_00005_100,5.62784,50.65844,PM10,BE
Belgium,SPO-BETR221_00005_100,5.62784,50.65844,PM10,BE
Belgium,SPO-BETR221_06001_100,5.62784,50.65844,PM2.5,BE
Belgium,SPO-BETR222_00005_100,5.57022,50.61341,PM10,BE
Belgium,SPO-BETR222_00005_100,5.57022,50.61341,PM10,BE
Belgium,SPO-BETR222_06001_100,5.57022,50.61341,PM2.5,BE
Belgium,SPO-BETR223_00005_100,5.51640,50.62067,PM10,BE
Belgium,SPO-BETR223_00005_100,5.51640,50.62067,PM10,BE
Belgium,SPO-BETR223_06001_100,5.51640,50.62067,PM2.5,BE
Belgium,SPO-BETR235_00005_100,5.43864,50.63092,PM10,BE
Belgium,SPO-BETR235_06001_100,5.43864,50.63092,PM2.5,BE
Belgium,SPO-BETR240_00005_100,5.39745,50.58361,PM10,BE
Belgium,SPO-BETR240_00005_100,5.39745,50.58361,PM10,BE
Belgium,SPO-BETR240_00005_100,5.39745,50.58361,PM10,BE
Belgium,SPO-BETR240_00005_100,5.39745,50.58361,PM10,BE
Belgium,SPO-BETR240_06001_100,5.39745,50.58361,PM2.5,BE
Belgium,SPO-BETR401_00005_100,4.86526,50.46243,PM10,BE
Belgium,SPO-BETR401_06001_100,4.86526,50.46243,PM2.5,BE
Belgium,SPO-BETR501_00005_100,4.45217,50.40931,PM10,BE
Belgium,SPO-BETR501_00005_100,4.45217,50.40931,PM10,BE
Belgium,SPO-BETR501_06001_100,4.45217,50.40931,PM2.5,BE
Belgium,SPO-BETR502_00005_100,4.45868,50.42900,PM10,BE
Belgium,SPO-BETR502_00005_100,4.45868,50.42900,PM10,BE
Belgium,SPO-BETR502_06001_100,4.45868,50.42900,PM2.5,BE
Belgium,SPO-BETR503_00005_100,4.44849,50.40919,PM10,BE
Belgium,SPO-BETR503_06001_100,4.44849,50.40919,PM2.5,BE
Belgium,SPO-BETR510_00005_100,4.52113,50.41643,PM10,BE
Belgium,SPO-BETR510_00005_100,4.52113,50.41643,PM10,BE
Belgium,SPO-BETR510_06001_100,4.52113,50.41643,PM2.5,BE
Belgium,SPO-BETR511_00005_100,4.42470,50.37759,PM10,BE
Belgium,SPO-BETR511_06001_100,4.42470,50.37759,PM2.5,BE
Belgium,SPO-BETR512_00005_100,4.39590,50.40781,PM10,BE
Belgium,SPO-BETR512_00005_100,4.39590,50.40781,PM10,BE
Belgium,SPO-BETR512_06001_100,4.39590,50.40781,PM2.5,BE
Switzerland,SPO-CH0017A_00005_100,7.58208,47.56590,PM10,CH
Switzerland,SPO-CH0017A_00005_100,7.58208,47.56590,PM10,CH
Switzerland,SPO-CH0017A_00005_100,7.58208,47.56590,PM10,CH
Switzerland,SPO-CH0017A_00005_100,7.58208,47.56590,PM10,CH
Switzerland,SPO-CH0017A_00005_100,7.58208,47.56590,PM10,CH
Switzerland,SPO-CH0017A_00005_100,7.58208,47.56590,PM10,CH
Switzerland,SPO-CH0017A_06001_100,7.58208,47.56590,PM2.5,CH
Switzerland,SPO-CH0029A_00005_100,7.59471,47.56700,PM10,CH
Switzerland,SPO-CH0029A_00005_100,7.59471,47.56700,PM10,CH
Switzerland,SPO-CH0029A_00005_100,7.59471,47.56700,PM10,CH
Switzerland,SPO-CH0029A_06001_100,7.59471,47.56700,PM2.5,CH
Switzerland,SPO-CH0002R_00005_100,6.94448,46.81310,PM10,CH
Switzerland,SPO-CH0002R_00005_100,6.94448,46.81310,PM10,CH
Switzerland,SPO-CH0002R_00005_100,6.94448,46.81310,PM10,CH
Switzerland,SPO-CH0002R_00005_100,6.94448,46.81310,PM10,CH
Switzerland,SPO-CH0002R_06001_100,6.94448,46.81310,PM2.5,CH
Switzerland,SPO-CH0002R_06001_100,6.94448,46.81310,PM2.5,CH
Switzerland,SPO-CH0003R_00005_100,8.90468,47.47980,PM10,CH
Switzerland,SPO-CH0003R_00005_100,8.90468,47.47980,PM10,CH
Switzerland,SPO-CH0003R_00005_100,8.90468,47.47980,PM10,CH
Switzerland,SPO-CH0003R_00005_100,8.90468,47.47980,PM10,CH
Switzerland,SPO-CH0003R_00005_100,8.90468,47.47980,PM10,CH
Switzerland,SPO-CH0003R_00005_100,8.90468,47.47980,PM10,CH
Switzerland,SPO-CH0003R_00005_100,8.90468,47.47980,PM10,CH
Switzerland,SPO-CH0003R_00005_100,8.90468,47.47980,PM10,CH
Switzerland,SPO-CH0003R_06001_100,8.90468,47.47980,PM2.5,CH
Switzerland,SPO-CH0004R_00005_100,6.97915,47.04950,PM10,CH
Switzerland,SPO-CH0004R_00005_100,6.97915,47.04950,PM10,CH
Switzerland,SPO-CH0004R_00005_100,6.97915,47.04950,PM10,CH
Switzerland,SPO-CH0004R_00005_100,6.97915,47.04950,PM10,CH
Switzerland,SPO-CH0004R_00005_100,6.97915,47.04950,PM10,CH
Switzerland,SPO-CH0005A_00005_100,8.61340,47.40290,PM10,CH
Switzerland,SPO-CH0005A_00005_100,8.61340,47.40290,PM10,CH
Switzerland,SPO-CH0005A_00005_100,8.61340,47.40290,PM10,CH
Switzerland,SPO-CH0005A_00005_100,8.61340,47.40290,PM10,CH
Switzerland,SPO-CH0005A_06001_100,8.61340,47.40290,PM2.5,CH
Switzerland,SPO-CH0005A_06001_100,8.61340,47.40290,PM2.5,CH
Switzerland,SPO-CH0005R_00005_100,8.46333,47.06740,PM10,CH
Switzerland,SPO-CH0005R_00005_100,8.46333,47.06740,PM10,CH
Switzerland,SPO-CH0005R_00005_100,8.46333,47.06740,PM10,CH
Switzerland,SPO-CH0005R_00005_100,8.46333,47.06740,PM10,CH
Switzerland,SPO-CH0005R_06001_100,8.46333,47.06740,PM2.5,CH
Switzerland,SPO-CH0005R_06001_100,8.46333,47.06740,PM2.5,CH
Switzerland,SPO-CH0008A_00005_100,7.58328,47.54110,PM10,CH
Switzerland,SPO-CH0008A_00005_100,7.58328,47.54110,PM10,CH
Switzerland,SPO-CH0008A_00005_100,7.58328,47.54110,PM10,CH
Switzerland,SPO-CH0008A_00005_100,7.58328,47.54110,PM10,CH
Switzerland,SPO-CH0008A_00005_100,7.58328,47.54110,PM10,CH
Switzerland,SPO-CH0008A_00005_100,7.58328,47.54110,PM10,CH
Switzerland,SPO-CH0008A_06001_100,7.58328,47.54110,PM2.5,CH
Switzerland,SPO-CH0008A_06001_100,7.58328,47.54110,PM2.5,CH
Switzerland,SPO-CH0008A_06001_100,7.58328,47.54110,PM2.5,CH
Switzerland,SPO-CH0010A_00005_100,8.53041,47.37760,PM10,CH
Switzerland,SPO-CH0010A_00005_100,8.53041,47.37760,PM10,CH
Switzerland,SPO-CH0010A_00005_100,8.53041,47.37760,PM10,CH
Switzerland,SPO-CH0010A_00005_100,8.53041,47.37760,PM10,CH
Switzerland,SPO-CH0010A_06001_100,8.53041,47.37760,PM2.5,CH
Switzerland,SPO-CH0010A_06001_100,8.53041,47.37760,PM2.5,CH
Switzerland,SPO-CH0011A_00005_100,8.95710,46.01110,PM10,CH
Switzerland,SPO-CH0011A_00005_100,8.95710,46.01110,PM10,CH
Switzerland,SPO-CH0011A_00005_100,8.95710,46.01110,PM10,CH
Switzerland,SPO-CH0011A_00005_100,8.95710,46.01110,PM10,CH
Switzerland,SPO-CH0011A_06001_100,8.95710,46.01110,PM2.5,CH
Switzerland,SPO-CH0011A_06001_100,8.95710,46.01110,PM2.5,CH
Switzerland,SPO-CH0028A_00005_100,6.63963,46.52200,PM10,CH
Switzerland,SPO-CH0028A_00005_100,6.63963,46.52200,PM10,CH
Switzerland,SPO-CH0028A_00005_100,6.63963,46.52200,PM10,CH
Switzerland,SPO-CH0028A_00005_100,6.63963,46.52200,PM10,CH
Switzerland,SPO-CH0028A_06001_100,6.63963,46.52200,PM2.5,CH
Switzerland,SPO-CH0031A_00005_100,7.44087,46.95100,PM10,CH
Switzerland,SPO-CH0031A_00005_100,7.44087,46.95100,PM10,CH
Switzerland,SPO-CH0031A_00005_100,7.44087,46.95100,PM10,CH
Switzerland,SPO-CH0031A_00005_100,7.44087,46.95100,PM10,CH
Switzerland,SPO-CH0031A_06001_100,7.44087,46.95100,PM2.5,CH
Switzerland,SPO-CH0031A_06001_100,7.44087,46.95100,PM2.5,CH
Switzerland,SPO-CH0031A_06001_100,7.44087,46.95100,PM2.5,CH
Switzerland,SPO-CH0032A_00005_100,7.82051,47.31190,PM10,CH
Switzerland,SPO-CH0032A_00005_100,7.82051,47.31190,PM10,CH
Switzerland,SPO-CH0032A_00005_100,7.82051,47.31190,PM10,CH
Switzerland,SPO-CH0032A_00005_100,7.82051,47.31190,PM10,CH
Switzerland,SPO-CH0032A_06001_100,7.82051,47.31190,PM2.5,CH
Switzerland,SPO-CH0032A_06001_100,7.82051,47.31190,PM2.5,CH
Switzerland,SPO-CH0033A_00005_100,8.93394,46.16030,PM10,CH
Switzerland,SPO-CH0033A_00005_100,8.93394,46.16030,PM10,CH
Switzerland,SPO-CH0033A_00005_100,8.93394,46.16030,PM10,CH
Switzerland,SPO-CH0033A_00005_100,8.93394,46.16030,PM10,CH
Switzerland,SPO-CH0033A_00005_100,8.93394,46.16030,PM10,CH
Switzerland,SPO-CH0033A_06001_100,8.93394,46.16030,PM2.5,CH
Switzerland,SPO-CH0033A_06001_100,8.93394,46.16030,PM2.5,CH
Switzerland,SPO-CH0052A_00005_100,7.34202,46.22010,PM10,CH
Switzerland,SPO-CH0052A_00005_100,7.34202,46.22010,PM10,CH
Switzerland,SPO-CH0052A_00005_100,7.34202,46.22010,PM10,CH
Switzerland,SPO-CH0052A_00005_100,7.34202,46.22010,PM10,CH
Switzerland,SPO-CH0052A_00005_100,7.34202,46.22010,PM10,CH
Switzerland,SPO-CH0052A_06001_100,7.34202,46.22010,PM2.5,CH
Switzerland,SPO-CH0053R_00005_100,8.17544,47.18960,PM10,CH
Switzerland,SPO-CH0053R_06001_100,8.17544,47.18960,PM2.5,CH
Switzerland,SPO-CH0020A_00005_100,7.44958,46.94910,PM10,CH
Switzerland,SPO-CH0020A_00005_100,7.44958,46.94910,PM10,CH
Switzerland,SPO-CH0020A_00005_100,7.44958,46.94910,PM10,CH
Switzerland,SPO-CH0054A_00005_100,7.46252,46.96310,PM10,CH
Switzerland,SPO-CH0054A_06001_100,7.46252,46.96310,PM2.5,CH
Switzerland,SPO-CH0041A_00005_100,7.47872,46.97640,PM10,CH
Switzerland,SPO-CH0041A_00005_100,7.47872,46.97640,PM10,CH
Switzerland,SPO-CH0024A_00005_100,7.14833,46.13900,PM10,CH
Switzerland,SPO-CH0024A_00005_100,7.14833,46.13900,PM10,CH
Switzerland,SPO-CH0024A_00005_100,7.14833,46.13900,PM10,CH
Switzerland,SPO-CH0024A_00005_100,7.14833,46.13900,PM10,CH
Switzerland,SPO-CH0024A_00005_100,7.14833,46.13900,PM10,CH
Switzerland,SPO-CH0024A_00005_100,7.14833,46.13900,PM10,CH
Switzerland,SPO-CH0024A_00005_100,7.14833,46.13900,PM10,CH
Switzerland,SPO-CH0024A_06001_100,7.14833,46.13900,PM2.5,CH
Switzerland,SPO-CH0024A_06001_100,7.14833,46.13900,PM2.5,CH
Switzerland,SPO-CH0024A_06001_100,7.14833,46.13900,PM2.5,CH
Switzerland,SPO-CH0043A_00005_100,8.96729,46.02550,PM10,CH
Switzerland,SPO-CH0043A_00005_100,8.96729,46.02550,PM10,CH
Switzerland,SPO-CH0043A_00005_100,8.96729,46.02550,PM10,CH
Switzerland,SPO-CH0043A_00005_100,8.96729,46.02550,PM10,CH
Switzerland,SPO-CH0043A_00005_100,8.96729,46.02550,PM10,CH
Switzerland,SPO-CH0043A_06001_100,8.96729,46.02550,PM2.5,CH
Switzerland,SPO-CH0061A_00005_100,6.62230,46.53580,PM10,CH
Switzerland,SPO-CH0061A_00005_100,6.62230,46.53580,PM10,CH
Switzerland,SPO-CH0061A_06001_100,6.62230,46.53580,PM2.5,CH
Switzerland,SPO-CH0061A_06001_100,6.62230,46.53580,PM2.5,CH
Switzerland,SPO-CH0045A_00005_100,6.22128,46.27810,PM10,CH
Switzerland,SPO-CH0046A_00005_100,6.21125,46.19560,PM10,CH
Switzerland,SPO-CH0046A_00005_100,6.21125,46.19560,PM10,CH
Switzerland,SPO-CH0046A_06001_100,6.21125,46.19560,PM2.5,CH
Switzerland,SPO-CH0046A_06001_100,6.21125,46.19560,PM2.5,CH
Switzerland,SPO-CH0048A_00005_100,6.15129,46.21610,PM10,CH
Switzerland,SPO-CH0049A_00005_100,6.13221,46.19890,PM10,CH
Switzerland,SPO-CH0050A_00005_100,6.07417,46.23110,PM10,CH
Switzerland,SPO-CH0050A_00005_100,6.07417,46.23110,PM10,CH
Switzerland,SPO-CH0050A_00005_100,6.07417,46.23110,PM10,CH
Switzerland,SPO-CH0050A_00005_100,6.07417,46.23110,PM10,CH
Switzerland,SPO-CH0050A_00005_100,6.07417,46.23110,PM10,CH
Switzerland,SPO-CH0050A_06001_100,6.07417,46.23110,PM2.5,CH
Switzerland,SPO-CH0051A_00005_100,6.00518,46.16260,PM10,CH
Switzerland,SPO-CH0051A_00005_100,6.00518,46.16260,PM10,CH
Switzerland,SPO-CH0051A_00005_100,6.00518,46.16260,PM10,CH
Switzerland,SPO-CH0051A_00005_100,6.00518,46.16260,PM10,CH
Switzerland,SPO-CH0051A_06001_100,6.00518,46.16260,PM2.5,CH
Switzerland,SPO-CH0055A_00005_100,6.14113,46.20780,PM10,CH
Switzerland,SPO-CH0055A_00005_100,6.14113,46.20780,PM10,CH
Switzerland,SPO-CH0055A_00005_100,6.14113,46.20780,PM10,CH
Switzerland,SPO-CH0055A_00005_100,6.14113,46.20780,PM10,CH
Switzerland,SPO-CH0055A_00005_100,6.14113,46.20780,PM10,CH
Switzerland,SPO-CH0055A_06001_100,6.14113,46.20780,PM2.5,CH
Switzerland,SPO-CH0055A_06001_100,6.14113,46.20780,PM2.5,CH
Switzerland,SPO-CH0055A_06001_100,6.14113,46.20780,PM2.5,CH
Switzerland,SPO-CH0013A_00005_100,8.53981,47.38680,PM10,CH
Switzerland,SPO-CH0013A_00005_100,8.53981,47.38680,PM10,CH
Switzerland,SPO-CH0013A_00005_100,8.53981,47.38680,PM10,CH
Switzerland,SPO-CH0013A_00005_100,8.53981,47.38680,PM10,CH
Switzerland,SPO-CH0013A_00005_100,8.53981,47.38680,PM10,CH
Switzerland,SPO-CH0013A_00005_100,8.53981,47.38680,PM10,CH
Switzerland,SPO-CH0013A_00005_100,8.53981,47.38680,PM10,CH
Switzerland,SPO-CH0013A_00005_100,8.53981,47.38680,PM10,CH
Switzerland,SPO-CH0013A_00005_100,8.53981,47.38680,PM10,CH
Switzerland,SPO-CH0013A_00005_100,8.53981,47.38680,PM10,CH
Switzerland,SPO-CH0013A_00005_100,8.53981,47.38680,PM10,CH
Switzerland,SPO-CH0013A_00005_100,8.53981,47.38680,PM10,CH
Switzerland,SPO-CH0013A_00005_100,8.53981,47.38680,PM10,CH
Switzerland,SPO-CH0013A_06001_100,8.53981,47.38680,PM2.5,CH
Switzerland,SPO-CH0013A_06001_100,8.53981,47.38680,PM2.5,CH
Switzerland,SPO-CH0013A_06001_100,8.53981,47.38680,PM2.5,CH
Switzerland,SPO-CH0013A_06001_100,8.53981,47.38680,PM2.5,CH
Switzerland,SPO-CH0014A_00005_100,8.73184,47.50020,PM10,CH
Switzerland,SPO-CH0014A_00005_100,8.73184,47.50020,PM10,CH
Switzerland,SPO-CH0014A_00005_100,8.73184,47.50020,PM10,CH
Switzerland,SPO-CH0014A_00005_100,8.73184,47.50020,PM10,CH
Switzerland,SPO-CH0014A_00005_100,8.73184,47.50020,PM10,CH
Switzerland,SPO-CH0014A_00005_100,8.73184,47.50020,PM10,CH
Switzerland,SPO-CH0014A_00005_100,8.73184,47.50020,PM10,CH
Switzerland,SPO-CH0014A_00005_100,8.73184,47.50020,PM10,CH
Switzerland,SPO-CH0014A_00005_100,8.73184,47.50020,PM10,CH
Switzerland,SPO-CH0014A_00005_100,8.73184,47.50020,PM10,CH
Switzerland,SPO-CH0014A_00005_100,8.73184,47.50020,PM10,CH
Switzerland,SPO-CH0019A_00005_100,9.39438,47.40670,PM10,CH
Switzerland,SPO-CH0019A_00005_100,9.39438,47.40670,PM10,CH
Switzerland,SPO-CH0019A_00005_100,9.39438,47.40670,PM10,CH
Switzerland,SPO-CH0019A_00005_100,9.39438,47.40670,PM10,CH
Switzerland,SPO-CH0019A_00005_100,9.39438,47.40670,PM10,CH
Switzerland,SPO-CH0019A_00005_100,9.39438,47.40670,PM10,CH
Switzerland,SPO-CH0019A_06001_100,9.39438,47.40670,PM2.5,CH
Switzerland,SPO-CH0019A_06001_100,9.39438,47.40670,PM2.5,CH
Switzerland,SPO-CH0021A_00005_100,8.52354,47.37090,PM10,CH
Switzerland,SPO-CH0021A_00005_100,8.52354,47.37090,PM10,CH
Switzerland,SPO-CH0021A_00005_100,8.52354,47.37090,PM10,CH
Switzerland,SPO-CH0021A_00005_100,8.52354,47.37090,PM10,CH
Switzerland,SPO-CH0021A_00005_100,8.52354,47.37090,PM10,CH
Switzerland,SPO-CH0021A_00005_100,8.52354,47.37090,PM10,CH
Switzerland,SPO-CH0021A_00005_100,8.52354,47.37090,PM10,CH
Switzerland,SPO-CH0021A_00005_100,8.52354,47.37090,PM10,CH
Switzerland,SPO-CH0021A_00005_100,8.52354,47.37090,PM10,CH
Switzerland,SPO-CH0021A_00005_100,8.52354,47.37090,PM10,CH
Switzerland,SPO-CH0021A_00005_100,8.52354,47.37090,PM10,CH
Switzerland,SPO-CH0021A_00005_100,8.52354,47.37090,PM10,CH
Switzerland,SPO-CH0021A_00005_100,8.52354,47.37090,PM10,CH
Switzerland,SPO-CH0021A_06001_100,8.52354,47.37090,PM2.5,CH
Switzerland,SPO-CH0021A_06001_100,8.52354,47.37090,PM2.5,CH
Switzerland,SPO-CH0021A_06001_100,8.52354,47.37090,PM2.5,CH
Switzerland,SPO-CH0021A_06001_100,8.52354,47.37090,PM2.5,CH
Switzerland,SPO-CH0042A_00005_100,9.38652,47.42890,PM10,CH
Switzerland,SPO-CH0042A_00005_100,9.38652,47.42890,PM10,CH
Switzerland,SPO-CH0042A_00005_100,9.38652,47.42890,PM10,CH
Switzerland,SPO-CH0042A_00005_100,9.38652,47.42890,PM10,CH
Switzerland,SPO-CH0042A_00005_100,9.38652,47.42890,PM10,CH
Switzerland,SPO-CH0042A_00005_100,9.38652,47.42890,PM10,CH
Switzerland,SPO-CH0042A_00005_100,9.38652,47.42890,PM10,CH
Switzerland,SPO-CH0042A_00005_100,9.38652,47.42890,PM10,CH
Switzerland,SPO-CH0044A_00005_100,8.57012,47.43870,PM10,CH
Switzerland,SPO-CH0044A_00005_100,8.57012,47.43870,PM10,CH
Switzerland,SPO-CH0044A_00005_100,8.57012,47.43870,PM10,CH
Switzerland,SPO-CH0044A_00005_100,8.57012,47.43870,PM10,CH
Switzerland,SPO-CH0044A_00005_100,8.57012,47.43870,PM10,CH
Switzerland,SPO-CH0044A_00005_100,8.57012,47.43870,PM10,CH
Switzerland,SPO-CH0044A_00005_100,8.57012,47.43870,PM10,CH
Switzerland,SPO-CH0044A_00005_100,8.57012,47.43870,PM10,CH
Switzerland,SPO-CH0044A_00005_100,8.57012,47.43870,PM10,CH
Switzerland,SPO-CH0044A_00005_100,8.57012,47.43870,PM10,CH
Switzerland,SPO-CH0044A_00005_100,8.57012,47.43870,PM10,CH
Switzerland,SPO-CH0044A_00005_100,8.57012,47.43870,PM10,CH
Switzerland,SPO-CH0044A_06001_100,8.57012,47.43870,PM2.5,CH
Switzerland,SPO-CH0044A_06001_100,8.57012,47.43870,PM2.5,CH
Switzerland,SPO-CH0044A_06001_100,8.57012,47.43870,PM2.5,CH
Switzerland,SPO-CH0057A_00005_100,9.37399,47.42710,PM10,CH
Switzerland,SPO-CH0057A_00005_100,9.37399,47.42710,PM10,CH
Switzerland,SPO-CH0057A_00005_100,9.37399,47.42710,PM10,CH
Switzerland,SPO-CH0057A_00005_100,9.37399,47.42710,PM10,CH
Switzerland,SPO-CH0057A_00005_100,9.37399,47.42710,PM10,CH
Switzerland,SPO-CH0057A_00005_100,9.37399,47.42710,PM10,CH
Switzerland,SPO-CH0057A_06001_100,9.37399,47.42710,PM2.5,CH
Switzerland,SPO-CH0057A_06001_100,9.37399,47.42710,PM2.5,CH
Switzerland,SPO-CH0057A_06001_100,9.37399,47.42710,PM2.5,CH
Switzerland,SPO-CH0057A_06001_100,9.37399,47.42710,PM2.5,CH
Switzerland,SPO-CH0058A_00005_100,8.52608,47.39520,PM10,CH
Switzerland,SPO-CH0058A_00005_100,8.52608,47.39520,PM10,CH
Switzerland,SPO-CH0058A_00005_100,8.52608,47.39520,PM10,CH
Switzerland,SPO-CH0058A_00005_100,8.52608,47.39520,PM10,CH
Switzerland,SPO-CH0058A_00005_100,8.52608,47.39520,PM10,CH
Switzerland,SPO-CH0058A_06001_100,8.52608,47.39520,PM2.5,CH
Switzerland,SPO-CH0058A_06001_100,8.52608,47.39520,PM2.5,CH
Switzerland,SPO-CH0058A_06001_100,8.52608,47.39520,PM2.5,CH
Switzerland,SPO-CH0059A_00005_100,8.56592,47.38150,PM10,CH
Switzerland,SPO-CH0059A_00005_100,8.56592,47.38150,PM10,CH
Switzerland,SPO-CH0059A_00005_100,8.56592,47.38150,PM10,CH
Switzerland,SPO-CH0059A_00005_100,8.56592,47.38150,PM10,CH
Switzerland,SPO-CH0059A_00005_100,8.56592,47.38150,PM10,CH
Switzerland,SPO-CH0060A_00005_100,8.72035,47.50820,PM10,CH
Switzerland,SPO-CH0060A_00005_100,8.72035,47.50820,PM10,CH
Switzerland,SPO-CH0060A_00005_100,8.72035,47.50820,PM10,CH
Switzerland,SPO-CH0060A_00005_100,8.72035,47.50820,PM10,CH
Switzerland,SPO-CH0022A_00005_100,8.30068,47.06770,PM10,CH
Switzerland,SPO-CH0022A_00005_100,8.30068,47.06770,PM10,CH
Switzerland,SPO-CH0056A_00005_100,8.30439,47.04580,PM10,CH
Switzerland,SPO-CH0056A_00005_100,8.30439,47.04580,PM10,CH
Switzerland,SPO-CH0056A_00005_100,8.30439,47.04580,PM10,CH
Switzerland,SPO-CH0056A_06001_100,8.30439,47.04580,PM2.5,CH
Czechia,SPO.CZ_ABRAA_PM10_40270,14.41183,50.04200,PM10,CZ
Czechia,SPO.CZ_ABREA_PM10_1317407,14.38012,50.08438,PM10,CZ
Czechia,SPO.CZ_ACHOA_PM10_1410479,14.51745,50.03017,PM10,CZ
Czechia,SPO.CZ_ACHOA_PM10_1410479,14.51745,50.03017,PM10,CZ
Czechia,SPO.CZ_AHOLA_PM10_1668680,14.44365,50.10884,PM10,CZ
Czechia,SPO.CZ_AHOLA_PM2_5_1668670,14.44365,50.10884,PM2.5,CZ
Czechia,SPO.CZ_AKALA_PM10_41236,14.44205,50.09424,PM10,CZ
Czechia,SPO.CZ_AKOBA_PM10_40311,14.46758,50.12219,PM10,CZ
Czechia,SPO.CZ_ALEGA_PM10_867416,14.43067,50.07239,PM10,CZ
Czechia,SPO.CZ_ALEGA_PM2_5_867419,14.43067,50.07239,PM2.5,CZ
Czechia,SPO.CZ_ALIBA_PM10_40285,14.44593,50.00731,PM10,CZ
Czechia,SPO.CZ_ALIBA_PM2_5_40288,14.44593,50.00731,PM2.5,CZ
Czechia,SPO.CZ_ANUXM_PM10_1649109,14.42756,50.06614,PM10,CZ
Czechia,SPO.CZ_APRUA_PM10_194125,14.53782,50.06230,PM10,CZ
Czechia,SPO.CZ_AREPA_PM10_783591,14.42922,50.08807,PM10,CZ
Czechia,SPO.CZ_ARIEA_PM10_40261,14.44269,50.08148,PM10,CZ
Czechia,SPO.CZ_ARIEA_PM2_5_867322,14.44269,50.08148,PM2.5,CZ
Czechia,SPO.CZ_ASMIA_PM10_41074,14.39814,50.07314,PM10,CZ
Czechia,SPO.CZ_ASMIA_PM2_5_868166,14.39814,50.07314,PM2.5,CZ
Czechia,SPO.CZ_ASTOA_PM10_41242,14.33141,50.04613,PM10,CZ
Czechia,SPO.CZ_ASTOA_PM2_5_867319,14.33141,50.04613,PM2.5,CZ
Czechia,SPO.CZ_ASUCA_PM10_40237,14.38464,50.12653,PM10,CZ
Czechia,SPO.CZ_AVEXA_PM10_1023215,14.35257,50.09746,PM10,CZ
Czechia,SPO.CZ_AVRSA_PM10_40316,14.44615,50.06643,PM10,CZ
Czechia,SPO.CZ_AVYNA_PM10_41248,14.50310,50.11108,PM10,CZ
Czechia,SPO.CZ_BBDNA_PM10_1193937,16.61629,49.20272,PM10,CZ
Czechia,SPO.CZ_BBDNA_PM2_5_1316708,16.61629,49.20272,PM2.5,CZ
Czechia,SPO.CZ_BBNEM_PM10_779958,16.62050,49.25554,PM10,CZ
Czechia,SPO.CZ_BBNFM_PM10_199724,16.56776,49.21647,PM10,CZ
Czechia,SPO.CZ_BBNIA_PM10_1368848,16.67802,49.21321,PM10,CZ
Czechia,SPO.CZ_BBNIA_PM2_5_1368852,16.67802,49.21321,PM2.5,CZ
Czechia,SPO.CZ_BBNIM_PM2_5_867838,16.67802,49.21321,PM2.5,CZ
Czechia,SPO.CZ_BBNVA_PM10_1369778,16.59364,49.19809,PM10,CZ
Czechia,SPO.CZ_BBNVA_PM2_5_1369782,16.59364,49.19809,PM2.5,CZ
Czechia,SPO.CZ_BBNVM_PM10_545121,16.59364,49.19809,PM10,CZ
Czechia,SPO.CZ_BBNYA_PM10_40797,16.69622,49.14897,PM10,CZ
Czechia,SPO.CZ_BBNYA_PM2_5_40798,16.69622,49.14897,PM2.5,CZ
Czechia,SPO.CZ_BKUCA_PM10_1417316,16.08582,48.88136,PM10,CZ
Czechia,SPO.CZ_BKUCA_PM2_5_1417321,16.08582,48.88136,PM2.5,CZ
Czechia,SPO.CZ_BKUCA_PM2_5_1696446,16.08582,48.88136,PM2.5,CZ
Czechia,SPO.CZ_BKUCM_PM10_199721,16.08582,48.88136,PM10,CZ
Czechia,SPO.CZ_BLOCM_PM10_345638,17.07073,49.06875,PM10,CZ
Czechia,SPO.CZ_BMISA_PM10_40822,16.72450,48.79177,PM10,CZ
Czechia,SPO.CZ_BMISA_PM2_5_849536,16.72450,48.79177,PM2.5,CZ
Czechia,SPO.CZ_BVYSM_PM10_199730,16.97962,49.28096,PM10,CZ
Czechia,SPO.CZ_BZNOA_PM10_41141,16.06013,48.84296,PM10,CZ
Czechia,SPO.CZ_BZNOA_PM2_5_849544,16.06013,48.84296,PM2.5,CZ
Czechia,SPO.CZ_CCBDA_PM10_40742,14.46568,48.98439,PM10,CZ
Czechia,SPO.CZ_CCBDA_PM2_5_40743,14.46568,48.98439,PM2.5,CZ
Czechia,SPO.CZ_CCHUA_PM2_5_867736,13.61480,49.06844,PM2.5,CZ
Czechia,SPO.CZ_CCHUM_PM10_254431,13.61480,49.06844,PM10,CZ
Czechia,SPO.CZ_CCHUM_PM2_5_1371137,13.61480,49.06844,PM2.5,CZ
Czechia,SPO.CZ_CHVOA_PM10_1337502,14.72338,48.72420,PM10,CZ
Czechia,SPO.CZ_CPRAA_PM10_987035,14.00044,49.01609,PM10,CZ
Czechia,SPO.CZ_CTABA_PM10_41169,14.67639,49.41123,PM10,CZ
Czechia,SPO.CZ_CTEMM_PM10_1679869,14.34173,49.19783,PM10,CZ
Czechia,SPO.CZ_CVODM_PM10_39934,14.17167,49.14667,PM10,CZ
Czechia,SPO.CZ_EMTPA_PM10_1369853,16.66672,49.75900,PM10,CZ
Czechia,SPO.CZ_EMTPA_PM2_5_1369857,16.66672,49.75900,PM2.5,CZ
Czechia,SPO.CZ_EMTRM_PM10_40147,16.65180,49.75812,PM10,CZ
Czechia,SPO.CZ_EPAUA_PM10_41095,15.76355,50.02404,PM10,CZ
Czechia,SPO.CZ_EPAUA_PM2_5_41101,15.76355,50.02404,PM2.5,CZ
Czechia,SPO.CZ_EPAUM_PM10_242601,15.76355,50.02404,PM10,CZ
Czechia,SPO.CZ_EPAUM_PM2_5_242604,15.76355,50.02404,PM2.5,CZ
Czechia,SPO.CZ_ESEZM_PM10_219397,15.85047,50.06154,PM10,CZ
Czechia,SPO.CZ_ESVRM_PM10_254438,16.03420,49.73508,PM10,CZ
Czechia,SPO.CZ_ESVRM_PM2_5_254435,16.03420,49.73508,PM2.5,CZ
Czechia,SPO.CZ_EUORM_PM10_40144,16.42212,49.98035,PM10,CZ
Czechia,SPO.CZ_HHKBA_PM10_41180,15.84638,50.19536,PM10,CZ
Czechia,SPO.CZ_HHKBA_PM2_5_41179,15.84638,50.19536,PM2.5,CZ
Czechia,SPO.CZ_HHKTM_PM10_922003,15.85701,50.21853,PM10,CZ
Czechia,SPO.CZ_HHKTM_PM2_5_922007,15.85701,50.21853,PM2.5,CZ
Czechia,SPO.CZ_HJICM_PM10_286909,15.35264,50.43950,PM10,CZ
Czechia,SPO.CZ_HJICM_PM2_5_286912,15.35264,50.43950,PM2.5,CZ
Czechia,SPO.CZ_HPLOA_PM10_1101844,16.32273,50.35056,PM10,CZ
Czechia,SPO.CZ_HRNKM_PM10_206931,16.26824,50.17238,PM10,CZ
Czechia,SPO.CZ_HTRMA_PM10_41190,15.89396,50.58181,PM10,CZ
Czechia,SPO.CZ_HTRTA_PM10_1369608,15.90393,50.56588,PM10,CZ
Czechia,SPO.CZ_HVELM_PM10_40145,15.83854,50.35421,PM10,CZ
Czechia,SPO.CZ_JJIHA_PM10_41133,15.61025,49.40160,PM10,CZ
Czechia,SPO.CZ_JJIHA_PM2_5_41134,15.61025,49.40160,PM2.5,CZ
Czechia,SPO.CZ_JKOSA_PM10_40841,15.08028,49.57339,PM10,CZ
Czechia,SPO.CZ_JKOSA_PM2_5_867316,15.08028,49.57339,PM2.5,CZ
Czechia,SPO.CZ_JKRIM_PM10_199733,16.09862,49.38360,PM10,CZ
Czechia,SPO.CZ_JKRIM_PM2_5_1005653,16.09862,49.38360,PM2.5,CZ
Czechia,SPO.CZ_JTREA_PM10_41151,15.86578,49.22344,PM10,CZ
Czechia,SPO.CZ_KCHMA_PM10_188571,12.36344,50.06586,PM10,CZ
Czechia,SPO.CZ_KKVAM_PM10_1370607,12.88524,50.23558,PM10,CZ
Czechia,SPO.CZ_KKVMA_PM10_41200,12.86571,50.23016,PM10,CZ
Czechia,SPO.CZ_KSOMA_PM10_40534,12.67282,50.17282,PM10,CZ
Czechia,SPO.CZ_KSOMA_PM2_5_40541,12.67282,50.17282,PM2.5,CZ
Czechia,SPO.CZ_LCLMA_PM10_40522,14.53734,50.69804,PM10,CZ
Czechia,SPO.CZ_LFRTM_PM10_1368833,15.06982,50.94065,PM10,CZ
Czechia,SPO.CZ_LFRTM_PM2_5_1368837,15.06982,50.94065,PM2.5,CZ
Czechia,SPO.CZ_LFRUM_PM10_838324,15.08029,50.93822,PM10,CZ
Czechia,SPO.CZ_LHVIA_PM10_1730640,14.96416,50.85605,PM10,CZ
Czechia,SPO.CZ_LHVIA_PM2_5_1730632,14.96416,50.85605,PM2.5,CZ
Czechia,SPO.CZ_LJIZM_PM10_347238,15.34449,50.81995,PM10,CZ
Czechia,SPO.CZ_LJNMM_PM10_1370588,15.16216,50.72736,PM10,CZ
Czechia,SPO.CZ_LLILA_PM10_1367192,15.06997,50.75510,PM10,CZ
Czechia,SPO.CZ_LLILA_PM2_5_1367196,15.06997,50.75510,PM2.5,CZ
Czechia,SPO.CZ_LLIMA_PM10_40476,15.05390,50.76494,PM10,CZ
Czechia,SPO.CZ_LLIMA_PM2_5_40482,15.05390,50.76494,PM2.5,CZ
Czechia,SPO.CZ_LRADM_PM10_38893,15.07848,50.62455,PM10,CZ
Czechia,SPO.CZ_LSOUM_PM10_199708,15.31968,50.78965,PM10,CZ
Czechia,SPO.CZ_LTASM_PM10_1021331,15.30291,50.73846,PM10,CZ
Czechia,SPO.CZ_LUHLA_PM10_1659400,14.90245,50.86623,PM10,CZ
Czechia,SPO.CZ_LUHLA_PM2_5_1659405,14.90245,50.86623,PM2.5,CZ
Czechia,SPO.CZ_MBELA_PM10_1379567,17.80422,49.58708,PM10,CZ
Czechia,SPO.CZ_MBELA_PM10_1379567,17.80422,49.58708,PM10,CZ
Czechia,SPO.CZ_MBELA_PM2_5_1379571,17.80422,49.58708,PM2.5,CZ
Czechia,SPO.CZ_MBELM_PM10_39134,17.80422,49.58708,PM10,CZ
Czechia,SPO.CZ_MBELM_PM2_5_868000,17.80422,49.58708,PM2.5,CZ
Czechia,SPO.CZ_MDSTM_PM10_200075,16.96077,49.93196,PM10,CZ
Czechia,SPO.CZ_MDSTM_PM2_5_1377626,16.96077,49.93196,PM2.5,CZ
Czechia,SPO.CZ_MJESA_PM10_40698,17.19018,50.24224,PM10,CZ
Czechia,SPO.CZ_MNMAM_PM10_1657289,17.00969,49.95573,PM10,CZ
Czechia,SPO.CZ_MNMAM_PM2_5_1635452,17.00969,49.95573,PM2.5,CZ
Czechia,SPO.CZ_MOLJA_PM10_919430,17.23807,49.60146,PM10,CZ
Czechia,SPO.CZ_MOLJA_PM2_5_919426,17.23807,49.60146,PM2.5,CZ
Czechia,SPO.CZ_MPRRA_PM10_40692,17.45416,49.45166,PM10,CZ
Czechia,SPO.CZ_MPRRA_PM2_5_1365769,17.45416,49.45166,PM2.5,CZ
Czechia,SPO.CZ_MPSTA_PM10_40805,17.11473,49.46786,PM10,CZ
Czechia,SPO.CZ_PKUJA_PM10_1337478,13.61854,49.72200,PM10,CZ
Czechia,SPO.CZ_PKUJA_PM2_5_1337482,13.61854,49.72200,PM2.5,CZ
Czechia,SPO.CZ_PKUJM_PM10_39939,13.61854,49.72200,PM10,CZ
Czechia,SPO.CZ_PPLAA_PM10_40952,13.40228,49.73245,PM10,CZ
Czechia,SPO.CZ_PPLAA_PM2_5_40960,13.40228,49.73245,PM2.5,CZ
Czechia,SPO.CZ_PPLBA_PM10_954119,13.37554,49.72839,PM10,CZ
Czechia,SPO.CZ_PPLBA_PM2_5_954079,13.37554,49.72839,PM2.5,CZ
Czechia,SPO.CZ_PPLEA_PM10_954056,13.38104,49.74733,PM10,CZ
Czechia,SPO.CZ_PPLEA_PM2_5_954059,13.38104,49.74733,PM2.5,CZ
Czechia,SPO.CZ_PPLLA_PM10_865012,13.36822,49.77013,PM10,CZ
Czechia,SPO.CZ_PPLLA_PM2_5_865009,13.36822,49.77013,PM2.5,CZ
Czechia,SPO.CZ_PPLSA_PM10_954116,13.32075,49.74599,PM10,CZ
Czechia,SPO.CZ_PPLSA_PM2_5_954085,13.32075,49.74599,PM2.5,CZ
Czechia,SPO.CZ_PPLVA_PM10_40750,13.42338,49.76862,PM10,CZ
Czechia,SPO.CZ_PPLVA_PM2_5_1337515,13.42338,49.76862,PM2.5,CZ
Czechia,SPO.CZ_PSTAM_PM10_39933,13.06743,49.55256,PM10,CZ
Czechia,SPO.CZ_SBERA_PM10_40854,14.05830,49.95793,PM10,CZ
Czechia,SPO.CZ_SBERA_PM2_5_40848,14.05830,49.95793,PM2.5,CZ
Czechia,SPO.CZ_SBRLM_PM10_254441,14.66045,50.18980,PM10,CZ
Czechia,SPO.CZ_SCEXM_PM10_1637104,14.74869,50.16206,PM10,CZ
Czechia,SPO.CZ_SKHOA_PM10_1508659,15.26036,49.95047,PM10,CZ
Czechia,SPO.CZ_SKHOA_PM2_5_1508667,15.26036,49.95047,PM2.5,CZ
Czechia,SPO.CZ_SKLMA_PM10_41045,14.10178,50.14386,PM10,CZ
Czechia,SPO.CZ_SKLMA_PM2_5_41050,14.10178,50.14386,PM2.5,CZ
Czechia,SPO.CZ_SKLSA_PM10_41060,14.10605,50.16741,PM10,CZ
Czechia,SPO.CZ_SKUHM_PM10_206946,15.27313,49.96130,PM10,CZ
Czechia,SPO.CZ_SMBOA_PM10_41030,14.91386,50.42865,PM10,CZ
Czechia,SPO.CZ_SMBOA_PM2_5_1283298,14.91386,50.42865,PM2.5,CZ
Czechia,SPO.CZ_SPBRA_PM10_1456903,13.99122,49.67632,PM10,CZ
Czechia,SPO.CZ_SPRIA_PM10_41211,14.00774,49.68494,PM10,CZ
Czechia,SPO.CZ_SRORA_PM10_1369680,15.17830,50.30198,PM10,CZ
Czechia,SPO.CZ_SRORA_PM2_5_1369684,15.17830,50.30198,PM2.5,CZ
Czechia,SPO.CZ_SROZM_PM10_40146,15.16911,50.29566,PM10,CZ
Czechia,SPO.CZ_SROZM_PM2_5_867449,15.16911,50.29566,PM2.5,CZ
Czechia,SPO.CZ_TBKRM_PM10_1472758,18.53856,49.50261,PM10,CZ
Czechia,SPO.CZ_TBKRM_PM2_5_1472767,18.53856,49.50261,PM2.5,CZ
Czechia,SPO.CZ_TBOXM_PM10_1633163,18.08853,49.95322,PM10,CZ
Czechia,SPO.CZ_TBRSM_PM10_1397612,17.46948,49.98748,PM10,CZ
Czechia,SPO.CZ_TBRSM_PM2_5_1397607,17.46948,49.98748,PM2.5,CZ
Czechia,SPO.CZ_TBRUM_PM10_1194565,18.22116,49.69923,PM10,CZ
Czechia,SPO.CZ_TCELM_PM10_248598,18.34835,49.55922,PM10,CZ
Czechia,SPO.CZ_TCELM_PM2_5_867892,18.34835,49.55922,PM2.5,CZ
Czechia,SPO.CZ_TCERM_PM10_1023599,17.54195,49.77714,PM10,CZ
Czechia,SPO.CZ_TCTNA_PM10_40608,18.60973,49.74896,PM10,CZ
Czechia,SPO.CZ_TCTNA_PM2_5_1365749,18.60973,49.74896,PM2.5,CZ
Czechia,SPO.CZ_TFMIA_PM10_40616,18.35107,49.67179,PM10,CZ
Czechia,SPO.CZ_TFMIA_PM2_5_1366118,18.35107,49.67179,PM2.5,CZ
Czechia,SPO.CZ_TFRBM_PM10_1020506,18.21122,49.54305,PM10,CZ
Czechia,SPO.CZ_THARA_PM10_40626,18.40684,49.79098,PM10,CZ
Czechia,SPO.CZ_THARA_PM2_5_1366443,18.40684,49.79098,PM2.5,CZ
Czechia,SPO.CZ_THATM_PM10_1379455,18.27665,49.93982,PM10,CZ
Czechia,SPO.CZ_THATM_PM2_5_1379459,18.27665,49.93982,PM2.5,CZ
Czechia,SPO.CZ_TKARA_PM10_40635,18.55145,49.86380,PM10,CZ
Czechia,SPO.CZ_TKARA_PM2_5_1366434,18.55145,49.86380,PM2.5,CZ
Czechia,SPO.CZ_TKAVA_PM10_1666084,18.55145,49.86380,PM10,CZ
Czechia,SPO.CZ_TKAVA_PM2_5_1666093,18.55145,49.86380,PM2.5,CZ
Czechia,SPO.CZ_TKRVM_PM2_5_1555633,17.69392,50.10521,PM2.5,CZ
Czechia,SPO.CZ_TLUDM_PM10_1194480,18.24403,49.88802,PM10,CZ
Czechia,SPO.CZ_TMIZM_PM2_5_1632598,18.56904,49.86800,PM2.5,CZ
Czechia,SPO.CZ_TNUJM_PM10_39131,18.74397,49.59419,PM10,CZ
Czechia,SPO.CZ_TOBHM_PM2_5_1379477,17.71415,50.27156,PM2.5,CZ
Czechia,SPO.CZ_TOCBA_PM10_1369240,18.28998,49.83985,PM10,CZ
Czechia,SPO.CZ_TOCBA_PM2_5_1369244,18.28998,49.83985,PM2.5,CZ
Czechia,SPO.CZ_TOCBM_PM10_200422,18.28998,49.83985,PM10,CZ
Czechia,SPO.CZ_TOFFA_PM10_40561,18.26369,49.83919,PM10,CZ
Czechia,SPO.CZ_TOPDA_PM10_1622646,18.16522,49.83547,PM10,CZ
Czechia,SPO.CZ_TOPDA_PM2_5_1622654,18.16522,49.83547,PM2.5,CZ
Czechia,SPO.CZ_TOPOM_PM10_38887,18.15928,49.82529,PM10,CZ
Czechia,SPO.CZ_TOPOM_PM2_5_39095,18.15928,49.82529,PM2.5,CZ
Czechia,SPO.CZ_TOPRA_PM10_40997,18.26974,49.85626,PM10,CZ
Czechia,SPO.CZ_TOPRA_PM2_5_41007,18.26974,49.85626,PM2.5,CZ
Czechia,SPO.CZ_TORVA_PM10_40645,18.43361,49.87566,PM10,CZ
Czechia,SPO.CZ_TOSGM_PM10_1379467,18.36111,49.55230,PM10,CZ
Czechia,SPO.CZ_TOSGM_PM2_5_1379472,18.36111,49.55230,PM2.5,CZ
Czechia,SPO.CZ_TOVKA_PM10_40865,17.90953,49.94499,PM10,CZ
Czechia,SPO.CZ_TOVKA_PM2_5_1365778,17.90953,49.94499,PM2.5,CZ
Czechia,SPO.CZ_TOZRA_PM10_40593,18.24718,49.79604,PM10,CZ
Czechia,SPO.CZ_TOZRA_PM2_5_40594,18.24718,49.79604,PM2.5,CZ
Czechia,SPO.CZ_TPISM_PM10_1397807,18.78490,49.57362,PM10,CZ
Czechia,SPO.CZ_TRYCA_PM10_1379531,18.37725,49.87167,PM10,CZ
Czechia,SPO.CZ_TRYCA_PM2_5_1379526,18.37725,49.87167,PM2.5,CZ
Czechia,SPO.CZ_TSTDA_PM10_40663,18.08931,49.72094,PM10,CZ
Czechia,SPO.CZ_TSTDA_PM2_5_867884,18.08931,49.72094,PM2.5,CZ
Czechia,SPO.CZ_TSUDM_PM2_5_1397681,18.07707,50.02977,PM2.5,CZ
Czechia,SPO.CZ_TTRAM_PM10_1510333,18.65006,49.70243,PM10,CZ
Czechia,SPO.CZ_TTROA_PM10_40880,18.67780,49.66811,PM10,CZ
Czechia,SPO.CZ_TTROA_PM2_5_40885,18.67780,49.66811,PM2.5,CZ
Czechia,SPO.CZ_TTRRM_PM10_1510602,18.62841,49.68372,PM10,CZ
Czechia,SPO.CZ_TVERA_PM10_40653,18.42287,49.92468,PM10,CZ
Czechia,SPO.CZ_TVERA_PM2_5_40657,18.42287,49.92468,PM2.5,CZ
Czechia,SPO.CZ_TVRZM_PM10_1472594,17.86095,49.62231,PM10,CZ
Czechia,SPO.CZ_TVRZM_PM2_5_1472603,17.86095,49.62231,PM2.5,CZ
Czechia,SPO.CZ_UCECM_PM10_1370579,13.49380,50.30349,PM10,CZ
Czechia,SPO.CZ_UCHMA_PM10_40331,13.41270,50.46753,PM10,CZ
Czechia,SPO.CZ_UDCMA_PM10_40451,14.21879,50.77415,PM10,CZ
Czechia,SPO.CZ_UDCMA_PM2_5_1337358,14.21879,50.77415,PM2.5,CZ
Czechia,SPO.CZ_UDOKM_PM10_194308,14.17016,50.45885,PM10,CZ
Czechia,SPO.CZ_UDOKM_PM2_5_397281,14.17016,50.45885,PM2.5,CZ
Czechia,SPO.CZ_UDROA_PM10_850089,13.43024,50.41105,PM10,CZ
Czechia,SPO.CZ_UDROA_PM2_5_1664787,13.43024,50.41105,PM2.5,CZ
Czechia,SPO.CZ_UKOSA_PM10_850077,13.86449,50.55806,PM10,CZ
Czechia,SPO.CZ_UKOSA_PM2_5_1664797,13.86449,50.55806,PM2.5,CZ
Czechia,SPO.CZ_UKRUA_PM10_40375,13.84769,50.69667,PM10,CZ
Czechia,SPO.CZ_ULOMA_PM10_188527,13.67342,50.58577,PM10,CZ
Czechia,SPO.CZ_ULOMA_PM2_5_1337363,13.67342,50.58577,PM2.5,CZ
Czechia,SPO.CZ_ULOMM_PM2_5_199658,13.67342,50.58577,PM2.5,CZ
Czechia,SPO.CZ_ULTTA_PM10_41122,14.11941,50.54090,PM10,CZ
Czechia,SPO.CZ_UMEDA_PM10_40321,13.13014,50.42759,PM10,CZ
Czechia,SPO.CZ_UMLAA_PM10_850083,13.74939,50.42889,PM10,CZ
Czechia,SPO.CZ_UMOMA_PM10_40356,13.64527,50.51036,PM10,CZ
Czechia,SPO.CZ_UMOMA_PM2_5_40369,13.64527,50.51036,PM2.5,CZ
Czechia,SPO.CZ_UNVDA_PM10_850095,13.18633,50.43753,PM10,CZ
Czechia,SPO.CZ_UNVDA_PM2_5_1664807,13.18633,50.43753,PM2.5,CZ
Czechia,SPO.CZ_URVHA_PM10_40920,13.41951,50.57983,PM10,CZ
Czechia,SPO.CZ_USJTM_PM10_39058,13.48271,50.16983,PM10,CZ
Czechia,SPO.CZ_USNZM_PM10_837204,14.08680,50.78944,PM10,CZ
Czechia,SPO.CZ_UTPMA_PM10_765857,13.85125,50.64528,PM10,CZ
Czechia,SPO.CZ_UTPMA_PM2_5_765861,13.85125,50.64528,PM2.5,CZ
Czechia,SPO.CZ_UTUSA_PM10_40343,13.32762,50.37659,PM10,CZ
Czechia,SPO.CZ_UTUSA_PM2_5_1337378,13.32762,50.37659,PM2.5,CZ
Czechia,SPO.CZ_UTUSM_PM2_5_393078,13.32762,50.37659,PM2.5,CZ
Czechia,SPO.CZ_UULDA_PM10_1366805,13.99787,50.68312,PM10,CZ
Czechia,SPO.CZ_UULDA_PM2_5_1366813,13.99787,50.68312,PM2.5,CZ
Czechia,SPO.CZ_UULDM_PM10_188619,13.99787,50.68312,PM10,CZ
Czechia,SPO.CZ_UULKA_PM10_40412,14.04119,50.68353,PM10,CZ
Czechia,SPO.CZ_UULKA_PM2_5_40419,14.04119,50.68353,PM2.5,CZ
Czechia,SPO.CZ_UULMA_PM10_212840,14.04306,50.66109,PM10,CZ
Czechia,SPO.CZ_UVALM_PM10_838314,14.51299,50.97501,PM10,CZ
Czechia,SPO.CZ_UVSLA_PM2_5_850135,13.24072,50.46484,PM2.5,CZ
Czechia,SPO.CZ_ZTNVA_PM10_1368992,17.41056,49.25939,PM10,CZ
Czechia,SPO.CZ_ZTNVA_PM2_5_1368996,17.41056,49.25939,PM2.5,CZ
Czechia,SPO.CZ_ZUHRA_PM10_41146,17.46685,49.06795,PM10,CZ
Czechia,SPO.CZ_ZVMZA_PM10_1369059,17.96698,49.47206,PM10,CZ
Czechia,SPO.CZ_ZVMZA_PM2_5_1369063,17.96698,49.47206,PM2.5,CZ
Czechia,SPO.CZ_ZVSHM_PM10_38885,17.99601,49.34445,PM10,CZ
Czechia,SPO.CZ_ZZLNA_PM10_41228,17.66718,49.23291,PM10,CZ
Czechia,SPO.CZ_ZZLNA_PM2_5_41229,17.66718,49.23291,PM2.5,CZ
Czechia,SPO.CZ_BBNAA_PM10_1315106,16.62700,49.18883,PM10,CZ
Czechia,SPO.CZ_BBNAA_PM2_5_1315111,16.62700,49.18883,PM2.5,CZ
Czechia,SPO.CZ_BHODA_PM10_1315080,17.13139,48.85728,PM10,CZ
Czechia,SPO.CZ_BHODA_PM2_5_1315083,17.13139,48.85728,PM2.5,CZ
Czechia,SPO.CZ_JJIZA_PM10_1315293,15.59128,49.39244,PM10,CZ
Czechia,SPO.CZ_JJIZA_PM2_5_1315298,15.59128,49.39244,PM2.5,CZ
Czechia,SPO.CZ_JPEMA_PM10_1550915,15.20833,49.43500,PM10,CZ
Czechia,SPO.CZ_JPEMA_PM2_5_1550907,15.20833,49.43500,PM2.5,CZ
Czechia,SPO.CZ_JZNZA_PM10_1315258,15.94100,49.56456,PM10,CZ
Czechia,SPO.CZ_JZNZA_PM2_5_1315263,15.94100,49.56456,PM2.5,CZ
Czechia,SPO.CZ_MOLSA_PM10_1315198,17.26617,49.59292,PM10,CZ
Czechia,SPO.CZ_MOLSA_PM2_5_1315203,17.26617,49.59292,PM2.5,CZ
Czechia,SPO.CZ_TCHOA_PM10_1631572,18.59978,49.77801,PM10,CZ
Czechia,SPO.CZ_THAOA_PM10_1507340,18.44319,49.77153,PM10,CZ
Czechia,SPO.CZ_TKAOK_PM10_1316627,18.55778,49.85889,PM10,CZ
Czechia,SPO.CZ_TKAOK_PM2_5_1316630,18.55778,49.85889,PM2.5,CZ
Czechia,SPO.CZ_TMRKA_PM10_1731123,18.05797,49.53813,PM10,CZ
Czechia,SPO.CZ_TMRVA_PM10_1731375,18.51768,49.59997,PM10,CZ
Czechia,SPO.CZ_TMTYA_PM10_1731241,18.33355,49.61529,PM10,CZ
Czechia,SPO.CZ_TOHAA_PM10_1696084,18.26626,49.77958,PM10,CZ
Czechia,SPO.CZ_TOHEA_PM10_1695724,18.32358,49.86089,PM10,CZ
Czechia,SPO.CZ_TOHOA_PM10_1631755,18.21335,49.86139,PM10,CZ
Czechia,SPO.CZ_TOHUA_PM10_1638158,18.28375,49.86772,PM10,CZ
Czechia,SPO.CZ_TOHUA_PM2_5_1638166,18.28375,49.86772,PM2.5,CZ
Czechia,SPO.CZ_TOKOA_PM10_1631920,17.96572,49.91527,PM10,CZ
Czechia,SPO.CZ_TOKPA_PM10_1695912,18.12475,49.84347,PM10,CZ
Czechia,SPO.CZ_TOMHK_PM10_780797,18.26365,49.82486,PM10,CZ
Czechia,SPO.CZ_TOREK_PM10_780844,18.33914,49.80706,PM10,CZ
Czechia,SPO.CZ_TOREK_PM2_5_783037,18.33914,49.80706,PM2.5,CZ
Czechia,SPO.CZ_TOROK_PM10_1021644,18.34039,49.81856,PM10,CZ
Czechia,SPO.CZ_TRYJA_PM10_1662853,17.24836,49.94963,PM10,CZ
Czechia,SPO.CZ_BBMAA_PM10_1651747,16.61384,49.21609,PM10,CZ
Czechia,SPO.CZ_BBMAA_PM10_989830,16.61384,49.21609,PM10,CZ
Czechia,SPO.CZ_BBMAA_PM2_5_1621221,16.61384,49.21609,PM2.5,CZ
Czechia,SPO.CZ_BBMKA_PM10_1612706,16.61366,49.18588,PM10,CZ
Czechia,SPO.CZ_BBMKA_PM2_5_1612712,16.61366,49.18588,PM2.5,CZ
Czechia,SPO.CZ_BBMLA_PM10_778901,16.58081,49.16526,PM10,CZ
Czechia,SPO.CZ_BBMLA_PM2_5_778904,16.58081,49.16526,PM2.5,CZ
Czechia,SPO.CZ_BBMSA_PM10_542040,16.64252,49.20816,PM10,CZ
Czechia,SPO.CZ_BBMSA_PM2_5_542043,16.64252,49.20816,PM2.5,CZ
Czechia,SPO.CZ_BBMVA_PM10_1651751,16.56954,49.18962,PM10,CZ
Czechia,SPO.CZ_BBMVA_PM10_778907,16.56954,49.18962,PM10,CZ
Czechia,SPO.CZ_BBMVA_PM2_5_1621250,16.56954,49.18962,PM2.5,CZ
Czechia,SPO.CZ_BBMXA_PM10_1801386,16.56883,49.18978,PM10,CZ
Czechia,SPO.CZ_BBMXA_PM2_5_1801393,16.56883,49.18978,PM2.5,CZ
Czechia,SPO.CZ_BBOMA_PM10_1733304,16.62227,49.17743,PM10,CZ
Czechia,SPO.CZ_BBOMA_PM2_5_1733300,16.62227,49.17743,PM2.5,CZ
Czechia,SPO.CZ_CTACA_PM10_1802168,14.68484,49.40506,PM10,CZ
Czechia,SPO.CZ_HKVAM_PM10_1728296,16.26162,50.20961,PM10,CZ
Czechia,SPO.CZ_MLOSA_PM10_1542746,16.92578,49.74792,PM10,CZ
Czechia,SPO.CZ_MLOSA_PM2_5_1542742,16.92578,49.74792,PM2.5,CZ
Czechia,SPO.CZ_MPHRA_PM10_1551276,17.73122,49.55189,PM10,CZ
Czechia,SPO.CZ_MPHRA_PM2_5_1551272,17.73122,49.55189,PM2.5,CZ
Czechia,SPO.CZ_MSMSA_PM10_1492989,16.97847,49.97158,PM10,CZ
Czechia,SPO.CZ_MSMSA_PM2_5_1492985,16.97847,49.97158,PM2.5,CZ
Czechia,SPO.CZ_MVBYA_PM10_1703649,17.35736,49.59292,PM10,CZ
Czechia,SPO.CZ_MVBYA_PM2_5_1703645,17.35736,49.59292,PM2.5,CZ
Czechia,SPO.CZ_STCSA_PM2_5_778557,14.09449,49.91850,PM2.5,CZ
Czechia,SPO.CZ_TNSVA_PM10_1513690,18.43183,49.65307,PM10,CZ
Czechia,SPO.CZ_TNSVA_PM2_5_1513686,18.43183,49.65307,PM2.5,CZ
Czechia,SPO.CZ_TTRKA_PM10_1658575,18.64304,49.67238,PM10,CZ
Czechia,SPO.CZ_TTRKA_PM10_40870,18.64304,49.67238,PM10,CZ
Czechia,SPO.CZ_TTRKA_PM2_5_1658584,18.64304,49.67238,PM2.5,CZ
Czechia,SPO.CZ_ZROZA_PM10_1698217,18.13822,49.46011,PM10,CZ
Czechia,SPO.CZ_ZROZA_PM2_5_1698221,18.13822,49.46011,PM2.5,CZ
Czechia,SPO.CZ_ZZZSA_PM10_1492925,17.67508,49.22847,PM10,CZ
Czechia,SPO.CZ_ZZZSA_PM2_5_1492921,17.67508,49.22847,PM2.5,CZ
Germany,SPO.DE_DEBB007_PM1_dataGroup1,13.52680,51.46273,PM10,DE
Germany,SPO.DE_DEBB007_PM1_dataGroup2,13.52680,51.46273,PM10,DE
Germany,SPO.DE_DEBB007_PM2_dataGroup1,13.52680,51.46273,PM2.5,DE
Germany,SPO.DE_DEBB007_PM2_dataGroup2,13.52680,51.46273,PM2.5,DE
Germany,SPO.DE_DEBB021_PM1_dataGroup1,13.06016,52.40139,PM10,DE
Germany,SPO.DE_DEBB021_PM1_dataGroup1,13.06016,52.40139,PM10,DE
Germany,SPO.DE_DEBB021_PM1_dataGroup1,13.06016,52.40139,PM10,DE
Germany,SPO.DE_DEBB021_PM1_dataGroup2,13.06016,52.40139,PM10,DE
Germany,SPO.DE_DEBB021_PM2_dataGroup1,13.06016,52.40139,PM2.5,DE
Germany,SPO.DE_DEBB021_PM2_dataGroup1,13.06016,52.40139,PM2.5,DE
Germany,SPO.DE_DEBB021_PM2_dataGroup2,13.06016,52.40139,PM2.5,DE
Germany,SPO.DE_DEBB029_PM1_dataGroup1,14.28514,53.06426,PM10,DE
Germany,SPO.DE_DEBB029_PM1_dataGroup1,14.28514,53.06426,PM10,DE
Germany,SPO.DE_DEBB029_PM1_dataGroup2,14.28514,53.06426,PM10,DE
Germany,SPO.DE_DEBB029_PM2_dataGroup1,14.28514,53.06426,PM2.5,DE
Germany,SPO.DE_DEBB029_PM2_dataGroup2,14.28514,53.06426,PM2.5,DE
Germany,SPO.DE_DEBB032_PM1_dataGroup1,14.63817,52.14626,PM10,DE
Germany,SPO.DE_DEBB032_PM1_dataGroup2,14.63817,52.14626,PM10,DE
Germany,SPO.DE_DEBB032_PM2_dataGroup1,14.63817,52.14626,PM2.5,DE
Germany,SPO.DE_DEBB032_PM2_dataGroup2,14.63817,52.14626,PM2.5,DE
Germany,SPO.DE_DEBB042_PM1_dataGroup1,14.53192,52.33995,PM10,DE
Germany,SPO.DE_DEBB044_PM1_dataGroup1,14.32800,51.75659,PM10,DE
Germany,SPO.DE_DEBB044_PM1_dataGroup1,14.32800,51.75659,PM10,DE
Germany,SPO.DE_DEBB044_PM1_dataGroup2,14.32800,51.75659,PM10,DE
Germany,SPO.DE_DEBB044_PM2_dataGroup1,14.32800,51.75659,PM2.5,DE
Germany,SPO.DE_DEBB044_PM2_dataGroup2,14.32800,51.75659,PM2.5,DE
Germany,SPO.DE_DEBB045_PM1_dataGroup1,14.53859,52.33734,PM10,DE
Germany,SPO.DE_DEBB045_PM1_dataGroup1,14.53859,52.33734,PM10,DE
Germany,SPO.DE_DEBB045_PM1_dataGroup2,14.53859,52.33734,PM10,DE
Germany,SPO.DE_DEBB045_PM2_dataGroup1,14.53859,52.33734,PM2.5,DE
Germany,SPO.DE_DEBB045_PM2_dataGroup2,14.53859,52.33734,PM2.5,DE
Germany,SPO.DE_DEBB048_PM1_dataGroup1,12.80948,52.93189,PM10,DE
Germany,SPO.DE_DEBB048_PM1_dataGroup1,12.80948,52.93189,PM10,DE
Germany,SPO.DE_DEBB048_PM1_dataGroup2,12.80948,52.93189,PM10,DE
Germany,SPO.DE_DEBB048_PM2_dataGroup1,12.80948,52.93189,PM2.5,DE
Germany,SPO.DE_DEBB048_PM2_dataGroup2,12.80948,52.93189,PM2.5,DE
Germany,SPO.DE_DEBB049_PM1_dataGroup1,12.54859,52.40938,PM10,DE
Germany,SPO.DE_DEBB049_PM1_dataGroup1,12.54859,52.40938,PM10,DE
Germany,SPO.DE_DEBB049_PM1_dataGroup2,12.54859,52.40938,PM10,DE
Germany,SPO.DE_DEBB049_PM2_dataGroup1,12.54859,52.40938,PM2.5,DE
Germany,SPO.DE_DEBB049_PM2_dataGroup2,12.54859,52.40938,PM2.5,DE
Germany,SPO.DE_DEBB053_PM1_dataGroup1,14.01517,52.56389,PM10,DE
Germany,SPO.DE_DEBB053_PM1_dataGroup1,14.01517,52.56389,PM10,DE
Germany,SPO.DE_DEBB053_PM1_dataGroup2,14.01517,52.56389,PM10,DE
Germany,SPO.DE_DEBB053_PM2_dataGroup1,14.01517,52.56389,PM2.5,DE
Germany,SPO.DE_DEBB053_PM2_dataGroup2,14.01517,52.56389,PM2.5,DE
Germany,SPO.DE_DEBB054_PM1_dataGroup1,13.03747,52.39393,PM10,DE
Germany,SPO.DE_DEBB054_PM1_dataGroup1,13.03747,52.39393,PM10,DE
Germany,SPO.DE_DEBB054_PM1_dataGroup2,13.03747,52.39393,PM10,DE
Germany,SPO.DE_DEBB054_PM2_dataGroup1,13.03747,52.39393,PM2.5,DE
Germany,SPO.DE_DEBB054_PM2_dataGroup2,13.03747,52.39393,PM2.5,DE
Germany,SPO.DE_DEBB055_PM1_dataGroup1,12.55230,52.42044,PM10,DE
Germany,SPO.DE_DEBB055_PM1_dataGroup1,12.55230,52.42044,PM10,DE
Germany,SPO.DE_DEBB055_PM1_dataGroup2,12.55230,52.42044,PM10,DE
Germany,SPO.DE_DEBB055_PM1_dataGroup2,12.55230,52.42044,PM10,DE
Germany,SPO.DE_DEBB055_PM2_dataGroup1,12.55230,52.42044,PM2.5,DE
Germany,SPO.DE_DEBB055_PM2_dataGroup1,12.55230,52.42044,PM2.5,DE
Germany,SPO.DE_DEBB055_PM2_dataGroup2,12.55230,52.42044,PM2.5,DE
Germany,SPO.DE_DEBB060_PM1_dataGroup1,13.82221,52.83247,PM10,DE
Germany,SPO.DE_DEBB060_PM1_dataGroup1,13.82221,52.83247,PM10,DE
Germany,SPO.DE_DEBB060_PM1_dataGroup2,13.82221,52.83247,PM10,DE
Germany,SPO.DE_DEBB060_PM2_dataGroup1,13.82221,52.83247,PM2.5,DE
Germany,SPO.DE_DEBB060_PM2_dataGroup2,13.82221,52.83247,PM2.5,DE
Germany,SPO.DE_DEBB063_PM1_dataGroup1,11.73846,52.99875,PM10,DE
Germany,SPO.DE_DEBB063_PM1_dataGroup2,11.73846,52.99875,PM10,DE
Germany,SPO.DE_DEBB063_PM2_dataGroup1,11.73846,52.99875,PM2.5,DE
Germany,SPO.DE_DEBB063_PM2_dataGroup2,11.73846,52.99875,PM2.5,DE
Germany,SPO.DE_DEBB064_PM1_dataGroup1,14.33447,51.74685,PM10,DE
Germany,SPO.DE_DEBB064_PM1_dataGroup1,14.33447,51.74685,PM10,DE
Germany,SPO.DE_DEBB064_PM1_dataGroup1,14.33447,51.74685,PM10,DE
Germany,SPO.DE_DEBB064_PM1_dataGroup2,14.33447,51.74685,PM10,DE
Germany,SPO.DE_DEBB064_PM2_dataGroup1,14.33447,51.74685,PM2.5,DE
Germany,SPO.DE_DEBB064_PM2_dataGroup2,14.33447,51.74685,PM2.5,DE
Germany,SPO.DE_DEBB065_PM1_dataGroup1,12.56139,52.19423,PM10,DE
Germany,SPO.DE_DEBB065_PM1_dataGroup1,12.56139,52.19423,PM10,DE
Germany,SPO.DE_DEBB065_PM1_dataGroup2,12.56139,52.19423,PM10,DE
Germany,SPO.DE_DEBB065_PM2_dataGroup1,12.56139,52.19423,PM2.5,DE
Germany,SPO.DE_DEBB065_PM2_dataGroup1,12.56139,52.19423,PM2.5,DE
Germany,SPO.DE_DEBB065_PM2_dataGroup2,12.56139,52.19423,PM2.5,DE
Germany,SPO.DE_DEBB066_PM1_dataGroup1,14.05690,51.89749,PM10,DE
Germany,SPO.DE_DEBB066_PM1_dataGroup1,14.05690,51.89749,PM10,DE
Germany,SPO.DE_DEBB066_PM1_dataGroup1,14.05690,51.89749,PM10,DE
Germany,SPO.DE_DEBB066_PM1_dataGroup2,14.05690,51.89749,PM10,DE
Germany,SPO.DE_DEBB066_PM1_dataGroup2,14.05690,51.89749,PM10,DE
Germany,SPO.DE_DEBB066_PM2_dataGroup1,14.05690,51.89749,PM2.5,DE
Germany,SPO.DE_DEBB066_PM2_dataGroup1,14.05690,51.89749,PM2.5,DE
Germany,SPO.DE_DEBB066_PM2_dataGroup2,14.05690,51.89749,PM2.5,DE
Germany,SPO.DE_DEBB066_PM2_dataGroup2,14.05690,51.89749,PM2.5,DE
Germany,SPO.DE_DEBB067_PM1_dataGroup1,12.88532,52.60853,PM10,DE
Germany,SPO.DE_DEBB067_PM1_dataGroup2,12.88532,52.60853,PM10,DE
Germany,SPO.DE_DEBB067_PM2_dataGroup1,12.88532,52.60853,PM2.5,DE
Germany,SPO.DE_DEBB067_PM2_dataGroup2,12.88532,52.60853,PM2.5,DE
Germany,SPO.DE_DEBB068_PM1_dataGroup1,13.58227,52.67765,PM10,DE
Germany,SPO.DE_DEBB068_PM1_dataGroup1,13.58227,52.67765,PM10,DE
Germany,SPO.DE_DEBB068_PM1_dataGroup2,13.58227,52.67765,PM10,DE
Germany,SPO.DE_DEBB068_PM2_dataGroup1,13.58227,52.67765,PM2.5,DE
Germany,SPO.DE_DEBB068_PM2_dataGroup2,13.58227,52.67765,PM2.5,DE
Germany,SPO.DE_DEBB073_PM1_dataGroup1,13.09462,52.38887,PM10,DE
Germany,SPO.DE_DEBB073_PM1_dataGroup1,13.09462,52.38887,PM10,DE
Germany,SPO.DE_DEBB073_PM1_dataGroup2,13.09462,52.38887,PM10,DE
Germany,SPO.DE_DEBB073_PM2_dataGroup1,13.09462,52.38887,PM2.5,DE
Germany,SPO.DE_DEBB073_PM2_dataGroup2,13.09462,52.38887,PM2.5,DE
Germany,SPO.DE_DEBB075_PM1_dataGroup1,13.12370,52.48417,PM10,DE
Germany,SPO.DE_DEBB075_PM1_dataGroup1,13.12370,52.48417,PM10,DE
Germany,SPO.DE_DEBB075_PM1_dataGroup1,13.12370,52.48417,PM10,DE
Germany,SPO.DE_DEBB075_PM1_dataGroup2,13.12370,52.48417,PM10,DE
Germany,SPO.DE_DEBB075_PM2_dataGroup1,13.12370,52.48417,PM2.5,DE
Germany,SPO.DE_DEBB075_PM2_dataGroup2,13.12370,52.48417,PM2.5,DE
Germany,SPO.DE_DEBB081_PM1_dataGroup1,13.84901,52.49755,PM10,DE
Germany,SPO.DE_DEBB081_PM1_dataGroup2,13.84901,52.49755,PM10,DE
Germany,SPO.DE_DEBB082_PM1_dataGroup1,13.61978,52.29463,PM10,DE
Germany,SPO.DE_DEBB082_PM1_dataGroup1,13.61978,52.29463,PM10,DE
Germany,SPO.DE_DEBB082_PM1_dataGroup2,13.61978,52.29463,PM10,DE
Germany,SPO.DE_DEBB082_PM2_dataGroup1,13.61978,52.29463,PM2.5,DE
Germany,SPO.DE_DEBB082_PM2_dataGroup1,13.61978,52.29463,PM2.5,DE
Germany,SPO.DE_DEBB082_PM2_dataGroup2,13.61978,52.29463,PM2.5,DE
Germany,SPO.DE_DEBB083_PM1_dataGroup1,14.37640,51.56450,PM10,DE
Germany,SPO.DE_DEBB083_PM1_dataGroup1,14.37640,51.56450,PM10,DE
Germany,SPO.DE_DEBB083_PM1_dataGroup2,14.37640,51.56450,PM10,DE
Germany,SPO.DE_DEBB083_PM2_dataGroup1,14.37640,51.56450,PM2.5,DE
Germany,SPO.DE_DEBB083_PM2_dataGroup2,14.37640,51.56450,PM2.5,DE
Germany,SPO.DE_DEBB084_PM1_dataGroup1,14.66709,52.17956,PM10,DE
Germany,SPO.DE_DEBB084_PM1_dataGroup3,14.66709,52.17956,PM10,DE
Germany,SPO.DE_DEBB085_PM1_dataGroup1,14.38349,51.53453,PM10,DE
Germany,SPO.DE_DEBB085_PM1_dataGroup3,14.38349,51.53453,PM10,DE
Germany,SPO.DE_DEBB086_PM1_dataGroup1,13.42430,52.34970,PM10,DE
Germany,SPO.DE_DEBB086_PM1_dataGroup2,13.42430,52.34970,PM10,DE
Germany,SPO.DE_DEBB086_PM2_dataGroup1,13.42430,52.34970,PM2.5,DE
Germany,SPO.DE_DEBB086_PM2_dataGroup2,13.42430,52.34970,PM2.5,DE
Germany,SPO.DE_DEBB087_PM1_dataGroup1,14.32555,51.75413,PM10,DE
Germany,SPO.DE_DEBB087_PM1_dataGroup1,14.32555,51.75413,PM10,DE
Germany,SPO.DE_DEBB087_PM1_dataGroup2,14.32555,51.75413,PM10,DE
Germany,SPO.DE_DEBB087_PM2_dataGroup1,14.32555,51.75413,PM2.5,DE
Germany,SPO.DE_DEBB087_PM2_dataGroup2,14.32555,51.75413,PM2.5,DE
Germany,SPO.DE_DEBB088_PM1_dataGroup1,12.37016,52.52401,PM10,DE
Germany,SPO.DE_DEBB088_PM1_dataGroup2,12.37016,52.52401,PM10,DE
Germany,SPO.DE_DEBB092_PM1_dataGroup1,14.52596,52.33468,PM10,DE
Germany,SPO.DE_DEBB092_PM1_dataGroup1,14.52596,52.33468,PM10,DE
Germany,SPO.DE_DEBB092_PM1_dataGroup2,14.52596,52.33468,PM10,DE
Germany,SPO.DE_DEBB092_PM2_dataGroup1,14.52596,52.33468,PM2.5,DE
Germany,SPO.DE_DEBB099_PM1_dataGroup1,13.84825,52.48188,PM10,DE
Germany,SPO.DE_DEBB099_PM1_dataGroup2,13.84825,52.48188,PM10,DE
Germany,SPO.DE_DEBB099_PM2_dataGroup1,13.84825,52.48188,PM2.5,DE
Germany,SPO.DE_DEBB109_PM1_dataGroup1,13.17495,52.08968,PM10,DE
Germany,SPO.DE_DEBB109_PM1_dataGroup2,13.17495,52.08968,PM10,DE
Germany,SPO.DE_DEBB109_PM2_dataGroup1,13.17495,52.08968,PM2.5,DE
Germany,SPO.DE_DEBB109_PM2_dataGroup2,13.17495,52.08968,PM2.5,DE
Germany,SPO.DE_DEBB110_PM1_dataGroup1,13.04878,52.53950,PM10,DE
Germany,SPO.DE_DEBB110_PM1_dataGroup2,13.04878,52.53950,PM10,DE
Germany,SPO.DE_DEBB110_PM1_dataGroup2,13.04878,52.53950,PM10,DE
Germany,SPO.DE_DEBB110_PM2_dataGroup1,13.04878,52.53950,PM2.5,DE
Germany,SPO.DE_DEBB110_PM2_dataGroup2,13.04878,52.53950,PM2.5,DE
Germany,SPO.DE_DEBB110_PM2_dataGroup2,13.04878,52.53950,PM2.5,DE
Germany,SPO.DE_DEBB111_PM1_dataGroup1,13.52255,51.45651,PM10,DE
Germany,SPO.DE_DEBB111_PM1_dataGroup2,13.52255,51.45651,PM10,DE
Germany,SPO.DE_DEBB111_PM2_dataGroup1,13.52255,51.45651,PM2.5,DE
Germany,SPO.DE_DEBB111_PM2_dataGroup2,13.52255,51.45651,PM2.5,DE
Germany,SPO.DE_DEBB112_PM1_dataGroup1,13.62125,52.32403,PM10,DE
Germany,SPO.DE_DEBB112_PM1_dataGroup2,13.62125,52.32403,PM10,DE
Germany,SPO.DE_DEBB112_PM2_dataGroup1,13.62125,52.32403,PM2.5,DE
Germany,SPO.DE_DEBB112_PM2_dataGroup2,13.62125,52.32403,PM2.5,DE
Germany,SPO.DE_DEBB126_PM1_dataGroup1,13.24051,52.75567,PM10,DE
Germany,SPO.DE_DEBB126_PM2_dataGroup1,13.24051,52.75567,PM2.5,DE
Germany,SPO.DE_DEBE010_PM1_dataGroup1,13.34933,52.54304,PM10,DE
Germany,SPO.DE_DEBE010_PM1_dataGroup1,13.34933,52.54304,PM10,DE
Germany,SPO.DE_DEBE010_PM2_dataGroup1,13.34933,52.54304,PM2.5,DE
Germany,SPO.DE_DEBE010_PM2_dataGroup2,13.34933,52.54304,PM2.5,DE
Germany,SPO.DE_DEBE010_PM2_dataGroup2,13.34933,52.54304,PM2.5,DE
Germany,SPO.DE_DEBE018_PM1_dataGroup1,13.34878,52.48581,PM10,DE
Germany,SPO.DE_DEBE027_PM1_dataGroup1,13.36810,52.39841,PM10,DE
Germany,SPO.DE_DEBE032_PM1_dataGroup1,13.22514,52.47319,PM10,DE
Germany,SPO.DE_DEBE032_PM1_dataGroup1,13.22514,52.47319,PM10,DE
Germany,SPO.DE_DEBE032_PM2_dataGroup1,13.22514,52.47319,PM2.5,DE
Germany,SPO.DE_DEBE034_PM1_dataGroup1,13.43084,52.48945,PM10,DE
Germany,SPO.DE_DEBE034_PM1_dataGroup1,13.43084,52.48945,PM10,DE
Germany,SPO.DE_DEBE034_PM1_dataGroup2,13.43084,52.48945,PM10,DE
Germany,SPO.DE_DEBE034_PM2_dataGroup1,13.43084,52.48945,PM2.5,DE
Germany,SPO.DE_DEBE034_PM2_dataGroup2,13.43084,52.48945,PM2.5,DE
Germany,SPO.DE_DEBE034_PM2_dataGroup2,13.43084,52.48945,PM2.5,DE
Germany,SPO.DE_DEBE051_PM1_dataGroup1,13.48308,52.64417,PM10,DE
Germany,SPO.DE_DEBE051_PM1_dataGroup1,13.48308,52.64417,PM10,DE
Germany,SPO.DE_DEBE051_PM1_dataGroup2,13.48308,52.64417,PM10,DE
Germany,SPO.DE_DEBE051_PM2_dataGroup1,13.48308,52.64417,PM2.5,DE
Germany,SPO.DE_DEBE051_PM2_dataGroup2,13.48308,52.64417,PM2.5,DE
Germany,SPO.DE_DEBE051_PM2_dataGroup3,13.48308,52.64417,PM2.5,DE
Germany,SPO.DE_DEBE051_PM2_dataGroup3,13.48308,52.64417,PM2.5,DE
Germany,SPO.DE_DEBE056_PM1_dataGroup1,13.64705,52.44770,PM10,DE
Germany,SPO.DE_DEBE056_PM1_dataGroup1,13.64705,52.44770,PM10,DE
Germany,SPO.DE_DEBE056_PM2_dataGroup1,13.64705,52.44770,PM2.5,DE
Germany,SPO.DE_DEBE061_PM1_dataGroup1,13.31825,52.46361,PM10,DE
Germany,SPO.DE_DEBE061_PM1_dataGroup1,13.31825,52.46361,PM10,DE
Germany,SPO.DE_DEBE061_PM1_dataGroup2,13.31825,52.46361,PM10,DE
Germany,SPO.DE_DEBE061_PM2_dataGroup1,13.31825,52.46361,PM2.5,DE
Germany,SPO.DE_DEBE063_PM1_dataGroup1,13.44165,52.46753,PM10,DE
Germany,SPO.DE_DEBE063_PM1_dataGroup1,13.44165,52.46753,PM10,DE
Germany,SPO.DE_DEBE063_PM2_dataGroup1,13.44165,52.46753,PM2.5,DE
Germany,SPO.DE_DEBE064_PM1_dataGroup1,13.43397,52.48171,PM10,DE
Germany,SPO.DE_DEBE064_PM1_dataGroup1,13.43397,52.48171,PM10,DE
Germany,SPO.DE_DEBE064_PM2_dataGroup1,13.43397,52.48171,PM2.5,DE
Germany,SPO.DE_DEBE065_PM1_dataGroup1,13.46993,52.51407,PM10,DE
Germany,SPO.DE_DEBE065_PM1_dataGroup1,13.46993,52.51407,PM10,DE
Germany,SPO.DE_DEBE065_PM1_dataGroup2,13.46993,52.51407,PM10,DE
Germany,SPO.DE_DEBE065_PM2_dataGroup1,13.46993,52.51407,PM2.5,DE
Germany,SPO.DE_DEBE065_PM2_dataGroup2,13.46993,52.51407,PM2.5,DE
Germany,SPO.DE_DEBE065_PM2_dataGroup2,13.46993,52.51407,PM2.5,DE
Germany,SPO.DE_DEBE067_PM1_dataGroup1,13.33297,52.50660,PM10,DE
Germany,SPO.DE_DEBE067_PM1_dataGroup1,13.33297,52.50660,PM10,DE
Germany,SPO.DE_DEBE068_PM1_dataGroup1,13.41883,52.51361,PM10,DE
Germany,SPO.DE_DEBE068_PM1_dataGroup1,13.41883,52.51361,PM10,DE
Germany,SPO.DE_DEBE068_PM1_dataGroup2,13.41883,52.51361,PM10,DE
Germany,SPO.DE_DEBE068_PM2_dataGroup1,13.41883,52.51361,PM2.5,DE
Germany,SPO.DE_DEBE068_PM2_dataGroup2,13.41883,52.51361,PM2.5,DE
Germany,SPO.DE_DEBE068_PM2_dataGroup2,13.41883,52.51361,PM2.5,DE
Germany,SPO.DE_DEBE069_PM1_dataGroup1,13.38772,52.43811,PM10,DE
Germany,SPO.DE_DEBE069_PM1_dataGroup1,13.38772,52.43811,PM10,DE
Germany,SPO.DE_DEBE069_PM2_dataGroup1,13.38772,52.43811,PM2.5,DE
Germany,SPO.DE_DEBE125_PM1_dataGroup1,13.38238,52.50981,PM10,DE
Germany,SPO.DE_DEBE125_PM2_dataGroup1,13.38238,52.50981,PM2.5,DE
Germany,SPO.DE_DEBE126_PM1_dataGroup1,13.42967,52.48381,PM10,DE
Germany,SPO.DE_DEBE126_PM2_dataGroup1,13.42967,52.48381,PM2.5,DE
Germany,SPO.DE_DEBE127_PM1_dataGroup1,13.44121,52.46747,PM10,DE
Germany,SPO.DE_DEBE127_PM2_dataGroup1,13.44121,52.46747,PM2.5,DE
Germany,SPO.DE_DEBW001_PM1_dataGroup1,8.41838,49.01011,PM10,DE
Germany,SPO.DE_DEBW001_PM1_dataGroup2,8.41838,49.01011,PM10,DE
Germany,SPO.DE_DEBW004_PM1_dataGroup1,8.40666,49.07655,PM10,DE
Germany,SPO.DE_DEBW004_PM1_dataGroup2,8.40666,49.07655,PM10,DE
Germany,SPO.DE_DEBW004_PM2_dataGroup1,8.40666,49.07655,PM2.5,DE
Germany,SPO.DE_DEBW005_PM1_dataGroup1,8.46528,49.54408,PM10,DE
Germany,SPO.DE_DEBW005_PM1_dataGroup2,8.46528,49.54408,PM10,DE
Germany,SPO.DE_DEBW005_PM2_dataGroup1,8.46528,49.54408,PM2.5,DE
Germany,SPO.DE_DEBW005_PM2_dataGroup2,8.46528,49.54408,PM2.5,DE
Germany,SPO.DE_DEBW006_PM1_dataGroup1,8.47802,49.47576,PM10,DE
Germany,SPO.DE_DEBW006_PM1_dataGroup2,8.47802,49.47576,PM10,DE
Germany,SPO.DE_DEBW007_PM1_dataGroup1,8.52582,49.43199,PM10,DE
Germany,SPO.DE_DEBW007_PM1_dataGroup2,8.52582,49.43199,PM10,DE
Germany,SPO.DE_DEBW009_PM1_dataGroup1,8.67670,49.41953,PM10,DE
Germany,SPO.DE_DEBW009_PM1_dataGroup2,8.67670,49.41953,PM10,DE
Germany,SPO.DE_DEBW009_PM2_dataGroup1,8.67670,49.41953,PM2.5,DE
Germany,SPO.DE_DEBW010_PM1_dataGroup1,8.70010,49.30073,PM10,DE
Germany,SPO.DE_DEBW010_PM1_dataGroup2,8.70010,49.30073,PM10,DE
Germany,SPO.DE_DEBW010_PM2_dataGroup1,8.70010,49.30073,PM2.5,DE
Germany,SPO.DE_DEBW011_PM1_dataGroup1,9.17251,48.82557,PM10,DE
Germany,SPO.DE_DEBW011_PM1_dataGroup2,9.17251,48.82557,PM10,DE
Germany,SPO.DE_DEBW013_PM1_dataGroup1,9.22975,48.80880,PM10,DE
Germany,SPO.DE_DEBW013_PM1_dataGroup2,9.22975,48.80880,PM10,DE
Germany,SPO.DE_DEBW013_PM2_dataGroup1,9.22975,48.80880,PM2.5,DE
Germany,SPO.DE_DEBW013_PM2_dataGroup2,9.22975,48.80880,PM2.5,DE
Germany,SPO.DE_DEBW015_PM1_dataGroup1,9.22479,49.16551,PM10,DE
Germany,SPO.DE_DEBW015_PM1_dataGroup2,9.22479,49.16551,PM10,DE
Germany,SPO.DE_DEBW015_PM2_dataGroup1,9.22479,49.16551,PM2.5,DE
Germany,SPO.DE_DEBW015_PM2_dataGroup2,9.22479,49.16551,PM2.5,DE
Germany,SPO.DE_DEBW019_PM1_dataGroup1,9.97903,48.39684,PM10,DE
Germany,SPO.DE_DEBW019_PM1_dataGroup2,9.97903,48.39684,PM10,DE
Germany,SPO.DE_DEBW019_PM2_dataGroup1,9.97903,48.39684,PM2.5,DE
Germany,SPO.DE_DEBW019_PM2_dataGroup2,9.97903,48.39684,PM2.5,DE
Germany,SPO.DE_DEBW022_PM1_dataGroup1,7.80232,48.57818,PM10,DE
Germany,SPO.DE_DEBW022_PM1_dataGroup2,7.80232,48.57818,PM10,DE
Germany,SPO.DE_DEBW022_PM2_dataGroup1,7.80232,48.57818,PM2.5,DE
Germany,SPO.DE_DEBW022_PM2_dataGroup2,7.80232,48.57818,PM2.5,DE
Germany,SPO.DE_DEBW023_PM1_dataGroup1,7.63327,47.58815,PM10,DE
Germany,SPO.DE_DEBW023_PM1_dataGroup2,7.63327,47.58815,PM10,DE
Germany,SPO.DE_DEBW023_PM2_dataGroup1,7.63327,47.58815,PM2.5,DE
Germany,SPO.DE_DEBW023_PM2_dataGroup2,7.63327,47.58815,PM2.5,DE
Germany,SPO.DE_DEBW024_PM1_dataGroup1,9.17279,48.89923,PM10,DE
Germany,SPO.DE_DEBW024_PM1_dataGroup2,9.17279,48.89923,PM10,DE
Germany,SPO.DE_DEBW024_PM2_dataGroup1,9.17279,48.89923,PM2.5,DE
Germany,SPO.DE_DEBW026_PM1_dataGroup1,9.41445,48.70865,PM10,DE
Germany,SPO.DE_DEBW026_PM1_dataGroup2,9.41445,48.70865,PM10,DE
Germany,SPO.DE_DEBW027_PM1_dataGroup1,9.20732,48.48889,PM10,DE
Germany,SPO.DE_DEBW027_PM1_dataGroup2,9.20732,48.48889,PM10,DE
Germany,SPO.DE_DEBW027_PM2_dataGroup1,9.20732,48.48889,PM2.5,DE
Germany,SPO.DE_DEBW027_PM2_dataGroup2,9.20732,48.48889,PM2.5,DE
Germany,SPO.DE_DEBW029_PM1_dataGroup1,10.09629,48.84792,PM10,DE
Germany,SPO.DE_DEBW029_PM1_dataGroup2,10.09629,48.84792,PM10,DE
Germany,SPO.DE_DEBW029_PM2_dataGroup1,10.09629,48.84792,PM2.5,DE
Germany,SPO.DE_DEBW031_PM1_dataGroup1,7.76453,47.80989,PM10,DE
Germany,SPO.DE_DEBW031_PM1_dataGroup2,7.76453,47.80989,PM10,DE
Germany,SPO.DE_DEBW031_PM2_dataGroup1,7.76453,47.80989,PM2.5,DE
Germany,SPO.DE_DEBW031_PM2_dataGroup2,7.76453,47.80989,PM2.5,DE
Germany,SPO.DE_DEBW033_PM1_dataGroup1,8.66554,48.88904,PM10,DE
Germany,SPO.DE_DEBW033_PM1_dataGroup2,8.66554,48.88904,PM10,DE
Germany,SPO.DE_DEBW033_PM2_dataGroup1,8.66554,48.88904,PM2.5,DE
Germany,SPO.DE_DEBW033_PM2_dataGroup2,8.66554,48.88904,PM2.5,DE
Germany,SPO.DE_DEBW034_PM1_dataGroup1,9.30081,48.83208,PM10,DE
Germany,SPO.DE_DEBW034_PM1_dataGroup2,9.30081,48.83208,PM10,DE
Germany,SPO.DE_DEBW037_PM1_dataGroup1,8.41281,48.47209,PM10,DE
Germany,SPO.DE_DEBW037_PM1_dataGroup2,8.41281,48.47209,PM10,DE
Germany,SPO.DE_DEBW038_PM1_dataGroup1,9.48568,47.66006,PM10,DE
Germany,SPO.DE_DEBW038_PM1_dataGroup2,9.48568,47.66006,PM10,DE
Germany,SPO.DE_DEBW038_PM2_dataGroup1,9.48568,47.66006,PM2.5,DE
Germany,SPO.DE_DEBW039_PM1_dataGroup1,8.46360,48.04866,PM10,DE
Germany,SPO.DE_DEBW039_PM1_dataGroup2,8.46360,48.04866,PM10,DE
Germany,SPO.DE_DEBW039_PM2_dataGroup1,8.46360,48.04866,PM2.5,DE
Germany,SPO.DE_DEBW040_PM1_dataGroup1,8.22315,47.61801,PM10,DE
Germany,SPO.DE_DEBW040_PM1_dataGroup2,8.22315,47.61801,PM10,DE
Germany,SPO.DE_DEBW042_PM1_dataGroup1,9.22940,48.67752,PM10,DE
Germany,SPO.DE_DEBW042_PM1_dataGroup2,9.22940,48.67752,PM10,DE
Germany,SPO.DE_DEBW042_PM2_dataGroup1,9.22940,48.67752,PM2.5,DE
Germany,SPO.DE_DEBW046_PM1_dataGroup1,9.80033,48.08989,PM10,DE
Germany,SPO.DE_DEBW046_PM1_dataGroup2,9.80033,48.08989,PM10,DE
Germany,SPO.DE_DEBW046_PM2_dataGroup1,9.80033,48.08989,PM2.5,DE
Germany,SPO.DE_DEBW052_PM1_dataGroup1,9.16929,47.66436,PM10,DE
Germany,SPO.DE_DEBW052_PM1_dataGroup1,9.16929,47.66436,PM10,DE
Germany,SPO.DE_DEBW052_PM1_dataGroup2,9.16929,47.66436,PM10,DE
Germany,SPO.DE_DEBW052_PM2_dataGroup1,9.16929,47.66436,PM2.5,DE
Germany,SPO.DE_DEBW052_PM2_dataGroup2,9.16929,47.66436,PM2.5,DE
Germany,SPO.DE_DEBW056_PM1_dataGroup1,9.73323,49.10788,PM10,DE
Germany,SPO.DE_DEBW056_PM1_dataGroup2,9.73323,49.10788,PM10,DE
Germany,SPO.DE_DEBW056_PM2_dataGroup1,9.73323,49.10788,PM2.5,DE
Germany,SPO.DE_DEBW059_PM1_dataGroup1,9.65792,49.63484,PM10,DE
Germany,SPO.DE_DEBW059_PM1_dataGroup2,9.65792,49.63484,PM10,DE
Germany,SPO.DE_DEBW059_PM2_dataGroup1,9.65792,49.63484,PM2.5,DE
Germany,SPO.DE_DEBW073_PM1_dataGroup1,7.56797,47.81902,PM10,DE
Germany,SPO.DE_DEBW073_PM1_dataGroup2,7.56797,47.81902,PM10,DE
Germany,SPO.DE_DEBW073_PM2_dataGroup1,7.56797,47.81902,PM2.5,DE
Germany,SPO.DE_DEBW076_PM1_dataGroup1,8.22021,48.77307,PM10,DE
Germany,SPO.DE_DEBW076_PM1_dataGroup2,8.22021,48.77307,PM10,DE
Germany,SPO.DE_DEBW076_PM2_dataGroup1,8.22021,48.77307,PM2.5,DE
Germany,SPO.DE_DEBW080_PM1_dataGroup1,8.38719,49.00796,PM10,DE
Germany,SPO.DE_DEBW080_PM1_dataGroup2,8.38719,49.00796,PM10,DE
Germany,SPO.DE_DEBW080_PM2_dataGroup1,8.38719,49.00796,PM2.5,DE
Germany,SPO.DE_DEBW080_PM2_dataGroup2,8.38719,49.00796,PM2.5,DE
Germany,SPO.DE_DEBW081_PM1_dataGroup1,8.35563,49.02859,PM10,DE
Germany,SPO.DE_DEBW081_PM1_dataGroup2,8.35563,49.02859,PM10,DE
Germany,SPO.DE_DEBW081_PM2_dataGroup1,8.35563,49.02859,PM2.5,DE
Germany,SPO.DE_DEBW081_PM2_dataGroup2,8.35563,49.02859,PM2.5,DE
Germany,SPO.DE_DEBW084_PM1_dataGroup1,7.83212,48.00151,PM10,DE
Germany,SPO.DE_DEBW084_PM1_dataGroup2,7.83212,48.00151,PM10,DE
Germany,SPO.DE_DEBW084_PM2_dataGroup1,7.83212,48.00151,PM2.5,DE
Germany,SPO.DE_DEBW084_PM2_dataGroup2,7.83212,48.00151,PM2.5,DE
Germany,SPO.DE_DEBW087_PM1_dataGroup1,9.20764,48.34578,PM10,DE
Germany,SPO.DE_DEBW087_PM1_dataGroup2,9.20764,48.34578,PM10,DE
Germany,SPO.DE_DEBW087_PM2_dataGroup1,9.20764,48.34578,PM2.5,DE
Germany,SPO.DE_DEBW087_PM2_dataGroup2,9.20764,48.34578,PM2.5,DE
Germany,SPO.DE_DEBW098_PM1_dataGroup1,8.47204,49.49256,PM10,DE
Germany,SPO.DE_DEBW098_PM1_dataGroup2,8.47204,49.49256,PM10,DE
Germany,SPO.DE_DEBW098_PM2_dataGroup1,8.47204,49.49256,PM2.5,DE
Germany,SPO.DE_DEBW098_PM2_dataGroup2,8.47204,49.49256,PM2.5,DE
Germany,SPO.DE_DEBW099_PM1_dataGroup1,9.18072,48.78313,PM10,DE
Germany,SPO.DE_DEBW099_PM1_dataGroup2,9.18072,48.78313,PM10,DE
Germany,SPO.DE_DEBW099_PM2_dataGroup1,9.18072,48.78313,PM2.5,DE
Germany,SPO.DE_DEBW099_PM2_dataGroup2,9.18072,48.78313,PM2.5,DE
Germany,SPO.DE_DEBW103_PM1_dataGroup1,8.75402,49.46450,PM10,DE
Germany,SPO.DE_DEBW103_PM1_dataGroup2,8.75402,49.46450,PM10,DE
Germany,SPO.DE_DEBW107_PM1_dataGroup1,9.05118,48.50770,PM10,DE
Germany,SPO.DE_DEBW107_PM1_dataGroup2,9.05118,48.50770,PM10,DE
Germany,SPO.DE_DEBW107_PM2_dataGroup1,9.05118,48.50770,PM2.5,DE
Germany,SPO.DE_DEBW107_PM2_dataGroup2,9.05118,48.50770,PM2.5,DE
Germany,SPO.DE_DEBW110_PM1_dataGroup1,9.23711,47.93236,PM10,DE
Germany,SPO.DE_DEBW110_PM1_dataGroup2,9.23711,47.93236,PM10,DE
Germany,SPO.DE_DEBW111_PM1_dataGroup1,7.93781,48.47657,PM10,DE
Germany,SPO.DE_DEBW111_PM1_dataGroup2,7.93781,48.47657,PM10,DE
Germany,SPO.DE_DEBW112_PM1_dataGroup1,8.90444,48.64561,PM10,DE
Germany,SPO.DE_DEBW112_PM1_dataGroup2,8.90444,48.64561,PM10,DE
Germany,SPO.DE_DEBW112_PM2_dataGroup1,8.90444,48.64561,PM2.5,DE
Germany,SPO.DE_DEBW116_PM1_dataGroup2,9.18449,48.76871,PM10,DE
Germany,SPO.DE_DEBW117_PM1_dataGroup2,9.19003,48.88920,PM10,DE
Germany,SPO.DE_DEBW118_PM1_dataGroup1,9.19101,48.78810,PM10,DE
Germany,SPO.DE_DEBW118_PM1_dataGroup2,9.19101,48.78810,PM10,DE
Germany,SPO.DE_DEBW118_PM2_dataGroup1,9.19101,48.78810,PM2.5,DE
Germany,SPO.DE_DEBW118_PM2_dataGroup2,9.19101,48.78810,PM2.5,DE
Germany,SPO.DE_DEBW120_PM1_dataGroup2,9.01652,48.80102,PM10,DE
Germany,SPO.DE_DEBW121_PM1_dataGroup2,9.20515,48.95934,PM10,DE
Germany,SPO.DE_DEBW122_PM1_dataGroup1,7.85992,47.98820,PM10,DE
Germany,SPO.DE_DEBW122_PM1_dataGroup2,7.85992,47.98820,PM10,DE
Germany,SPO.DE_DEBW122_PM2_dataGroup1,7.85992,47.98820,PM2.5,DE
Germany,SPO.DE_DEBW122_PM2_dataGroup2,7.85992,47.98820,PM2.5,DE
Germany,SPO.DE_DEBW125_PM1_dataGroup2,8.52628,49.00371,PM10,DE
Germany,SPO.DE_DEBW125_PM2_dataGroup2,8.52628,49.00371,PM2.5,DE
Germany,SPO.DE_DEBW126_PM1_dataGroup2,8.36927,49.00536,PM10,DE
Germany,SPO.DE_DEBW127_PM1_dataGroup2,7.85502,48.01343,PM10,DE
Germany,SPO.DE_DEBW128_PM1_dataGroup2,8.84432,48.94667,PM10,DE
Germany,SPO.DE_DEBW130_PM1_dataGroup2,8.69587,48.88803,PM10,DE
Germany,SPO.DE_DEBW133_PM1_dataGroup2,9.24402,49.05513,PM10,DE
Germany,SPO.DE_DEBW134_PM1_dataGroup2,9.22036,48.80377,PM10,DE
Germany,SPO.DE_DEBW135_PM1_dataGroup2,8.86912,48.59476,PM10,DE
Germany,SPO.DE_DEBW136_PM1_dataGroup1,9.05802,48.52023,PM10,DE
Germany,SPO.DE_DEBW136_PM1_dataGroup2,9.05802,48.52023,PM10,DE
Germany,SPO.DE_DEBW136_PM2_dataGroup1,9.05802,48.52023,PM2.5,DE
Germany,SPO.DE_DEBW137_PM1_dataGroup2,8.97944,48.52639,PM10,DE
Germany,SPO.DE_DEBW138_PM1_dataGroup2,9.98348,48.39463,PM10,DE
Germany,SPO.DE_DEBW142_PM1_dataGroup2,9.08135,48.90292,PM10,DE
Germany,SPO.DE_DEBW144_PM1_dataGroup2,8.57697,49.02757,PM10,DE
Germany,SPO.DE_DEBW147_PM1_dataGroup1,9.21079,48.48933,PM10,DE
Germany,SPO.DE_DEBW147_PM1_dataGroup2,9.21079,48.48933,PM10,DE
Germany,SPO.DE_DEBW147_PM2_dataGroup1,9.21079,48.48933,PM2.5,DE
Germany,SPO.DE_DEBW147_PM2_dataGroup2,9.21079,48.48933,PM2.5,DE
Germany,SPO.DE_DEBW148_PM1_dataGroup2,9.18403,48.96047,PM10,DE
Germany,SPO.DE_DEBW149_PM1_dataGroup2,9.57939,48.80923,PM10,DE
Germany,SPO.DE_DEBW150_PM1_dataGroup2,8.02117,47.55362,PM10,DE
Germany,SPO.DE_DEBW151_PM1_dataGroup2,8.67700,49.40725,PM10,DE
Germany,SPO.DE_DEBW152_PM1_dataGroup2,9.22589,49.14600,PM10,DE
Germany,SPO.DE_DEBW152_PM2_dataGroup2,9.22589,49.14600,PM2.5,DE
Germany,SPO.DE_DEBW153_PM1_dataGroup2,9.98731,48.40411,PM10,DE
Germany,SPO.DE_DEBW154_PM1_dataGroup2,9.20434,48.93795,PM10,DE
Germany,SPO.DE_DEBW156_PM1_dataGroup2,8.39062,48.22915,PM10,DE
Germany,SPO.DE_DEBW156_PM2_dataGroup2,8.39062,48.22915,PM2.5,DE
Germany,SPO.DE_DEBW157_PM1_dataGroup2,9.37867,48.67271,PM10,DE
Germany,SPO.DE_DEBW196_PM1_dataGroup2,9.27755,48.80463,PM10,DE
Germany,SPO.DE_DEBW197_PM1_dataGroup2,7.92429,48.33051,PM10,DE
Germany,SPO.DE_DEBW198_PM1_dataGroup2,9.96404,48.82276,PM10,DE
Germany,SPO.DE_DEBW202_PM1_dataGroup2,8.63025,48.46914,PM10,DE
Germany,SPO.DE_DEBW219_PM1_dataGroup2,9.43699,48.94503,PM10,DE
Germany,SPO.DE_DEBW220_PM1_dataGroup2,9.31445,48.74158,PM10,DE
Germany,SPO.DE_DEBW221_PM1_dataGroup2,9.18133,47.66908,PM10,DE
Germany,SPO.DE_DEBW222_PM1_dataGroup2,9.79804,48.63667,PM10,DE
Germany,SPO.DE_DEBW223_PM1_dataGroup2,9.16726,48.68996,PM10,DE
Germany,SPO.DE_DEBW226_PM1_dataGroup2,9.46702,47.65670,PM10,DE
Germany,SPO.DE_DEBY001_PM1_dataGroup1,10.57230,49.30489,PM10,DE
Germany,SPO.DE_DEBY001_PM1_dataGroup1,10.57230,49.30489,PM10,DE
Germany,SPO.DE_DEBY001_PM2_dataGroup1,10.57230,49.30489,PM2.5,DE
Germany,SPO.DE_DEBY002_PM1_dataGroup1,12.18865,50.05819,PM10,DE
Germany,SPO.DE_DEBY002_PM2_dataGroup1,12.18865,50.05819,PM2.5,DE
Germany,SPO.DE_DEBY004_PM1_dataGroup1,9.17154,49.86942,PM10,DE
Germany,SPO.DE_DEBY004_PM2_dataGroup1,9.17154,49.86942,PM2.5,DE
Germany,SPO.DE_DEBY005_PM1_dataGroup1,9.11797,49.99152,PM10,DE
Germany,SPO.DE_DEBY005_PM2_dataGroup1,9.11797,49.99152,PM2.5,DE
Germany,SPO.DE_DEBY006_PM1_dataGroup1,10.89503,48.36459,PM10,DE
Germany,SPO.DE_DEBY007_PM1_dataGroup1,10.88837,48.37658,PM10,DE
Germany,SPO.DE_DEBY007_PM2_dataGroup1,10.88837,48.37658,PM2.5,DE
Germany,SPO.DE_DEBY009_PM1_dataGroup1,10.88769,49.89833,PM10,DE
Germany,SPO.DE_DEBY009_PM2_dataGroup1,10.88769,49.89833,PM2.5,DE
Germany,SPO.DE_DEBY010_PM1_dataGroup1,11.57576,49.94708,PM10,DE
Germany,SPO.DE_DEBY012_PM1_dataGroup1,12.82931,48.17717,PM10,DE
Germany,SPO.DE_DEBY012_PM1_dataGroup1,12.82931,48.17717,PM10,DE
Germany,SPO.DE_DEBY012_PM2_dataGroup1,12.82931,48.17717,PM2.5,DE
Germany,SPO.DE_DEBY013_PM1_dataGroup1,12.78139,48.18284,PM10,DE
Germany,SPO.DE_DEBY013_PM2_dataGroup1,12.78139,48.18284,PM2.5,DE
Germany,SPO.DE_DEBY014_PM1_dataGroup1,10.95931,50.26058,PM10,DE
Germany,SPO.DE_DEBY014_PM2_dataGroup1,10.95931,50.26058,PM2.5,DE
Germany,SPO.DE_DEBY020_PM1_dataGroup1,11.89749,50.32061,PM10,DE
Germany,SPO.DE_DEBY021_PM1_dataGroup1,11.42877,48.76944,PM10,DE
Germany,SPO.DE_DEBY021_PM1_dataGroup1,11.42877,48.76944,PM10,DE
Germany,SPO.DE_DEBY021_PM2_dataGroup1,11.42877,48.76944,PM2.5,DE
Germany,SPO.DE_DEBY028_PM1_dataGroup1,11.87925,48.90952,PM10,DE
Germany,SPO.DE_DEBY028_PM2_dataGroup1,11.87925,48.90952,PM2.5,DE
Germany,SPO.DE_DEBY030_PM1_dataGroup1,11.94880,48.90423,PM10,DE
Germany,SPO.DE_DEBY031_PM1_dataGroup1,10.30656,47.72514,PM10,DE
Germany,SPO.DE_DEBY031_PM2_dataGroup1,10.30656,47.72514,PM2.5,DE
Germany,SPO.DE_DEBY032_PM1_dataGroup1,11.44259,50.10314,PM10,DE
Germany,SPO.DE_DEBY033_PM1_dataGroup1,12.15705,48.53980,PM10,DE
Germany,SPO.DE_DEBY035_PM1_dataGroup1,9.68887,47.55747,PM10,DE
Germany,SPO.DE_DEBY035_PM1_dataGroup1,9.68887,47.55747,PM10,DE
Germany,SPO.DE_DEBY035_PM2_dataGroup1,9.68887,47.55747,PM2.5,DE
Germany,SPO.DE_DEBY037_PM1_dataGroup1,11.56492,48.13725,PM10,DE
Germany,SPO.DE_DEBY037_PM2_dataGroup1,11.56492,48.13725,PM2.5,DE
Germany,SPO.DE_DEBY039_PM1_dataGroup1,11.55467,48.15453,PM10,DE
Germany,SPO.DE_DEBY039_PM2_dataGroup1,11.55467,48.15453,PM2.5,DE
Germany,SPO.DE_DEBY047_PM1_dataGroup1,11.72161,50.32324,PM10,DE
Germany,SPO.DE_DEBY049_PM1_dataGroup1,11.77782,48.85321,PM10,DE
Germany,SPO.DE_DEBY049_PM2_dataGroup1,11.77782,48.85321,PM2.5,DE
Germany,SPO.DE_DEBY052_PM1_dataGroup1,10.00829,48.39708,PM10,DE
Germany,SPO.DE_DEBY052_PM1_dataGroup1,10.00829,48.39708,PM10,DE
Germany,SPO.DE_DEBY052_PM2_dataGroup1,10.00829,48.39708,PM2.5,DE
Germany,SPO.DE_DEBY053_PM1_dataGroup1,11.08844,49.44591,PM10,DE
Germany,SPO.DE_DEBY053_PM2_dataGroup1,11.08844,49.44591,PM2.5,DE
Germany,SPO.DE_DEBY054_PM1_dataGroup1,11.10585,49.47707,PM10,DE
Germany,SPO.DE_DEBY056_PM1_dataGroup1,10.98471,49.47221,PM10,DE
Germany,SPO.DE_DEBY058_PM2_dataGroup1,11.02480,49.46223,PM2.5,DE
Germany,SPO.DE_DEBY062_PM1_dataGroup1,13.12893,48.97240,PM10,DE
Germany,SPO.DE_DEBY063_PM1_dataGroup1,12.10156,49.01525,PM10,DE
Germany,SPO.DE_DEBY067_PM1_dataGroup1,12.12814,49.32196,PM10,DE
Germany,SPO.DE_DEBY067_PM2_dataGroup1,12.12814,49.32196,PM2.5,DE
Germany,SPO.DE_DEBY068_PM1_dataGroup1,10.23208,50.04840,PM10,DE
Germany,SPO.DE_DEBY072_PM1_dataGroup1,12.54887,49.43846,PM10,DE
Germany,SPO.DE_DEBY072_PM1_dataGroup1,12.54887,49.43846,PM10,DE
Germany,SPO.DE_DEBY072_PM2_dataGroup1,12.54887,49.43846,PM2.5,DE
Germany,SPO.DE_DEBY075_PM1_dataGroup1,12.15936,49.67895,PM10,DE
Germany,SPO.DE_DEBY075_PM2_dataGroup1,12.15936,49.67895,PM2.5,DE
Germany,SPO.DE_DEBY076_PM1_dataGroup1,9.93594,49.79458,PM10,DE
Germany,SPO.DE_DEBY077_PM1_dataGroup1,9.95642,49.80469,PM10,DE
Germany,SPO.DE_DEBY077_PM2_dataGroup1,9.95642,49.80469,PM2.5,DE
Germany,SPO.DE_DEBY088_PM1_dataGroup1,12.53817,48.02166,PM10,DE
Germany,SPO.DE_DEBY088_PM1_dataGroup1,12.53817,48.02166,PM10,DE
Germany,SPO.DE_DEBY088_PM2_dataGroup1,12.53817,48.02166,PM2.5,DE
Germany,SPO.DE_DEBY089_PM1_dataGroup1,11.64804,48.17319,PM10,DE
Germany,SPO.DE_DEBY089_PM2_dataGroup1,11.64804,48.17319,PM2.5,DE
Germany,SPO.DE_DEBY093_PM1_dataGroup1,11.78634,49.48798,PM10,DE
Germany,SPO.DE_DEBY099_PM1_dataGroup1,10.90305,48.32601,PM10,DE
Germany,SPO.DE_DEBY099_PM2_dataGroup1,10.90305,48.32601,PM2.5,DE
Germany,SPO.DE_DEBY109_PM1_dataGroup1,11.22017,47.96875,PM10,DE
Germany,SPO.DE_DEBY109_PM2_dataGroup1,11.22017,47.96875,PM2.5,DE
Germany,SPO.DE_DEBY110_PM1_dataGroup1,10.89622,48.37024,PM10,DE
Germany,SPO.DE_DEBY111_PM1_dataGroup1,11.57009,49.94364,PM10,DE
Germany,SPO.DE_DEBY113_PM1_dataGroup1,10.96353,49.60591,PM10,DE
Germany,SPO.DE_DEBY114_PM1_dataGroup1,11.59228,48.14274,PM10,DE
Germany,SPO.DE_DEBY115_PM1_dataGroup1,11.53651,48.14961,PM10,DE
Germany,SPO.DE_DEBY115_PM2_dataGroup1,11.53651,48.14961,PM2.5,DE
Germany,SPO.DE_DEBY116_PM1_dataGroup1,11.00132,49.60263,PM10,DE
Germany,SPO.DE_DEBY118_PM1_dataGroup1,13.42204,48.57363,PM10,DE
Germany,SPO.DE_DEBY118_PM1_dataGroup1,13.42204,48.57363,PM10,DE
Germany,SPO.DE_DEBY118_PM2_dataGroup1,13.42204,48.57363,PM2.5,DE
Germany,SPO.DE_DEBY119_PM1_dataGroup1,9.94765,49.79053,PM10,DE
Germany,SPO.DE_DEBY120_PM1_dataGroup1,11.03610,49.44048,PM10,DE
Germany,SPO.DE_DEBY121_PM1_dataGroup1,12.18832,47.64846,PM10,DE
Germany,SPO.DE_DEBY121_PM2_dataGroup1,12.18832,47.64846,PM2.5,DE
Germany,SPO.DE_DEBY122_PM1_dataGroup1,10.43655,47.54108,PM10,DE
Germany,SPO.DE_DEBY124_PM2_dataGroup1,10.32500,49.44406,PM2.5,DE
Germany,SPO.DE_DEBY187_PM2_dataGroup1,10.59772,48.95218,PM2.5,DE
Germany,SPO.DE_DEBY188_PM1_dataGroup1,11.02792,49.32273,PM10,DE
Germany,SPO.DE_DEBY198_PM1_dataGroup1,11.43464,48.74262,PM10,DE
Germany,SPO.DE_DEBY198_PM2_dataGroup1,11.43464,48.74262,PM2.5,DE
Germany,SPO.DE_DEBY200_PM1_dataGroup1,13.46936,48.57663,PM10,DE
Germany,SPO.DE_DEBY200_PM2_dataGroup1,13.46936,48.57663,PM2.5,DE
Germany,SPO.DE_DEHB001_PM1_dataGroup1,8.81578,53.07715,PM10,DE
Germany,SPO.DE_DEHB001_PM1_dataGroup1,8.81578,53.07715,PM10,DE
Germany,SPO.DE_DEHB002_PM1_dataGroup1,8.91697,53.06004,PM10,DE
Germany,SPO.DE_DEHB002_PM1_dataGroup1,8.91697,53.06004,PM10,DE
Germany,SPO.DE_DEHB002_PM2_dataGroup1,8.91697,53.06004,PM2.5,DE
Germany,SPO.DE_DEHB003_PM1_dataGroup1,8.75562,53.11110,PM10,DE
Germany,SPO.DE_DEHB004_PM1_dataGroup1,8.62546,53.18095,PM10,DE
Germany,SPO.DE_DEHB004_PM1_dataGroup1,8.62546,53.18095,PM10,DE
Germany,SPO.DE_DEHB005_PM1_dataGroup1,8.56941,53.56246,PM10,DE
Germany,SPO.DE_DEHB005_PM1_dataGroup1,8.56941,53.56246,PM10,DE
Germany,SPO.DE_DEHB005_PM2_dataGroup1,8.56941,53.56246,PM2.5,DE
Germany,SPO.DE_DEHB005_PM2_dataGroup1,8.56941,53.56246,PM2.5,DE
Germany,SPO.DE_DEHB006_PM1_dataGroup1,8.82517,53.07866,PM10,DE
Germany,SPO.DE_DEHB006_PM1_dataGroup1,8.82517,53.07866,PM10,DE
Germany,SPO.DE_DEHB007_PM1_dataGroup1,8.78303,53.06668,PM10,DE
Germany,SPO.DE_DEHB010_PM1_dataGroup2,8.71137,53.15007,PM10,DE
Germany,SPO.DE_DEHB010_PM1_dataGroup3,8.71137,53.15007,PM10,DE
Germany,SPO.DE_DEHB011_PM1_dataGroup1,8.59876,53.58526,PM10,DE
Germany,SPO.DE_DEHB011_PM1_dataGroup1,8.59876,53.58526,PM10,DE
Germany,SPO.DE_DEHB012_PM1_dataGroup1,8.73506,53.13172,PM10,DE
Germany,SPO.DE_DEHB012_PM1_dataGroup1,8.73506,53.13172,PM10,DE
Germany,SPO.DE_DEHB012_PM2_dataGroup1,8.73506,53.13172,PM2.5,DE
Germany,SPO.DE_DEHB013_PM1_dataGroup1,8.69506,53.11770,PM10,DE
Germany,SPO.DE_DEHB013_PM2_dataGroup1,8.69506,53.11770,PM2.5,DE
Germany,SPO.DE_DEHB014_PM1_dataGroup1,8.77556,53.09944,PM10,DE
Germany,SPO.DE_DEHE001_PM1_dataGroup1,8.66462,49.87230,PM10,DE
Germany,SPO.DE_DEHE001_PM1_dataGroup1,8.66462,49.87230,PM10,DE
Germany,SPO.DE_DEHE001_PM1_dataGroup1,8.66462,49.87230,PM10,DE
Germany,SPO.DE_DEHE001_PM1_dataGroup3,8.66462,49.87230,PM10,DE
Germany,SPO.DE_DEHE001_PM2_dataGroup1,8.66462,49.87230,PM2.5,DE
Germany,SPO.DE_DEHE005_PM1_dataGroup1,8.54252,50.10175,PM10,DE
Germany,SPO.DE_DEHE005_PM1_dataGroup1,8.54252,50.10175,PM10,DE
Germany,SPO.DE_DEHE005_PM1_dataGroup1,8.54252,50.10175,PM10,DE
Germany,SPO.DE_DEHE005_PM1_dataGroup3,8.54252,50.10175,PM10,DE
Germany,SPO.DE_DEHE005_PM2_dataGroup1,8.54252,50.10175,PM2.5,DE
Germany,SPO.DE_DEHE008_PM1_dataGroup1,8.74634,50.12533,PM10,DE
Germany,SPO.DE_DEHE008_PM1_dataGroup1,8.74634,50.12533,PM10,DE
Germany,SPO.DE_DEHE008_PM1_dataGroup1,8.74634,50.12533,PM10,DE
Germany,SPO.DE_DEHE008_PM1_dataGroup3,8.74634,50.12533,PM10,DE
Germany,SPO.DE_DEHE008_PM2_dataGroup1,8.74634,50.12533,PM2.5,DE
Germany,SPO.DE_DEHE008_PM2_dataGroup2,8.74634,50.12533,PM2.5,DE
Germany,SPO.DE_DEHE009_PM1_dataGroup1,8.51559,50.08073,PM10,DE
Germany,SPO.DE_DEHE009_PM1_dataGroup3,8.51559,50.08073,PM10,DE
Germany,SPO.DE_DEHE011_PM1_dataGroup1,8.92157,50.13577,PM10,DE
Germany,SPO.DE_DEHE011_PM1_dataGroup1,8.92157,50.13577,PM10,DE
Germany,SPO.DE_DEHE011_PM1_dataGroup1,8.92157,50.13577,PM10,DE
Germany,SPO.DE_DEHE011_PM2_dataGroup1,8.92157,50.13577,PM2.5,DE
Germany,SPO.DE_DEHE013_PM1_dataGroup1,9.48340,51.31425,PM10,DE
Germany,SPO.DE_DEHE013_PM1_dataGroup1,9.48340,51.31425,PM10,DE
Germany,SPO.DE_DEHE013_PM1_dataGroup3,9.48340,51.31425,PM10,DE
Germany,SPO.DE_DEHE013_PM2_dataGroup1,9.48340,51.31425,PM2.5,DE
Germany,SPO.DE_DEHE013_PM2_dataGroup2,9.48340,51.31425,PM2.5,DE
Germany,SPO.DE_DEHE018_PM1_dataGroup1,8.45153,50.01032,PM10,DE
Germany,SPO.DE_DEHE018_PM1_dataGroup1,8.45153,50.01032,PM10,DE
Germany,SPO.DE_DEHE018_PM1_dataGroup3,8.45153,50.01032,PM10,DE
Germany,SPO.DE_DEHE018_PM2_dataGroup1,8.45153,50.01032,PM2.5,DE
Germany,SPO.DE_DEHE020_PM1_dataGroup1,8.50062,50.56718,PM10,DE
Germany,SPO.DE_DEHE020_PM1_dataGroup1,8.50062,50.56718,PM10,DE
Germany,SPO.DE_DEHE020_PM1_dataGroup3,8.50062,50.56718,PM10,DE
Germany,SPO.DE_DEHE020_PM2_dataGroup1,8.50062,50.56718,PM2.5,DE
Germany,SPO.DE_DEHE022_PM1_dataGroup1,8.24495,50.05034,PM10,DE
Germany,SPO.DE_DEHE022_PM1_dataGroup1,8.24495,50.05034,PM10,DE
Germany,SPO.DE_DEHE022_PM1_dataGroup1,8.24495,50.05034,PM10,DE
Germany,SPO.DE_DEHE022_PM1_dataGroup3,8.24495,50.05034,PM10,DE
Germany,SPO.DE_DEHE022_PM2_dataGroup1,8.24495,50.05034,PM2.5,DE
Germany,SPO.DE_DEHE022_PM2_dataGroup2,8.24495,50.05034,PM2.5,DE
Germany,SPO.DE_DEHE024_PM1_dataGroup1,9.77459,51.29176,PM10,DE
Germany,SPO.DE_DEHE024_PM1_dataGroup1,9.77459,51.29176,PM10,DE
Germany,SPO.DE_DEHE024_PM2_dataGroup1,9.77459,51.29176,PM2.5,DE
Germany,SPO.DE_DEHE028_PM1_dataGroup1,8.81725,49.65347,PM10,DE
Germany,SPO.DE_DEHE028_PM1_dataGroup1,8.81725,49.65347,PM10,DE
Germany,SPO.DE_DEHE028_PM2_dataGroup1,8.81725,49.65347,PM2.5,DE
Germany,SPO.DE_DEHE030_PM1_dataGroup1,8.76932,50.80426,PM10,DE
Germany,SPO.DE_DEHE030_PM1_dataGroup1,8.76932,50.80426,PM10,DE
Germany,SPO.DE_DEHE030_PM1_dataGroup1,8.76932,50.80426,PM10,DE
Germany,SPO.DE_DEHE030_PM2_dataGroup1,8.76932,50.80426,PM2.5,DE
Germany,SPO.DE_DEHE032_PM1_dataGroup1,9.80026,50.97002,PM10,DE
Germany,SPO.DE_DEHE032_PM1_dataGroup1,9.80026,50.97002,PM10,DE
Germany,SPO.DE_DEHE032_PM1_dataGroup1,9.80026,50.97002,PM10,DE
Germany,SPO.DE_DEHE032_PM2_dataGroup1,9.80026,50.97002,PM2.5,DE
Germany,SPO.DE_DEHE036_PM1_dataGroup3,8.70025,50.12398,PM10,DE
Germany,SPO.DE_DEHE037_PM1_dataGroup1,8.23032,50.07719,PM10,DE
Germany,SPO.DE_DEHE037_PM1_dataGroup1,8.23032,50.07719,PM10,DE
Germany,SPO.DE_DEHE037_PM1_dataGroup3,8.23032,50.07719,PM10,DE
Germany,SPO.DE_DEHE037_PM2_dataGroup1,8.23032,50.07719,PM2.5,DE
Germany,SPO.DE_DEHE037_PM2_dataGroup1,8.23032,50.07719,PM2.5,DE
Germany,SPO.DE_DEHE040_PM1_dataGroup1,8.65375,49.86946,PM10,DE
Germany,SPO.DE_DEHE040_PM1_dataGroup1,8.65375,49.86946,PM10,DE
Germany,SPO.DE_DEHE040_PM2_dataGroup1,8.65375,49.86946,PM2.5,DE
Germany,SPO.DE_DEHE041_PM1_dataGroup1,8.69191,50.12459,PM10,DE
Germany,SPO.DE_DEHE041_PM2_dataGroup1,8.69191,50.12459,PM2.5,DE
Germany,SPO.DE_DEHE042_PM1_dataGroup3,8.68440,50.53297,PM10,DE
Germany,SPO.DE_DEHE043_PM1_dataGroup1,8.51680,49.82517,PM10,DE
Germany,SPO.DE_DEHE043_PM1_dataGroup1,8.51680,49.82517,PM10,DE
Germany,SPO.DE_DEHE043_PM1_dataGroup1,8.51680,49.82517,PM10,DE
Germany,SPO.DE_DEHE043_PM1_dataGroup3,8.51680,49.82517,PM10,DE
Germany,SPO.DE_DEHE043_PM2_dataGroup1,8.51680,49.82517,PM2.5,DE
Germany,SPO.DE_DEHE044_PM1_dataGroup1,8.06100,50.38322,PM10,DE
Germany,SPO.DE_DEHE044_PM1_dataGroup1,8.06100,50.38322,PM10,DE
Germany,SPO.DE_DEHE044_PM1_dataGroup1,8.06100,50.38322,PM10,DE
Germany,SPO.DE_DEHE044_PM2_dataGroup1,8.06100,50.38322,PM2.5,DE
Germany,SPO.DE_DEHE045_PM1_dataGroup1,9.00198,49.67251,PM10,DE
Germany,SPO.DE_DEHE045_PM1_dataGroup1,9.00198,49.67251,PM10,DE
Germany,SPO.DE_DEHE045_PM1_dataGroup1,9.00198,49.67251,PM10,DE
Germany,SPO.DE_DEHE045_PM2_dataGroup1,9.00198,49.67251,PM2.5,DE
Germany,SPO.DE_DEHE046_PM1_dataGroup1,8.92817,51.43090,PM10,DE
Germany,SPO.DE_DEHE046_PM2_dataGroup1,8.92817,51.43090,PM2.5,DE
Germany,SPO.DE_DEHE049_PM1_dataGroup1,9.49112,51.31208,PM10,DE
Germany,SPO.DE_DEHE049_PM1_dataGroup1,9.49112,51.31208,PM10,DE
Germany,SPO.DE_DEHE049_PM1_dataGroup3,9.49112,51.31208,PM10,DE
Germany,SPO.DE_DEHE049_PM2_dataGroup1,9.49112,51.31208,PM2.5,DE
Germany,SPO.DE_DEHE050_PM1_dataGroup1,9.27123,51.36076,PM10,DE
Germany,SPO.DE_DEHE050_PM1_dataGroup1,9.27123,51.36076,PM10,DE
Germany,SPO.DE_DEHE050_PM2_dataGroup1,9.27123,51.36076,PM2.5,DE
Germany,SPO.DE_DEHE051_PM1_dataGroup1,9.93586,50.49771,PM10,DE
Germany,SPO.DE_DEHE051_PM1_dataGroup1,9.93586,50.49771,PM10,DE
Germany,SPO.DE_DEHE051_PM2_dataGroup1,9.93586,50.49771,PM2.5,DE
Germany,SPO.DE_DEHE052_PM1_dataGroup1,8.44608,50.22194,PM10,DE
Germany,SPO.DE_DEHE052_PM1_dataGroup1,8.44608,50.22194,PM10,DE
Germany,SPO.DE_DEHE052_PM1_dataGroup1,8.44608,50.22194,PM10,DE
Germany,SPO.DE_DEHE052_PM1_dataGroup3,8.44608,50.22194,PM10,DE
Germany,SPO.DE_DEHE052_PM2_dataGroup1,8.44608,50.22194,PM2.5,DE
Germany,SPO.DE_DEHE053_PM1_dataGroup3,8.60338,50.09545,PM10,DE
Germany,SPO.DE_DEHE054_PM1_dataGroup3,8.92633,50.13041,PM10,DE
Germany,SPO.DE_DEHE056_PM1_dataGroup3,8.68364,50.11083,PM10,DE
Germany,SPO.DE_DEHE057_PM1_dataGroup3,8.49510,50.57793,PM10,DE
Germany,SPO.DE_DEHE058_PM1_dataGroup1,9.68216,50.54930,PM10,DE
Germany,SPO.DE_DEHE058_PM1_dataGroup1,9.68216,50.54930,PM10,DE
Germany,SPO.DE_DEHE059_PM1_dataGroup1,9.68485,50.55003,PM10,DE
Germany,SPO.DE_DEHE059_PM1_dataGroup1,9.68485,50.55003,PM10,DE
Germany,SPO.DE_DEHE059_PM1_dataGroup3,9.68485,50.55003,PM10,DE
Germany,SPO.DE_DEHE059_PM2_dataGroup1,9.68485,50.55003,PM2.5,DE
Germany,SPO.DE_DEHE059_PM2_dataGroup1,9.68485,50.55003,PM2.5,DE
Germany,SPO.DE_DEHE060_PM1_dataGroup1,9.03175,51.15484,PM10,DE
Germany,SPO.DE_DEHE060_PM1_dataGroup1,9.03175,51.15484,PM10,DE
Germany,SPO.DE_DEHE060_PM2_dataGroup1,9.03175,51.15484,PM2.5,DE
Germany,SPO.DE_DEHE061_PM1_dataGroup1,8.66858,50.58411,PM10,DE
Germany,SPO.DE_DEHE061_PM2_dataGroup1,8.66858,50.58411,PM2.5,DE
Germany,SPO.DE_DEHE062_PM1_dataGroup1,8.77051,50.80717,PM10,DE
Germany,SPO.DE_DEHE062_PM2_dataGroup1,8.77051,50.80717,PM2.5,DE
Germany,SPO.DE_DEHE063_PM1_dataGroup1,8.64200,49.64324,PM10,DE
Germany,SPO.DE_DEHE063_PM1_dataGroup3,8.64200,49.64324,PM10,DE
Germany,SPO.DE_DEHE063_PM2_dataGroup1,8.64200,49.64324,PM2.5,DE
Germany,SPO.DE_DEHE094_PM1_dataGroup1,8.83222,49.82777,PM10,DE
Germany,SPO.DE_DEHE095_PM1_dataGroup2,8.49202,50.57536,PM10,DE
Germany,SPO.DE_DEHE095_PM1_dataGroup3,8.49202,50.57536,PM10,DE
Germany,SPO.DE_DEHE097_PM1_dataGroup3,9.69603,50.54256,PM10,DE
Germany,SPO.DE_DEHE112_PM1_dataGroup1,8.22887,50.07212,PM10,DE
Germany,SPO.DE_DEHE112_PM1_dataGroup1,8.22887,50.07212,PM10,DE
Germany,SPO.DE_DEHE112_PM2_dataGroup1,8.22887,50.07212,PM2.5,DE
Germany,SPO.DE_DEHE116_PM1_dataGroup1,8.78489,50.10149,PM10,DE
Germany,SPO.DE_DEHE116_PM1_dataGroup1,8.78489,50.10149,PM10,DE
Germany,SPO.DE_DEHE116_PM2_dataGroup1,8.78489,50.10149,PM2.5,DE
Germany,SPO.DE_DEHE131_PM1_dataGroup1,8.05991,50.38643,PM10,DE
Germany,SPO.DE_DEHE131_PM1_dataGroup1,8.05991,50.38643,PM10,DE
Germany,SPO.DE_DEHE131_PM2_dataGroup1,8.05991,50.38643,PM2.5,DE
Germany,SPO.DE_DEHE134_PM1_dataGroup1,9.68017,50.54638,PM10,DE
Germany,SPO.DE_DEHE134_PM1_dataGroup1,9.68017,50.54638,PM10,DE
Germany,SPO.DE_DEHE134_PM2_dataGroup1,9.68017,50.54638,PM2.5,DE
Germany,SPO.DE_DEHE135_PM1_dataGroup1,8.57631,50.07546,PM10,DE
Germany,SPO.DE_DEHE135_PM2_dataGroup1,8.57631,50.07546,PM2.5,DE
Germany,SPO.DE_DEHE150_PM1_dataGroup1,8.59450,50.11345,PM10,DE
Germany,SPO.DE_DEHE150_PM2_dataGroup1,8.59450,50.11345,PM2.5,DE
Germany,SPO.DE_DEHE159_PM1_dataGroup1,8.63493,50.17299,PM10,DE
Germany,SPO.DE_DEHE159_PM2_dataGroup1,8.63493,50.17299,PM2.5,DE
Germany,SPO.DE_DEHE160_PM1_dataGroup1,8.56586,49.96499,PM10,DE
Germany,SPO.DE_DEHE160_PM2_dataGroup1,8.56586,49.96499,PM2.5,DE
Germany,SPO.DE_DEHE164_PM1_dataGroup2,8.46322,50.57816,PM10,DE
Germany,SPO.DE_DEHH008_PM1_dataGroup1,9.96788,53.56414,PM10,DE
Germany,SPO.DE_DEHH008_PM1_dataGroup1,9.96788,53.56414,PM10,DE
Germany,SPO.DE_DEHH008_PM2_dataGroup1,9.96788,53.56414,PM2.5,DE
Germany,SPO.DE_DEHH008_PM2_dataGroup1,9.96788,53.56414,PM2.5,DE
Germany,SPO.DE_DEHH015_PM1_dataGroup1,10.02123,53.52326,PM10,DE
Germany,SPO.DE_DEHH015_PM1_dataGroup1,10.02123,53.52326,PM10,DE
Germany,SPO.DE_DEHH015_PM2_dataGroup1,10.02123,53.52326,PM2.5,DE
Germany,SPO.DE_DEHH015_PM2_dataGroup1,10.02123,53.52326,PM2.5,DE
Germany,SPO.DE_DEHH016_PM1_dataGroup1,10.08169,53.52902,PM10,DE
Germany,SPO.DE_DEHH026_PM1_dataGroup1,9.95724,53.56063,PM10,DE
Germany,SPO.DE_DEHH026_PM1_dataGroup1,9.95724,53.56063,PM10,DE
Germany,SPO.DE_DEHH033_PM1_dataGroup1,9.99801,53.63829,PM10,DE
Germany,SPO.DE_DEHH033_PM2_dataGroup1,9.99801,53.63829,PM2.5,DE
Germany,SPO.DE_DEHH059_PM1_dataGroup1,9.99057,53.50793,PM10,DE
Germany,SPO.DE_DEHH059_PM1_dataGroup1,9.99057,53.50793,PM10,DE
Germany,SPO.DE_DEHH059_PM2_dataGroup1,9.99057,53.50793,PM2.5,DE
Germany,SPO.DE_DEHH059_PM2_dataGroup1,9.99057,53.50793,PM2.5,DE
Germany,SPO.DE_DEHH064_PM1_dataGroup1,9.94458,53.56440,PM10,DE
Germany,SPO.DE_DEHH064_PM2_dataGroup1,9.94458,53.56440,PM2.5,DE
Germany,SPO.DE_DEHH064_PM2_dataGroup1,9.94458,53.56440,PM2.5,DE
Germany,SPO.DE_DEHH068_PM1_dataGroup1,10.05386,53.59230,PM10,DE
Germany,SPO.DE_DEHH068_PM1_dataGroup1,10.05386,53.59230,PM10,DE
Germany,SPO.DE_DEHH068_PM2_dataGroup1,10.05386,53.59230,PM2.5,DE
Germany,SPO.DE_DEHH068_PM2_dataGroup1,10.05386,53.59230,PM2.5,DE
Germany,SPO.DE_DEHH068_PM2_dataGroup1,10.05386,53.59230,PM2.5,DE
Germany,SPO.DE_DEHH070_PM1_dataGroup1,9.94301,53.55567,PM10,DE
Germany,SPO.DE_DEHH070_PM1_dataGroup1,9.94301,53.55567,PM10,DE
Germany,SPO.DE_DEHH072_PM1_dataGroup1,9.84408,53.53596,PM10,DE
Germany,SPO.DE_DEHH074_PM1_dataGroup1,10.10282,53.53853,PM10,DE
Germany,SPO.DE_DEHH075_PM1_dataGroup1,10.12206,53.51876,PM10,DE
Germany,SPO.DE_DEHH076_PM1_dataGroup1,9.97171,53.46756,PM10,DE
Germany,SPO.DE_DEHH078_PM1_dataGroup1,9.96559,53.55104,PM10,DE
Germany,SPO.DE_DEHH079_PM1_dataGroup1,9.94482,53.54527,PM10,DE
Germany,SPO.DE_DEHH079_PM1_dataGroup1,9.94482,53.54527,PM10,DE
Germany,SPO.DE_DEHH079_PM2_dataGroup1,9.94482,53.54527,PM2.5,DE
Germany,SPO.DE_DEHH080_PM1_dataGroup1,9.98792,53.54736,PM10,DE
Germany,SPO.DE_DEHH081_PM1_dataGroup1,9.98160,53.52916,PM10,DE
Germany,SPO.DE_DEHH081_PM1_dataGroup1,9.98160,53.52916,PM10,DE
Germany,SPO.DE_DEHH081_PM2_dataGroup1,9.98160,53.52916,PM2.5,DE
Germany,SPO.DE_DEHH082_PM1_dataGroup1,9.96140,53.62220,PM10,DE
Germany,SPO.DE_DEHH082_PM2_dataGroup1,9.96140,53.62220,PM2.5,DE
Germany,SPO.DE_DEMV003_PM1_dataGroup1,13.26644,53.55978,PM10,DE
Germany,SPO.DE_DEMV003_PM1_dataGroup1,13.26644,53.55978,PM10,DE
Germany,SPO.DE_DEMV004_PM1_dataGroup1,12.06471,53.81777,PM10,DE
Germany,SPO.DE_DEMV004_PM2_dataGroup1,12.06471,53.81777,PM2.5,DE
Germany,SPO.DE_DEMV004_PM2_dataGroup2,12.06471,53.81777,PM2.5,DE
Germany,SPO.DE_DEMV004_PM2_dataGroup3,12.06471,53.81777,PM2.5,DE
Germany,SPO.DE_DEMV006_PM1_dataGroup1,13.06667,54.30672,PM10,DE
Germany,SPO.DE_DEMV007_PM1_dataGroup1,12.17411,54.16155,PM10,DE
Germany,SPO.DE_DEMV007_PM1_dataGroup1,12.17411,54.16155,PM10,DE
Germany,SPO.DE_DEMV007_PM2_dataGroup1,12.17411,54.16155,PM2.5,DE
Germany,SPO.DE_DEMV012_PM1_dataGroup1,14.25741,53.52046,PM10,DE
Germany,SPO.DE_DEMV012_PM1_dataGroup1,14.25741,53.52046,PM10,DE
Germany,SPO.DE_DEMV012_PM2_dataGroup1,14.25741,53.52046,PM2.5,DE
Germany,SPO.DE_DEMV017_PM1_dataGroup1,11.37330,53.30740,PM10,DE
Germany,SPO.DE_DEMV017_PM1_dataGroup1,11.37330,53.30740,PM10,DE
Germany,SPO.DE_DEMV017_PM2_dataGroup1,11.37330,53.30740,PM2.5,DE
Germany,SPO.DE_DEMV018_PM1_dataGroup1,10.92983,53.54369,PM10,DE
Germany,SPO.DE_DEMV019_PM1_dataGroup1,12.17551,53.78175,PM10,DE
Germany,SPO.DE_DEMV019_PM2_dataGroup1,12.17551,53.78175,PM2.5,DE
Germany,SPO.DE_DEMV019_PM2_dataGroup2,12.17551,53.78175,PM2.5,DE
Germany,SPO.DE_DEMV020_PM1_dataGroup1,12.14199,54.09228,PM10,DE
Germany,SPO.DE_DEMV020_PM1_dataGroup2,12.14199,54.09228,PM10,DE
Germany,SPO.DE_DEMV020_PM1_dataGroup2,12.14199,54.09228,PM10,DE
Germany,SPO.DE_DEMV020_PM2_dataGroup1,12.14199,54.09228,PM2.5,DE
Germany,SPO.DE_DEMV021_PM1_dataGroup1,12.08000,54.17133,PM10,DE
Germany,SPO.DE_DEMV021_PM2_dataGroup1,12.08000,54.17133,PM2.5,DE
Germany,SPO.DE_DEMV021_PM2_dataGroup2,12.08000,54.17133,PM2.5,DE
Germany,SPO.DE_DEMV021_PM2_dataGroup2,12.08000,54.17133,PM2.5,DE
Germany,SPO.DE_DEMV022_PM1_dataGroup1,12.09955,54.09262,PM10,DE
Germany,SPO.DE_DEMV022_PM1_dataGroup1,12.09955,54.09262,PM10,DE
Germany,SPO.DE_DEMV022_PM2_dataGroup1,12.09955,54.09262,PM2.5,DE
Germany,SPO.DE_DEMV023_PM1_dataGroup1,11.39833,53.63181,PM10,DE
Germany,SPO.DE_DEMV023_PM2_dataGroup1,11.39833,53.63181,PM2.5,DE
Germany,SPO.DE_DEMV024_PM1_dataGroup1,12.46393,53.39635,PM10,DE
Germany,SPO.DE_DEMV024_PM1_dataGroup1,12.46393,53.39635,PM10,DE
Germany,SPO.DE_DEMV024_PM2_dataGroup1,12.46393,53.39635,PM2.5,DE
Germany,SPO.DE_DEMV025_PM1_dataGroup1,13.08101,54.31923,PM10,DE
Germany,SPO.DE_DEMV025_PM1_dataGroup1,13.08101,54.31923,PM10,DE
Germany,SPO.DE_DEMV025_PM2_dataGroup1,13.08101,54.31923,PM2.5,DE
Germany,SPO.DE_DEMV026_PM1_dataGroup1,13.34214,54.32351,PM10,DE
Germany,SPO.DE_DEMV026_PM2_dataGroup1,13.34214,54.32351,PM2.5,DE
Germany,SPO.DE_DEMV027_PM1_dataGroup1,13.77931,54.05318,PM10,DE
Germany,SPO.DE_DEMV027_PM2_dataGroup1,13.77931,54.05318,PM2.5,DE
Germany,SPO.DE_DEMV028_PM1_dataGroup1,11.47596,53.90226,PM10,DE
Germany,SPO.DE_DEMV028_PM2_dataGroup1,11.47596,53.90226,PM2.5,DE
Germany,SPO.DE_DEMV031_PM1_dataGroup1,12.09792,54.17729,PM10,DE
Germany,SPO.DE_DEMV031_PM2_dataGroup1,12.09792,54.17729,PM2.5,DE
Germany,SPO.DE_DEMV058_PM1_dataGroup1,13.26790,53.55880,PM10,DE
Germany,SPO.DE_DEMV058_PM2_dataGroup1,13.26790,53.55880,PM2.5,DE
Germany,SPO.DE_DEMV059_PM1_dataGroup1,11.39795,53.63052,PM10,DE
Germany,SPO.DE_DEMV059_PM2_dataGroup1,11.39795,53.63052,PM2.5,DE
Germany,SPO.DE_DEMV060_PM1_dataGroup1,13.26820,53.54610,PM10,DE
Germany,SPO.DE_DEMV060_PM2_dataGroup1,13.26820,53.54610,PM2.5,DE
Germany,SPO.DE_DENI011_PM1_dataGroup1,10.47364,52.22694,PM10,DE
Germany,SPO.DE_DENI011_PM1_dataGroup1,10.47364,52.22694,PM10,DE
Germany,SPO.DE_DENI011_PM1_dataGroup1,10.47364,52.22694,PM10,DE
Germany,SPO.DE_DENI011_PM2_dataGroup1,10.47364,52.22694,PM2.5,DE
Germany,SPO.DE_DENI016_PM1_dataGroup1,10.48132,51.90158,PM10,DE
Germany,SPO.DE_DENI016_PM1_dataGroup1,10.48132,51.90158,PM10,DE
Germany,SPO.DE_DENI016_PM1_dataGroup1,10.48132,51.90158,PM10,DE
Germany,SPO.DE_DENI016_PM1_dataGroup2,10.48132,51.90158,PM10,DE
Germany,SPO.DE_DENI016_PM1_dataGroup2,10.48132,51.90158,PM10,DE
Germany,SPO.DE_DENI016_PM2_dataGroup1,10.48132,51.90158,PM2.5,DE
Germany,SPO.DE_DENI019_PM1_dataGroup1,9.57771,51.75975,PM10,DE
Germany,SPO.DE_DENI020_PM1_dataGroup1,10.81638,52.44081,PM10,DE
Germany,SPO.DE_DENI020_PM1_dataGroup1,10.81638,52.44081,PM10,DE
Germany,SPO.DE_DENI020_PM1_dataGroup1,10.81638,52.44081,PM10,DE
Germany,SPO.DE_DENI020_PM2_dataGroup1,10.81638,52.44081,PM2.5,DE
Germany,SPO.DE_DENI028_PM1_dataGroup1,10.23854,51.50758,PM10,DE
Germany,SPO.DE_DENI028_PM1_dataGroup1,10.23854,51.50758,PM10,DE
Germany,SPO.DE_DENI028_PM1_dataGroup1,10.23854,51.50758,PM10,DE
Germany,SPO.DE_DENI028_PM2_dataGroup1,10.23854,51.50758,PM2.5,DE
Germany,SPO.DE_DENI029_PM1_dataGroup1,7.20726,53.36235,PM10,DE
Germany,SPO.DE_DENI029_PM1_dataGroup1,7.20726,53.36235,PM10,DE
Germany,SPO.DE_DENI029_PM1_dataGroup1,7.20726,53.36235,PM10,DE
Germany,SPO.DE_DENI029_PM2_dataGroup1,7.20726,53.36235,PM2.5,DE
Germany,SPO.DE_DENI031_PM1_dataGroup1,8.09059,53.59617,PM10,DE
Germany,SPO.DE_DENI031_PM1_dataGroup1,8.09059,53.59617,PM10,DE
Germany,SPO.DE_DENI031_PM1_dataGroup1,8.09059,53.59617,PM10,DE
Germany,SPO.DE_DENI031_PM2_dataGroup1,8.09059,53.59617,PM2.5,DE
Germany,SPO.DE_DENI031_PM2_dataGroup1,8.09059,53.59617,PM2.5,DE
Germany,SPO.DE_DENI038_PM1_dataGroup1,8.05286,52.25534,PM10,DE
Germany,SPO.DE_DENI038_PM1_dataGroup1,8.05286,52.25534,PM10,DE
Germany,SPO.DE_DENI038_PM1_dataGroup1,8.05286,52.25534,PM10,DE
Germany,SPO.DE_DENI038_PM2_dataGroup1,8.05286,52.25534,PM2.5,DE
Germany,SPO.DE_DENI038_PM2_dataGroup1,8.05286,52.25534,PM2.5,DE
Germany,SPO.DE_DENI041_PM1_dataGroup1,9.06255,52.17017,PM10,DE
Germany,SPO.DE_DENI041_PM1_dataGroup1,9.06255,52.17017,PM10,DE
Germany,SPO.DE_DENI041_PM1_dataGroup1,9.06255,52.17017,PM10,DE
Germany,SPO.DE_DENI041_PM2_dataGroup1,9.06255,52.17017,PM2.5,DE
Germany,SPO.DE_DENI041_PM2_dataGroup1,9.06255,52.17017,PM2.5,DE
Germany,SPO.DE_DENI042_PM1_dataGroup1,9.94976,51.55107,PM10,DE
Germany,SPO.DE_DENI042_PM1_dataGroup1,9.94976,51.55107,PM10,DE
Germany,SPO.DE_DENI042_PM1_dataGroup1,9.94976,51.55107,PM10,DE
Germany,SPO.DE_DENI042_PM2_dataGroup1,9.94976,51.55107,PM2.5,DE
Germany,SPO.DE_DENI042_PM2_dataGroup1,9.94976,51.55107,PM2.5,DE
Germany,SPO.DE_DENI043_PM1_dataGroup1,7.31747,52.49855,PM10,DE
Germany,SPO.DE_DENI043_PM1_dataGroup1,7.31747,52.49855,PM10,DE
Germany,SPO.DE_DENI043_PM1_dataGroup1,7.31747,52.49855,PM10,DE
Germany,SPO.DE_DENI043_PM2_dataGroup1,7.31747,52.49855,PM2.5,DE
Germany,SPO.DE_DENI043_PM2_dataGroup1,7.31747,52.49855,PM2.5,DE
Germany,SPO.DE_DENI048_PM1_dataGroup1,9.71550,52.35948,PM10,DE
Germany,SPO.DE_DENI048_PM1_dataGroup1,9.71550,52.35948,PM10,DE
Germany,SPO.DE_DENI048_PM1_dataGroup1,9.71550,52.35948,PM10,DE
Germany,SPO.DE_DENI048_PM1_dataGroup2,9.71550,52.35948,PM10,DE
Germany,SPO.DE_DENI048_PM1_dataGroup2,9.71550,52.35948,PM10,DE
Germany,SPO.DE_DENI048_PM2_dataGroup1,9.71550,52.35948,PM2.5,DE
Germany,SPO.DE_DENI048_PM2_dataGroup1,9.71550,52.35948,PM2.5,DE
Germany,SPO.DE_DENI051_PM1_dataGroup1,10.61248,51.75816,PM10,DE
Germany,SPO.DE_DENI051_PM1_dataGroup1,10.61248,51.75816,PM10,DE
Germany,SPO.DE_DENI051_PM1_dataGroup1,10.61248,51.75816,PM10,DE
Germany,SPO.DE_DENI051_PM2_dataGroup1,10.61248,51.75816,PM2.5,DE
Germany,SPO.DE_DENI051_PM2_dataGroup1,10.61248,51.75816,PM2.5,DE
Germany,SPO.DE_DENI052_PM1_dataGroup1,9.62295,52.82943,PM10,DE
Germany,SPO.DE_DENI052_PM1_dataGroup1,9.62295,52.82943,PM10,DE
Germany,SPO.DE_DENI052_PM1_dataGroup1,9.62295,52.82943,PM10,DE
Germany,SPO.DE_DENI052_PM2_dataGroup1,9.62295,52.82943,PM2.5,DE
Germany,SPO.DE_DENI053_PM1_dataGroup1,7.94257,52.99796,PM10,DE
Germany,SPO.DE_DENI053_PM1_dataGroup1,7.94257,52.99796,PM10,DE
Germany,SPO.DE_DENI053_PM1_dataGroup1,7.94257,52.99796,PM10,DE
Germany,SPO.DE_DENI053_PM2_dataGroup1,7.94257,52.99796,PM2.5,DE
Germany,SPO.DE_DENI053_PM2_dataGroup1,7.94257,52.99796,PM2.5,DE
Germany,SPO.DE_DENI054_PM1_dataGroup1,9.70612,52.36292,PM10,DE
Germany,SPO.DE_DENI054_PM1_dataGroup1,9.70612,52.36292,PM10,DE
Germany,SPO.DE_DENI054_PM1_dataGroup1,9.70612,52.36292,PM10,DE
Germany,SPO.DE_DENI054_PM2_dataGroup1,9.70612,52.36292,PM2.5,DE
Germany,SPO.DE_DENI054_PM2_dataGroup1,9.70612,52.36292,PM2.5,DE
Germany,SPO.DE_DENI058_PM1_dataGroup1,7.21398,53.71530,PM10,DE
Germany,SPO.DE_DENI058_PM1_dataGroup1,7.21398,53.71530,PM10,DE
Germany,SPO.DE_DENI058_PM1_dataGroup1,7.21398,53.71530,PM10,DE
Germany,SPO.DE_DENI058_PM2_dataGroup1,7.21398,53.71530,PM2.5,DE
Germany,SPO.DE_DENI059_PM1_dataGroup1,8.80122,53.83017,PM10,DE
Germany,SPO.DE_DENI059_PM1_dataGroup1,8.80122,53.83017,PM10,DE
Germany,SPO.DE_DENI059_PM1_dataGroup1,8.80122,53.83017,PM10,DE
Germany,SPO.DE_DENI059_PM2_dataGroup1,8.80122,53.83017,PM2.5,DE
Germany,SPO.DE_DENI060_PM1_dataGroup1,11.16705,52.95702,PM10,DE
Germany,SPO.DE_DENI060_PM1_dataGroup1,11.16705,52.95702,PM10,DE
Germany,SPO.DE_DENI060_PM1_dataGroup1,11.16705,52.95702,PM10,DE
Germany,SPO.DE_DENI060_PM2_dataGroup1,11.16705,52.95702,PM2.5,DE
Germany,SPO.DE_DENI062_PM1_dataGroup1,10.45650,53.24696,PM10,DE
Germany,SPO.DE_DENI062_PM1_dataGroup1,10.45650,53.24696,PM10,DE
Germany,SPO.DE_DENI062_PM1_dataGroup1,10.45650,53.24696,PM10,DE
Germany,SPO.DE_DENI062_PM2_dataGroup1,10.45650,53.24696,PM2.5,DE
Germany,SPO.DE_DENI063_PM1_dataGroup1,9.68503,53.52418,PM10,DE
Germany,SPO.DE_DENI063_PM1_dataGroup1,9.68503,53.52418,PM10,DE
Germany,SPO.DE_DENI063_PM1_dataGroup1,9.68503,53.52418,PM10,DE
Germany,SPO.DE_DENI063_PM2_dataGroup1,9.68503,53.52418,PM2.5,DE
Germany,SPO.DE_DENI066_PM1_dataGroup1,9.95022,52.15077,PM10,DE
Germany,SPO.DE_DENI066_PM1_dataGroup1,9.95022,52.15077,PM10,DE
Germany,SPO.DE_DENI066_PM1_dataGroup2,9.95022,52.15077,PM10,DE
Germany,SPO.DE_DENI066_PM2_dataGroup1,9.95022,52.15077,PM2.5,DE
Germany,SPO.DE_DENI067_PM1_dataGroup1,8.04147,52.27030,PM10,DE
Germany,SPO.DE_DENI067_PM1_dataGroup1,8.04147,52.27030,PM10,DE
Germany,SPO.DE_DENI067_PM1_dataGroup1,8.04147,52.27030,PM10,DE
Germany,SPO.DE_DENI067_PM1_dataGroup2,8.04147,52.27030,PM10,DE
Germany,SPO.DE_DENI067_PM1_dataGroup2,8.04147,52.27030,PM10,DE
Germany,SPO.DE_DENI067_PM2_dataGroup1,8.04147,52.27030,PM2.5,DE
Germany,SPO.DE_DENI067_PM2_dataGroup1,8.04147,52.27030,PM2.5,DE
Germany,SPO.DE_DENI068_PM1_dataGroup1,9.92833,51.53020,PM10,DE
Germany,SPO.DE_DENI068_PM1_dataGroup1,9.92833,51.53020,PM10,DE
Germany,SPO.DE_DENI068_PM1_dataGroup1,9.92833,51.53020,PM10,DE
Germany,SPO.DE_DENI068_PM1_dataGroup2,9.92833,51.53020,PM10,DE
Germany,SPO.DE_DENI068_PM1_dataGroup2,9.92833,51.53020,PM10,DE
Germany,SPO.DE_DENI068_PM2_dataGroup1,9.92833,51.53020,PM2.5,DE
Germany,SPO.DE_DENI068_PM2_dataGroup1,9.92833,51.53020,PM2.5,DE
Germany,SPO.DE_DENI070_PM1_dataGroup1,10.45591,52.15369,PM10,DE
Germany,SPO.DE_DENI070_PM1_dataGroup1,10.45591,52.15369,PM10,DE
Germany,SPO.DE_DENI070_PM1_dataGroup1,10.45591,52.15369,PM10,DE
Germany,SPO.DE_DENI070_PM1_dataGroup2,10.45591,52.15369,PM10,DE
Germany,SPO.DE_DENI070_PM2_dataGroup1,10.45591,52.15369,PM2.5,DE
Germany,SPO.DE_DENI070_PM2_dataGroup1,10.45591,52.15369,PM2.5,DE
Germany,SPO.DE_DENI071_PM1_dataGroup1,10.42275,51.61365,PM10,DE
Germany,SPO.DE_DENI071_PM1_dataGroup1,10.42275,51.61365,PM10,DE
Germany,SPO.DE_DENI071_PM1_dataGroup2,10.42275,51.61365,PM10,DE
Germany,SPO.DE_DENI071_PM1_dataGroup2,10.42275,51.61365,PM10,DE
Germany,SPO.DE_DENI071_PM2_dataGroup1,10.42275,51.61365,PM2.5,DE
Germany,SPO.DE_DENI072_PM1_dataGroup1,10.00882,52.44650,PM10,DE
Germany,SPO.DE_DENI075_PM1_dataGroup1,10.54055,52.26673,PM10,DE
Germany,SPO.DE_DENI075_PM1_dataGroup1,10.54055,52.26673,PM10,DE
Germany,SPO.DE_DENI075_PM1_dataGroup1,10.54055,52.26673,PM10,DE
Germany,SPO.DE_DENI075_PM2_dataGroup1,10.54055,52.26673,PM2.5,DE
Germany,SPO.DE_DENI075_PM2_dataGroup1,10.54055,52.26673,PM2.5,DE
Germany,SPO.DE_DENI076_PM1_dataGroup1,8.21754,53.15184,PM10,DE
Germany,SPO.DE_DENI076_PM2_dataGroup1,8.21754,53.15184,PM2.5,DE
Germany,SPO.DE_DENI077_PM1_dataGroup1,9.55462,51.70884,PM10,DE
Germany,SPO.DE_DENI077_PM1_dataGroup1,9.55462,51.70884,PM10,DE
Germany,SPO.DE_DENI077_PM1_dataGroup1,9.55462,51.70884,PM10,DE
Germany,SPO.DE_DENI077_PM2_dataGroup1,9.55462,51.70884,PM2.5,DE
Germany,SPO.DE_DENI143_PM1_dataGroup1,8.21208,53.14284,PM10,DE
Germany,SPO.DE_DENI143_PM1_dataGroup1,8.21208,53.14284,PM10,DE
Germany,SPO.DE_DENI143_PM1_dataGroup1,8.21208,53.14284,PM10,DE
Germany,SPO.DE_DENI143_PM1_dataGroup2,8.21208,53.14284,PM10,DE
Germany,SPO.DE_DENI143_PM1_dataGroup2,8.21208,53.14284,PM10,DE
Germany,SPO.DE_DENI143_PM2_dataGroup1,8.21208,53.14284,PM2.5,DE
Germany,SPO.DE_DENI143_PM2_dataGroup1,8.21208,53.14284,PM2.5,DE
Germany,SPO.DE_DENI157_PM1_dataGroup1,10.79368,52.42789,PM10,DE
Germany,SPO.DE_DENI157_PM1_dataGroup1,10.79368,52.42789,PM10,DE
Germany,SPO.DE_DENI157_PM1_dataGroup1,10.79368,52.42789,PM10,DE
Germany,SPO.DE_DENI157_PM2_dataGroup1,10.79368,52.42789,PM2.5,DE
Germany,SPO.DE_DENW002_PM1_dataGroup1,7.33141,51.64138,PM10,DE
Germany,SPO.DE_DENW002_PM1_dataGroup1,7.33141,51.64138,PM10,DE
Germany,SPO.DE_DENW002_PM1_dataGroup1,7.33141,51.64138,PM10,DE
Germany,SPO.DE_DENW002_PM2_dataGroup1,7.33141,51.64138,PM2.5,DE
Germany,SPO.DE_DENW002_PM2_dataGroup1,7.33141,51.64138,PM2.5,DE
Germany,SPO.DE_DENW002_PM2_dataGroup1,7.33141,51.64138,PM2.5,DE
Germany,SPO.DE_DENW006_PM1_dataGroup1,7.56976,51.59221,PM10,DE
Germany,SPO.DE_DENW006_PM1_dataGroup1,7.56976,51.59221,PM10,DE
Germany,SPO.DE_DENW006_PM1_dataGroup1,7.56976,51.59221,PM10,DE
Germany,SPO.DE_DENW006_PM2_dataGroup3,7.56976,51.59221,PM2.5,DE
Germany,SPO.DE_DENW008_PM1_dataGroup1,7.45741,51.53689,PM10,DE
Germany,SPO.DE_DENW008_PM1_dataGroup1,7.45741,51.53689,PM10,DE
Germany,SPO.DE_DENW008_PM1_dataGroup1,7.45741,51.53689,PM10,DE
Germany,SPO.DE_DENW008_PM1_dataGroup1,7.45741,51.53689,PM10,DE
Germany,SPO.DE_DENW008_PM1_dataGroup3,7.45741,51.53689,PM10,DE
Germany,SPO.DE_DENW008_PM2_dataGroup1,7.45741,51.53689,PM2.5,DE
Germany,SPO.DE_DENW008_PM2_dataGroup1,7.45741,51.53689,PM2.5,DE
Germany,SPO.DE_DENW008_PM2_dataGroup1,7.45741,51.53689,PM2.5,DE
Germany,SPO.DE_DENW008_PM2_dataGroup2,7.45741,51.53689,PM2.5,DE
Germany,SPO.DE_DENW010_PM2_dataGroup1,7.69379,51.54748,PM2.5,DE
Germany,SPO.DE_DENW010_PM2_dataGroup1,7.69379,51.54748,PM2.5,DE
Germany,SPO.DE_DENW021_PM1_dataGroup1,6.97688,51.52595,PM10,DE
Germany,SPO.DE_DENW021_PM1_dataGroup1,6.97688,51.52595,PM10,DE
Germany,SPO.DE_DENW021_PM1_dataGroup1,6.97688,51.52595,PM10,DE
Germany,SPO.DE_DENW021_PM1_dataGroup1,6.97688,51.52595,PM10,DE
Germany,SPO.DE_DENW021_PM1_dataGroup2,6.97688,51.52595,PM10,DE
Germany,SPO.DE_DENW021_PM1_dataGroup3,6.97688,51.52595,PM10,DE
Germany,SPO.DE_DENW021_PM2_dataGroup1,6.97688,51.52595,PM2.5,DE
Germany,SPO.DE_DENW022_PM1_dataGroup3,7.10187,51.53364,PM10,DE
Germany,SPO.DE_DENW022_PM2_dataGroup1,7.10187,51.53364,PM2.5,DE
Germany,SPO.DE_DENW022_PM2_dataGroup1,7.10187,51.53364,PM2.5,DE
Germany,SPO.DE_DENW024_PM1_dataGroup1,6.98099,51.49654,PM10,DE
Germany,SPO.DE_DENW024_PM1_dataGroup1,6.98099,51.49654,PM10,DE
Germany,SPO.DE_DENW024_PM1_dataGroup1,6.98099,51.49654,PM10,DE
Germany,SPO.DE_DENW024_PM2_dataGroup1,6.98099,51.49654,PM2.5,DE
Germany,SPO.DE_DENW024_PM2_dataGroup1,6.98099,51.49654,PM2.5,DE
Germany,SPO.DE_DENW024_PM2_dataGroup1,6.98099,51.49654,PM2.5,DE
Germany,SPO.DE_DENW024_PM2_dataGroup2,6.98099,51.49654,PM2.5,DE
Germany,SPO.DE_DENW029_PM1_dataGroup1,7.20855,51.40301,PM10,DE
Germany,SPO.DE_DENW029_PM1_dataGroup1,7.20855,51.40301,PM10,DE
Germany,SPO.DE_DENW029_PM1_dataGroup1,7.20855,51.40301,PM10,DE
Germany,SPO.DE_DENW029_PM2_dataGroup1,7.20855,51.40301,PM2.5,DE
Germany,SPO.DE_DENW030_PM1_dataGroup1,6.62966,51.67286,PM10,DE
Germany,SPO.DE_DENW030_PM1_dataGroup1,6.62966,51.67286,PM10,DE
Germany,SPO.DE_DENW030_PM2_dataGroup1,6.62966,51.67286,PM2.5,DE
Germany,SPO.DE_DENW030_PM2_dataGroup1,6.62966,51.67286,PM2.5,DE
Germany,SPO.DE_DENW034_PM1_dataGroup1,6.74836,51.52403,PM10,DE
Germany,SPO.DE_DENW034_PM1_dataGroup1,6.74836,51.52403,PM10,DE
Germany,SPO.DE_DENW034_PM1_dataGroup3,6.74836,51.52403,PM10,DE
Germany,SPO.DE_DENW034_PM2_dataGroup3,6.74836,51.52403,PM2.5,DE
Germany,SPO.DE_DENW038_PM1_dataGroup1,6.86505,51.45346,PM10,DE
Germany,SPO.DE_DENW038_PM1_dataGroup1,6.86505,51.45346,PM10,DE
Germany,SPO.DE_DENW038_PM1_dataGroup1,6.86505,51.45346,PM10,DE
Germany,SPO.DE_DENW038_PM1_dataGroup2,6.86505,51.45346,PM10,DE
Germany,SPO.DE_DENW038_PM2_dataGroup1,6.86505,51.45346,PM2.5,DE
Germany,SPO.DE_DENW038_PM2_dataGroup3,6.86505,51.45346,PM2.5,DE
Germany,SPO.DE_DENW040_PM1_dataGroup1,6.76297,51.38526,PM10,DE
Germany,SPO.DE_DENW040_PM1_dataGroup1,6.76297,51.38526,PM10,DE
Germany,SPO.DE_DENW040_PM1_dataGroup1,6.76297,51.38526,PM10,DE
Germany,SPO.DE_DENW040_PM1_dataGroup1,6.76297,51.38526,PM10,DE
Germany,SPO.DE_DENW040_PM1_dataGroup3,6.76297,51.38526,PM10,DE
Germany,SPO.DE_DENW040_PM2_dataGroup1,6.76297,51.38526,PM2.5,DE
Germany,SPO.DE_DENW042_PM1_dataGroup1,6.64024,51.33767,PM10,DE
Germany,SPO.DE_DENW042_PM1_dataGroup1,6.64024,51.33767,PM10,DE
Germany,SPO.DE_DENW042_PM1_dataGroup1,6.64024,51.33767,PM10,DE
Germany,SPO.DE_DENW042_PM1_dataGroup1,6.64024,51.33767,PM10,DE
Germany,SPO.DE_DENW042_PM2_dataGroup1,6.64024,51.33767,PM2.5,DE
Germany,SPO.DE_DENW043_PM1_dataGroup1,7.03053,51.45118,PM10,DE
Germany,SPO.DE_DENW043_PM1_dataGroup1,7.03053,51.45118,PM10,DE
Germany,SPO.DE_DENW043_PM1_dataGroup1,7.03053,51.45118,PM10,DE
Germany,SPO.DE_DENW043_PM1_dataGroup1,7.03053,51.45118,PM10,DE
Germany,SPO.DE_DENW043_PM2_dataGroup1,7.03053,51.45118,PM2.5,DE
Germany,SPO.DE_DENW043_PM2_dataGroup3,7.03053,51.45118,PM2.5,DE
Germany,SPO.DE_DENW053_PM1_dataGroup1,6.88457,51.01934,PM10,DE
Germany,SPO.DE_DENW053_PM1_dataGroup1,6.88457,51.01934,PM10,DE
Germany,SPO.DE_DENW053_PM1_dataGroup1,6.88457,51.01934,PM10,DE
Germany,SPO.DE_DENW053_PM1_dataGroup1,6.88457,51.01934,PM10,DE
Germany,SPO.DE_DENW053_PM1_dataGroup3,6.88457,51.01934,PM10,DE
Germany,SPO.DE_DENW053_PM2_dataGroup1,6.88457,51.01934,PM2.5,DE
Germany,SPO.DE_DENW053_PM2_dataGroup3,6.88457,51.01934,PM2.5,DE
Germany,SPO.DE_DENW058_PM1_dataGroup1,6.87382,50.87618,PM10,DE
Germany,SPO.DE_DENW058_PM1_dataGroup1,6.87382,50.87618,PM10,DE
Germany,SPO.DE_DENW058_PM1_dataGroup1,6.87382,50.87618,PM10,DE
Germany,SPO.DE_DENW058_PM1_dataGroup1,6.87382,50.87618,PM10,DE
Germany,SPO.DE_DENW058_PM2_dataGroup1,6.87382,50.87618,PM2.5,DE
Germany,SPO.DE_DENW059_PM1_dataGroup1,6.98507,50.88987,PM10,DE
Germany,SPO.DE_DENW059_PM1_dataGroup1,6.98507,50.88987,PM10,DE
Germany,SPO.DE_DENW059_PM1_dataGroup1,6.98507,50.88987,PM10,DE
Germany,SPO.DE_DENW059_PM2_dataGroup1,6.98507,50.88987,PM2.5,DE
Germany,SPO.DE_DENW062_PM1_dataGroup1,7.08265,50.75363,PM10,DE
Germany,SPO.DE_DENW062_PM1_dataGroup1,7.08265,50.75363,PM10,DE
Germany,SPO.DE_DENW062_PM1_dataGroup1,7.08265,50.75363,PM10,DE
Germany,SPO.DE_DENW062_PM1_dataGroup1,7.08265,50.75363,PM10,DE
Germany,SPO.DE_DENW062_PM2_dataGroup1,7.08265,50.75363,PM2.5,DE
Germany,SPO.DE_DENW064_PM1_dataGroup1,6.28101,50.65323,PM10,DE
Germany,SPO.DE_DENW064_PM1_dataGroup1,6.28101,50.65323,PM10,DE
Germany,SPO.DE_DENW064_PM1_dataGroup1,6.28101,50.65323,PM10,DE
Germany,SPO.DE_DENW064_PM1_dataGroup1,6.28101,50.65323,PM10,DE
Germany,SPO.DE_DENW064_PM1_dataGroup3,6.28101,50.65323,PM10,DE
Germany,SPO.DE_DENW064_PM2_dataGroup1,6.28101,50.65323,PM2.5,DE
Germany,SPO.DE_DENW064_PM2_dataGroup3,6.28101,50.65323,PM2.5,DE
Germany,SPO.DE_DENW065_PM1_dataGroup1,8.19191,50.93033,PM10,DE
Germany,SPO.DE_DENW065_PM1_dataGroup1,8.19191,50.93033,PM10,DE
Germany,SPO.DE_DENW065_PM1_dataGroup1,8.19191,50.93033,PM10,DE
Germany,SPO.DE_DENW065_PM2_dataGroup1,8.19191,50.93033,PM2.5,DE
Germany,SPO.DE_DENW066_PM1_dataGroup1,6.19583,51.32693,PM10,DE
Germany,SPO.DE_DENW066_PM1_dataGroup1,6.19583,51.32693,PM10,DE
Germany,SPO.DE_DENW066_PM1_dataGroup1,6.19583,51.32693,PM10,DE
Germany,SPO.DE_DENW066_PM1_dataGroup2,6.19583,51.32693,PM10,DE
Germany,SPO.DE_DENW066_PM2_dataGroup1,6.19583,51.32693,PM2.5,DE
Germany,SPO.DE_DENW067_PM1_dataGroup1,8.54836,52.02315,PM10,DE
Germany,SPO.DE_DENW067_PM1_dataGroup1,8.54836,52.02315,PM10,DE
Germany,SPO.DE_DENW067_PM1_dataGroup1,8.54836,52.02315,PM10,DE
Germany,SPO.DE_DENW067_PM1_dataGroup3,8.54836,52.02315,PM10,DE
Germany,SPO.DE_DENW067_PM2_dataGroup1,8.54836,52.02315,PM2.5,DE
Germany,SPO.DE_DENW067_PM2_dataGroup3,8.54836,52.02315,PM2.5,DE
Germany,SPO.DE_DENW068_PM1_dataGroup1,8.14802,51.57067,PM10,DE
Germany,SPO.DE_DENW068_PM1_dataGroup1,8.14802,51.57067,PM10,DE
Germany,SPO.DE_DENW068_PM1_dataGroup1,8.14802,51.57067,PM10,DE
Germany,SPO.DE_DENW068_PM1_dataGroup2,8.14802,51.57067,PM10,DE
Germany,SPO.DE_DENW068_PM2_dataGroup1,8.14802,51.57067,PM2.5,DE
Germany,SPO.DE_DENW068_PM2_dataGroup1,8.14802,51.57067,PM2.5,DE
Germany,SPO.DE_DENW068_PM2_dataGroup1,8.14802,51.57067,PM2.5,DE
Germany,SPO.DE_DENW071_PM1_dataGroup1,6.73235,51.24921,PM10,DE
Germany,SPO.DE_DENW071_PM1_dataGroup1,6.73235,51.24921,PM10,DE
Germany,SPO.DE_DENW071_PM1_dataGroup1,6.73235,51.24921,PM10,DE
Germany,SPO.DE_DENW071_PM2_dataGroup1,6.73235,51.24921,PM2.5,DE
Germany,SPO.DE_DENW071_PM2_dataGroup1,6.73235,51.24921,PM2.5,DE
Germany,SPO.DE_DENW071_PM2_dataGroup2,6.73235,51.24921,PM2.5,DE
Germany,SPO.DE_DENW074_PM1_dataGroup1,6.46931,50.88348,PM10,DE
Germany,SPO.DE_DENW074_PM1_dataGroup1,6.46931,50.88348,PM10,DE
Germany,SPO.DE_DENW074_PM1_dataGroup1,6.46931,50.88348,PM10,DE
Germany,SPO.DE_DENW074_PM1_dataGroup2,6.46931,50.88348,PM10,DE
Germany,SPO.DE_DENW074_PM1_dataGroup3,6.46931,50.88348,PM10,DE
Germany,SPO.DE_DENW074_PM2_dataGroup1,6.46931,50.88348,PM2.5,DE
Germany,SPO.DE_DENW074_PM2_dataGroup1,6.46931,50.88348,PM2.5,DE
Germany,SPO.DE_DENW078_PM1_dataGroup1,6.81989,51.30339,PM10,DE
Germany,SPO.DE_DENW078_PM1_dataGroup1,6.81989,51.30339,PM10,DE
Germany,SPO.DE_DENW078_PM1_dataGroup1,6.81989,51.30339,PM10,DE
Germany,SPO.DE_DENW078_PM2_dataGroup1,6.81989,51.30339,PM2.5,DE
Germany,SPO.DE_DENW079_PM1_dataGroup1,7.00498,51.02893,PM10,DE
Germany,SPO.DE_DENW079_PM1_dataGroup1,7.00498,51.02893,PM10,DE
Germany,SPO.DE_DENW079_PM1_dataGroup1,7.00498,51.02893,PM10,DE
Germany,SPO.DE_DENW079_PM2_dataGroup1,7.00498,51.02893,PM2.5,DE
Germany,SPO.DE_DENW080_PM1_dataGroup1,7.05257,51.18378,PM10,DE
Germany,SPO.DE_DENW080_PM1_dataGroup1,7.05257,51.18378,PM10,DE
Germany,SPO.DE_DENW081_PM1_dataGroup1,6.87447,51.86204,PM10,DE
Germany,SPO.DE_DENW081_PM1_dataGroup1,6.87447,51.86204,PM10,DE
Germany,SPO.DE_DENW081_PM1_dataGroup1,6.87447,51.86204,PM10,DE
Germany,SPO.DE_DENW081_PM1_dataGroup3,6.87447,51.86204,PM10,DE
Germany,SPO.DE_DENW081_PM2_dataGroup1,6.87447,51.86204,PM2.5,DE
Germany,SPO.DE_DENW082_PM1_dataGroup1,6.78254,51.21317,PM10,DE
Germany,SPO.DE_DENW082_PM1_dataGroup1,6.78254,51.21317,PM10,DE
Germany,SPO.DE_DENW082_PM1_dataGroup1,6.78254,51.21317,PM10,DE
Germany,SPO.DE_DENW082_PM1_dataGroup1,6.78254,51.21317,PM10,DE
Germany,SPO.DE_DENW082_PM1_dataGroup2,6.78254,51.21317,PM10,DE
Germany,SPO.DE_DENW082_PM2_dataGroup1,6.78254,51.21317,PM2.5,DE
Germany,SPO.DE_DENW082_PM2_dataGroup2,6.78254,51.21317,PM2.5,DE
Germany,SPO.DE_DENW082_PM2_dataGroup3,6.78254,51.21317,PM2.5,DE
Germany,SPO.DE_DENW082_PM2_dataGroup3,6.78254,51.21317,PM2.5,DE
Germany,SPO.DE_DENW094_PM1_dataGroup1,6.09383,50.75473,PM10,DE
Germany,SPO.DE_DENW094_PM1_dataGroup1,6.09383,50.75473,PM10,DE
Germany,SPO.DE_DENW094_PM2_dataGroup3,6.09383,50.75473,PM2.5,DE
Germany,SPO.DE_DENW095_PM1_dataGroup1,7.61158,51.93654,PM10,DE
Germany,SPO.DE_DENW095_PM1_dataGroup1,7.61158,51.93654,PM10,DE
Germany,SPO.DE_DENW095_PM1_dataGroup1,7.61158,51.93654,PM10,DE
Germany,SPO.DE_DENW095_PM1_dataGroup1,7.61158,51.93654,PM10,DE
Germany,SPO.DE_DENW095_PM2_dataGroup1,7.61158,51.93654,PM2.5,DE
Germany,SPO.DE_DENW095_PM2_dataGroup3,7.61158,51.93654,PM2.5,DE
Germany,SPO.DE_DENW096_PM1_dataGroup1,6.42561,51.15461,PM10,DE
Germany,SPO.DE_DENW096_PM1_dataGroup1,6.42561,51.15461,PM10,DE
Germany,SPO.DE_DENW096_PM1_dataGroup1,6.42561,51.15461,PM10,DE
Germany,SPO.DE_DENW096_PM1_dataGroup2,6.42561,51.15461,PM10,DE
Germany,SPO.DE_DENW096_PM2_dataGroup1,6.42561,51.15461,PM2.5,DE
Germany,SPO.DE_DENW096_PM2_dataGroup1,6.42561,51.15461,PM2.5,DE
Germany,SPO.DE_DENW100_PM1_dataGroup1,6.45889,51.16996,PM10,DE
Germany,SPO.DE_DENW100_PM1_dataGroup1,6.45889,51.16996,PM10,DE
Germany,SPO.DE_DENW100_PM1_dataGroup1,6.45889,51.16996,PM10,DE
Germany,SPO.DE_DENW100_PM1_dataGroup2,6.45889,51.16996,PM10,DE
Germany,SPO.DE_DENW100_PM1_dataGroup3,6.45889,51.16996,PM10,DE
Germany,SPO.DE_DENW100_PM2_dataGroup1,6.45889,51.16996,PM2.5,DE
Germany,SPO.DE_DENW100_PM2_dataGroup1,6.45889,51.16996,PM2.5,DE
Germany,SPO.DE_DENW101_PM1_dataGroup1,7.46425,51.51960,PM10,DE
Germany,SPO.DE_DENW101_PM1_dataGroup1,7.46425,51.51960,PM10,DE
Germany,SPO.DE_DENW101_PM2_dataGroup3,7.46425,51.51960,PM2.5,DE
Germany,SPO.DE_DENW102_PM1_dataGroup1,6.73585,51.48585,PM10,DE
Germany,SPO.DE_DENW102_PM1_dataGroup1,6.73585,51.48585,PM10,DE
Germany,SPO.DE_DENW102_PM1_dataGroup2,6.73585,51.48585,PM10,DE
Germany,SPO.DE_DENW102_PM2_dataGroup1,6.73585,51.48585,PM2.5,DE
Germany,SPO.DE_DENW102_PM2_dataGroup1,6.73585,51.48585,PM2.5,DE
Germany,SPO.DE_DENW102_PM2_dataGroup1,6.73585,51.48585,PM2.5,DE
Germany,SPO.DE_DENW105_PM1_dataGroup2,6.70016,51.36872,PM10,DE
Germany,SPO.DE_DENW112_PM1_dataGroup1,6.77187,51.43769,PM10,DE
Germany,SPO.DE_DENW112_PM1_dataGroup1,6.77187,51.43769,PM10,DE
Germany,SPO.DE_DENW112_PM1_dataGroup1,6.77187,51.43769,PM10,DE
Germany,SPO.DE_DENW112_PM1_dataGroup2,6.77187,51.43769,PM10,DE
Germany,SPO.DE_DENW114_PM1_dataGroup1,7.23185,51.27761,PM10,DE
Germany,SPO.DE_DENW114_PM1_dataGroup1,7.23185,51.27761,PM10,DE
Germany,SPO.DE_DENW114_PM1_dataGroup1,7.23185,51.27761,PM10,DE
Germany,SPO.DE_DENW114_PM1_dataGroup1,7.23185,51.27761,PM10,DE
Germany,SPO.DE_DENW114_PM2_dataGroup1,7.23185,51.27761,PM2.5,DE
Germany,SPO.DE_DENW114_PM2_dataGroup1,7.23185,51.27761,PM2.5,DE
Germany,SPO.DE_DENW114_PM2_dataGroup1,7.23185,51.27761,PM2.5,DE
Germany,SPO.DE_DENW114_PM2_dataGroup2,7.23185,51.27761,PM2.5,DE
Germany,SPO.DE_DENW115_PM1_dataGroup2,6.55742,51.30761,PM10,DE
Germany,SPO.DE_DENW116_PM1_dataGroup1,6.67019,51.34257,PM10,DE
Germany,SPO.DE_DENW116_PM1_dataGroup1,6.67019,51.34257,PM10,DE
Germany,SPO.DE_DENW116_PM1_dataGroup1,6.67019,51.34257,PM10,DE
Germany,SPO.DE_DENW116_PM1_dataGroup2,6.67019,51.34257,PM10,DE
Germany,SPO.DE_DENW116_PM1_dataGroup3,6.67019,51.34257,PM10,DE
Germany,SPO.DE_DENW116_PM2_dataGroup1,6.67019,51.34257,PM2.5,DE
Germany,SPO.DE_DENW116_PM2_dataGroup1,6.67019,51.34257,PM2.5,DE
Germany,SPO.DE_DENW117_PM1_dataGroup3,7.18609,51.48254,PM10,DE
Germany,SPO.DE_DENW129_PM1_dataGroup3,7.32109,51.62406,PM10,DE
Germany,SPO.DE_DENW131_PM1_dataGroup2,6.74701,51.50614,PM10,DE
Germany,SPO.DE_DENW133_PM1_dataGroup1,7.46355,51.36282,PM10,DE
Germany,SPO.DE_DENW133_PM1_dataGroup1,7.46355,51.36282,PM10,DE
Germany,SPO.DE_DENW133_PM1_dataGroup1,7.46355,51.36282,PM10,DE
Germany,SPO.DE_DENW133_PM2_dataGroup1,7.46355,51.36282,PM2.5,DE
Germany,SPO.DE_DENW134_PM1_dataGroup1,7.00528,51.47790,PM10,DE
Germany,SPO.DE_DENW134_PM1_dataGroup1,7.00528,51.47790,PM10,DE
Germany,SPO.DE_DENW134_PM1_dataGroup1,7.00528,51.47790,PM10,DE
Germany,SPO.DE_DENW134_PM1_dataGroup1,7.00528,51.47790,PM10,DE
Germany,SPO.DE_DENW135_PM1_dataGroup1,7.04651,51.45707,PM10,DE
Germany,SPO.DE_DENW136_PM1_dataGroup1,7.48356,51.52354,PM10,DE
Germany,SPO.DE_DENW136_PM1_dataGroup1,7.48356,51.52354,PM10,DE
Germany,SPO.DE_DENW136_PM1_dataGroup1,7.48356,51.52354,PM10,DE
Germany,SPO.DE_DENW136_PM1_dataGroup1,7.48356,51.52354,PM10,DE
Germany,SPO.DE_DENW136_PM2_dataGroup1,7.48356,51.52354,PM2.5,DE
Germany,SPO.DE_DENW174_PM1_dataGroup2,7.33304,51.43430,PM10,DE
Germany,SPO.DE_DENW179_PM1_dataGroup1,7.58225,51.44880,PM10,DE
Germany,SPO.DE_DENW179_PM1_dataGroup1,7.58225,51.44880,PM10,DE
Germany,SPO.DE_DENW179_PM1_dataGroup1,7.58225,51.44880,PM10,DE
Germany,SPO.DE_DENW179_PM2_dataGroup1,7.58225,51.44880,PM2.5,DE
Germany,SPO.DE_DENW179_PM2_dataGroup1,7.58225,51.44880,PM2.5,DE
Germany,SPO.DE_DENW179_PM2_dataGroup1,7.58225,51.44880,PM2.5,DE
Germany,SPO.DE_DENW180_PM1_dataGroup1,6.55945,51.06377,PM10,DE
Germany,SPO.DE_DENW180_PM1_dataGroup1,6.55945,51.06377,PM10,DE
Germany,SPO.DE_DENW180_PM1_dataGroup1,6.55945,51.06377,PM10,DE
Germany,SPO.DE_DENW180_PM1_dataGroup2,6.55945,51.06377,PM10,DE
Germany,SPO.DE_DENW180_PM1_dataGroup3,6.55945,51.06377,PM10,DE
Germany,SPO.DE_DENW181_PM1_dataGroup1,8.36080,51.44299,PM10,DE
Germany,SPO.DE_DENW181_PM1_dataGroup1,8.36080,51.44299,PM10,DE
Germany,SPO.DE_DENW181_PM1_dataGroup1,8.36080,51.44299,PM10,DE
Germany,SPO.DE_DENW181_PM1_dataGroup1,8.36080,51.44299,PM10,DE
Germany,SPO.DE_DENW181_PM1_dataGroup3,8.36080,51.44299,PM10,DE
Germany,SPO.DE_DENW181_PM2_dataGroup1,8.36080,51.44299,PM2.5,DE
Germany,SPO.DE_DENW181_PM2_dataGroup1,8.36080,51.44299,PM2.5,DE
Germany,SPO.DE_DENW182_PM1_dataGroup1,6.58221,50.92711,PM10,DE
Germany,SPO.DE_DENW182_PM1_dataGroup1,6.58221,50.92711,PM10,DE
Germany,SPO.DE_DENW182_PM1_dataGroup2,6.58221,50.92711,PM10,DE
Germany,SPO.DE_DENW182_PM2_dataGroup1,6.58221,50.92711,PM2.5,DE
Germany,SPO.DE_DENW185_PM1_dataGroup2,7.48101,51.50062,PM10,DE
Germany,SPO.DE_DENW186_PM1_dataGroup1,8.52158,52.02624,PM10,DE
Germany,SPO.DE_DENW186_PM1_dataGroup1,8.52158,52.02624,PM10,DE
Germany,SPO.DE_DENW186_PM1_dataGroup1,8.52158,52.02624,PM10,DE
Germany,SPO.DE_DENW187_PM1_dataGroup1,6.89604,51.44111,PM10,DE
Germany,SPO.DE_DENW188_PM1_dataGroup1,6.86363,51.47494,PM10,DE
Germany,SPO.DE_DENW188_PM1_dataGroup1,6.86363,51.47494,PM10,DE
Germany,SPO.DE_DENW188_PM1_dataGroup1,6.86363,51.47494,PM10,DE
Germany,SPO.DE_DENW188_PM1_dataGroup1,6.86363,51.47494,PM10,DE
Germany,SPO.DE_DENW188_PM2_dataGroup1,6.86363,51.47494,PM2.5,DE
Germany,SPO.DE_DENW189_PM1_dataGroup1,7.14738,51.26068,PM10,DE
Germany,SPO.DE_DENW189_PM1_dataGroup1,7.14738,51.26068,PM10,DE
Germany,SPO.DE_DENW189_PM1_dataGroup1,7.14738,51.26068,PM10,DE
Germany,SPO.DE_DENW189_PM1_dataGroup1,7.14738,51.26068,PM10,DE
Germany,SPO.DE_DENW189_PM1_dataGroup2,7.14738,51.26068,PM10,DE
Germany,SPO.DE_DENW189_PM1_dataGroup3,7.14738,51.26068,PM10,DE
Germany,SPO.DE_DENW189_PM2_dataGroup1,7.14738,51.26068,PM2.5,DE
Germany,SPO.DE_DENW194_PM1_dataGroup3,6.72801,51.36769,PM10,DE
Germany,SPO.DE_DENW200_PM1_dataGroup1,8.55279,52.00562,PM10,DE
Germany,SPO.DE_DENW200_PM1_dataGroup1,8.55279,52.00562,PM10,DE
Germany,SPO.DE_DENW200_PM2_dataGroup1,8.55279,52.00562,PM2.5,DE
Germany,SPO.DE_DENW201_PM1_dataGroup1,6.92427,51.51926,PM10,DE
Germany,SPO.DE_DENW201_PM1_dataGroup1,6.92427,51.51926,PM10,DE
Germany,SPO.DE_DENW201_PM1_dataGroup1,6.92427,51.51926,PM10,DE
Germany,SPO.DE_DENW203_PM1_dataGroup1,7.15013,51.54316,PM10,DE
Germany,SPO.DE_DENW203_PM1_dataGroup1,7.15013,51.54316,PM10,DE
Germany,SPO.DE_DENW203_PM1_dataGroup1,7.15013,51.54316,PM10,DE
Germany,SPO.DE_DENW204_PM1_dataGroup1,7.21057,51.51101,PM10,DE
Germany,SPO.DE_DENW204_PM1_dataGroup1,7.21057,51.51101,PM10,DE
Germany,SPO.DE_DENW204_PM1_dataGroup1,7.21057,51.51101,PM10,DE
Germany,SPO.DE_DENW206_PM1_dataGroup1,7.08406,51.17615,PM10,DE
Germany,SPO.DE_DENW206_PM1_dataGroup1,7.08406,51.17615,PM10,DE
Germany,SPO.DE_DENW206_PM2_dataGroup1,7.08406,51.17615,PM2.5,DE
Germany,SPO.DE_DENW207_PM1_dataGroup1,6.09576,50.77313,PM10,DE
Germany,SPO.DE_DENW207_PM1_dataGroup1,6.09576,50.77313,PM10,DE
Germany,SPO.DE_DENW207_PM1_dataGroup1,6.09576,50.77313,PM10,DE
Germany,SPO.DE_DENW207_PM1_dataGroup2,6.09576,50.77313,PM10,DE
Germany,SPO.DE_DENW207_PM1_dataGroup3,6.09576,50.77313,PM10,DE
Germany,SPO.DE_DENW207_PM2_dataGroup1,6.09576,50.77313,PM2.5,DE
Germany,SPO.DE_DENW208_PM1_dataGroup1,7.08456,51.52790,PM10,DE
Germany,SPO.DE_DENW208_PM1_dataGroup1,7.08456,51.52790,PM10,DE
Germany,SPO.DE_DENW208_PM1_dataGroup1,7.08456,51.52790,PM10,DE
Germany,SPO.DE_DENW208_PM1_dataGroup1,7.08456,51.52790,PM10,DE
Germany,SPO.DE_DENW208_PM2_dataGroup1,7.08456,51.52790,PM2.5,DE
Germany,SPO.DE_DENW211_PM1_dataGroup1,7.00461,50.96284,PM10,DE
Germany,SPO.DE_DENW211_PM1_dataGroup1,7.00461,50.96284,PM10,DE
Germany,SPO.DE_DENW211_PM1_dataGroup1,7.00461,50.96284,PM10,DE
Germany,SPO.DE_DENW211_PM2_dataGroup1,7.00461,50.96284,PM2.5,DE
Germany,SPO.DE_DENW212_PM1_dataGroup1,6.95765,50.94727,PM10,DE
Germany,SPO.DE_DENW212_PM1_dataGroup1,6.95765,50.94727,PM10,DE
Germany,SPO.DE_DENW212_PM1_dataGroup1,6.95765,50.94727,PM10,DE
Germany,SPO.DE_DENW212_PM1_dataGroup2,6.95765,50.94727,PM10,DE
Germany,SPO.DE_DENW212_PM1_dataGroup3,6.95765,50.94727,PM10,DE
Germany,SPO.DE_DENW212_PM2_dataGroup1,6.95765,50.94727,PM2.5,DE
Germany,SPO.DE_DENW212_PM2_dataGroup1,6.95765,50.94727,PM2.5,DE
Germany,SPO.DE_DENW212_PM2_dataGroup1,6.95765,50.94727,PM2.5,DE
Germany,SPO.DE_DENW220_PM1_dataGroup1,7.21341,51.57744,PM10,DE
Germany,SPO.DE_DENW224_PM1_dataGroup1,6.74066,51.56475,PM10,DE
Germany,SPO.DE_DENW245_PM1_dataGroup2,6.23259,50.76482,PM10,DE
Germany,SPO.DE_DENW245_PM1_dataGroup3,6.23259,50.76482,PM10,DE
Germany,SPO.DE_DENW246_PM1_dataGroup2,7.52295,51.60846,PM10,DE
Germany,SPO.DE_DENW246_PM1_dataGroup3,7.52295,51.60846,PM10,DE
Germany,SPO.DE_DENW247_PM1_dataGroup2,6.96559,51.40685,PM10,DE
Germany,SPO.DE_DENW247_PM2_dataGroup1,6.96559,51.40685,PM2.5,DE
Germany,SPO.DE_DENW247_PM2_dataGroup1,6.96559,51.40685,PM2.5,DE
Germany,SPO.DE_DENW247_PM2_dataGroup2,6.96559,51.40685,PM2.5,DE
Germany,SPO.DE_DENW254_PM1_dataGroup2,6.75234,51.46789,PM10,DE
Germany,SPO.DE_DENW254_PM1_dataGroup3,6.75234,51.46789,PM10,DE
Germany,SPO.DE_DENW256_PM1_dataGroup1,6.97867,51.25007,PM10,DE
Germany,SPO.DE_DENW258_PM1_dataGroup1,6.49279,50.80672,PM10,DE
Germany,SPO.DE_DENW259_PM1_dataGroup1,6.43995,51.16943,PM10,DE
Germany,SPO.DE_DENW259_PM1_dataGroup1,6.43995,51.16943,PM10,DE
Germany,SPO.DE_DENW259_PM1_dataGroup1,6.43995,51.16943,PM10,DE
Germany,SPO.DE_DENW259_PM1_dataGroup1,6.43995,51.16943,PM10,DE
Germany,SPO.DE_DENW259_PM2_dataGroup1,6.43995,51.16943,PM2.5,DE
Germany,SPO.DE_DENW260_PM1_dataGroup1,7.61938,51.95328,PM10,DE
Germany,SPO.DE_DENW260_PM1_dataGroup1,7.61938,51.95328,PM10,DE
Germany,SPO.DE_DENW260_PM1_dataGroup1,7.61938,51.95328,PM10,DE
Germany,SPO.DE_DENW260_PM1_dataGroup1,7.61938,51.95328,PM10,DE
Germany,SPO.DE_DENW260_PM2_dataGroup1,7.61938,51.95328,PM2.5,DE
Germany,SPO.DE_DENW261_PM1_dataGroup1,6.52936,51.35624,PM10,DE
Germany,SPO.DE_DENW282_PM1_dataGroup2,7.55500,51.44414,PM10,DE
Germany,SPO.DE_DENW283_PM1_dataGroup1,6.15639,51.87389,PM10,DE
Germany,SPO.DE_DENW284_PM1_dataGroup1,7.69778,51.37444,PM10,DE
Germany,SPO.DE_DENW285_PM1_dataGroup3,7.58335,51.34788,PM10,DE
Germany,SPO.DE_DENW286_PM1_dataGroup3,7.18653,51.56031,PM10,DE
Germany,SPO.DE_DENW292_PM1_dataGroup1,7.56359,51.44657,PM10,DE
Germany,SPO.DE_DENW292_PM1_dataGroup1,7.56359,51.44657,PM10,DE
Germany,SPO.DE_DENW300_PM1_dataGroup3,6.39758,50.87728,PM10,DE
Germany,SPO.DE_DENW301_PM1_dataGroup2,6.84766,51.43147,PM10,DE
Germany,SPO.DE_DENW306_PM1_dataGroup2,7.47101,51.61395,PM10,DE
Germany,SPO.DE_DENW306_PM1_dataGroup3,7.47101,51.61395,PM10,DE
Germany,SPO.DE_DENW307_PM1_dataGroup2,6.52734,51.48184,PM10,DE
Germany,SPO.DE_DENW308_PM1_dataGroup3,6.57325,51.04703,PM10,DE
Germany,SPO.DE_DENW309_PM1_dataGroup3,6.74599,51.38333,PM10,DE
Germany,SPO.DE_DENW329_PM1_dataGroup1,6.45148,51.03383,PM10,DE
Germany,SPO.DE_DENW329_PM1_dataGroup1,6.45148,51.03383,PM10,DE
Germany,SPO.DE_DENW329_PM1_dataGroup2,6.45148,51.03383,PM10,DE
Germany,SPO.DE_DENW329_PM2_dataGroup1,6.45148,51.03383,PM2.5,DE
Germany,SPO.DE_DENW330_PM1_dataGroup1,6.75375,51.26950,PM10,DE
Germany,SPO.DE_DENW337_PM1_dataGroup1,6.46946,51.09764,PM10,DE
Germany,SPO.DE_DENW337_PM1_dataGroup1,6.46946,51.09764,PM10,DE
Germany,SPO.DE_DENW337_PM1_dataGroup2,6.46946,51.09764,PM10,DE
Germany,SPO.DE_DENW337_PM2_dataGroup1,6.46946,51.09764,PM2.5,DE
Germany,SPO.DE_DENW338_PM1_dataGroup1,6.73543,51.48549,PM10,DE
Germany,SPO.DE_DENW338_PM1_dataGroup1,6.73543,51.48549,PM10,DE
Germany,SPO.DE_DENW338_PM1_dataGroup2,6.73543,51.48549,PM10,DE
Germany,SPO.DE_DENW338_PM2_dataGroup1,6.73543,51.48549,PM2.5,DE
Germany,SPO.DE_DENW338_PM2_dataGroup1,6.73543,51.48549,PM2.5,DE
Germany,SPO.DE_DENW341_PM1_dataGroup2,6.40329,51.05288,PM10,DE
Germany,SPO.DE_DENW351_PM1_dataGroup2,7.06035,51.52428,PM10,DE
Germany,SPO.DE_DENW351_PM1_dataGroup3,7.06035,51.52428,PM10,DE
Germany,SPO.DE_DENW354_PM1_dataGroup1,6.76139,51.20051,PM10,DE
Germany,SPO.DE_DENW355_PM1_dataGroup1,7.01093,51.03147,PM10,DE
Germany,SPO.DE_DENW355_PM1_dataGroup1,7.01093,51.03147,PM10,DE
Germany,SPO.DE_DENW355_PM2_dataGroup1,7.01093,51.03147,PM2.5,DE
Germany,SPO.DE_DENW355_PM2_dataGroup1,7.01093,51.03147,PM2.5,DE
Germany,SPO.DE_DENW356_PM1_dataGroup1,7.64309,51.22761,PM10,DE
Germany,SPO.DE_DENW356_PM1_dataGroup1,7.64309,51.22761,PM10,DE
Germany,SPO.DE_DENW356_PM2_dataGroup1,7.64309,51.22761,PM2.5,DE
Germany,SPO.DE_DENW359_PM1_dataGroup2,6.41580,51.09697,PM10,DE
Germany,SPO.DE_DENW367_PM1_dataGroup1,6.99095,51.56805,PM10,DE
Germany,SPO.DE_DENW374_PM1_dataGroup1,7.18640,51.56088,PM10,DE
Germany,SPO.DE_DENW374_PM1_dataGroup2,7.18640,51.56088,PM10,DE
Germany,SPO.DE_DENW375_PM1_dataGroup2,7.33362,51.43314,PM10,DE
Germany,SPO.DE_DENW378_PM1_dataGroup2,7.47339,51.61306,PM10,DE
Germany,SPO.DE_DENW381_PM1_dataGroup1,6.70407,51.21958,PM10,DE
Germany,SPO.DE_DENW382_PM1_dataGroup1,6.72749,51.46072,PM10,DE
Germany,SPO.DE_DENW383_PM1_dataGroup1,8.53409,52.02416,PM10,DE
Germany,SPO.DE_DENW405_PM1_dataGroup1,6.65512,51.67355,PM10,DE
Germany,SPO.DE_DENW405_PM2_dataGroup1,6.65512,51.67355,PM2.5,DE
Germany,SPO.DE_DENW415_PM1_dataGroup1,6.84252,51.47844,PM10,DE
Germany,SPO.DE_DENW415_PM2_dataGroup1,6.84252,51.47844,PM2.5,DE
Germany,SPO.DE_DENW424_PM1_dataGroup2,6.22791,50.76152,PM10,DE
Germany,SPO.DE_DENW425_PM1_dataGroup2,6.22973,50.76327,PM10,DE
Germany,SPO.DE_DENW426_PM1_dataGroup2,6.22621,50.76041,PM10,DE
Germany,SPO.DE_DENW430_PM1_dataGroup1,6.77635,51.20255,PM10,DE
Germany,SPO.DE_DENW430_PM2_dataGroup1,6.77635,51.20255,PM2.5,DE
Germany,SPO.DE_DENW431_PM1_dataGroup1,6.74429,51.27743,PM10,DE
Germany,SPO.DE_DENW431_PM2_dataGroup1,6.74429,51.27743,PM2.5,DE
Germany,SPO.DE_DENW432_PM1_dataGroup2,6.22945,50.77060,PM10,DE
Germany,SPO.DE_DENW433_PM1_dataGroup2,6.62279,50.58243,PM10,DE
Germany,SPO.DE_DERP001_PM1_dataGroup1,8.40233,49.51496,PM10,DE
Germany,SPO.DE_DERP002_PM2_dataGroup1,8.43859,49.48232,PM2.5,DE
Germany,SPO.DE_DERP003_PM1_dataGroup1,8.42590,49.45551,PM10,DE
Germany,SPO.DE_DERP003_PM1_dataGroup1,8.42590,49.45551,PM10,DE
Germany,SPO.DE_DERP003_PM2_dataGroup1,8.42590,49.45551,PM2.5,DE
Germany,SPO.DE_DERP007_PM1_dataGroup1,8.21680,50.01755,PM10,DE
Germany,SPO.DE_DERP007_PM1_dataGroup1,8.21680,50.01755,PM10,DE
Germany,SPO.DE_DERP008_PM1_dataGroup1,8.25460,50.01037,PM10,DE
Germany,SPO.DE_DERP008_PM1_dataGroup1,8.25460,50.01037,PM10,DE
Germany,SPO.DE_DERP009_PM1_dataGroup1,8.27398,49.99502,PM10,DE
Germany,SPO.DE_DERP009_PM1_dataGroup1,8.27398,49.99502,PM10,DE
Germany,SPO.DE_DERP009_PM1_dataGroup2,8.27398,49.99502,PM10,DE
Germany,SPO.DE_DERP009_PM2_dataGroup1,8.27398,49.99502,PM2.5,DE
Germany,SPO.DE_DERP009_PM2_dataGroup1,8.27398,49.99502,PM2.5,DE
Germany,SPO.DE_DERP009_PM2_dataGroup2,8.27398,49.99502,PM2.5,DE
Germany,SPO.DE_DERP010_PM1_dataGroup1,8.26113,50.00103,PM10,DE
Germany,SPO.DE_DERP010_PM1_dataGroup3,8.26113,50.00103,PM10,DE
Germany,SPO.DE_DERP010_PM1_dataGroup3,8.26113,50.00103,PM10,DE
Germany,SPO.DE_DERP010_PM2_dataGroup1,8.26113,50.00103,PM2.5,DE
Germany,SPO.DE_DERP011_PM1_dataGroup3,8.26580,50.00987,PM10,DE
Germany,SPO.DE_DERP011_PM1_dataGroup3,8.26580,50.00987,PM10,DE
Germany,SPO.DE_DERP013_PM1_dataGroup1,7.29354,49.42312,PM10,DE
Germany,SPO.DE_DERP013_PM1_dataGroup1,7.29354,49.42312,PM10,DE
Germany,SPO.DE_DERP014_PM1_dataGroup1,7.19341,49.74090,PM10,DE
Germany,SPO.DE_DERP015_PM1_dataGroup1,6.37808,50.26655,PM10,DE
Germany,SPO.DE_DERP015_PM1_dataGroup1,6.37808,50.26655,PM10,DE
Germany,SPO.DE_DERP016_PM1_dataGroup1,7.97354,50.76682,PM10,DE
Germany,SPO.DE_DERP016_PM1_dataGroup1,7.97354,50.76682,PM10,DE
Germany,SPO.DE_DERP017_PM1_dataGroup1,7.82641,49.27026,PM10,DE
Germany,SPO.DE_DERP017_PM1_dataGroup1,7.82641,49.27026,PM10,DE
Germany,SPO.DE_DERP017_PM1_dataGroup2,7.82641,49.27026,PM10,DE
Germany,SPO.DE_DERP017_PM2_dataGroup1,7.82641,49.27026,PM2.5,DE
Germany,SPO.DE_DERP017_PM2_dataGroup1,7.82641,49.27026,PM2.5,DE
Germany,SPO.DE_DERP017_PM2_dataGroup2,7.82641,49.27026,PM2.5,DE
Germany,SPO.DE_DERP017_PM2_dataGroup3,7.82641,49.27026,PM2.5,DE
Germany,SPO.DE_DERP018_PM1_dataGroup1,8.43504,49.31884,PM10,DE
Germany,SPO.DE_DERP018_PM1_dataGroup3,8.43504,49.31884,PM10,DE
Germany,SPO.DE_DERP019_PM1_dataGroup1,7.76730,49.44600,PM10,DE
Germany,SPO.DE_DERP019_PM2_dataGroup1,7.76730,49.44600,PM2.5,DE
Germany,SPO.DE_DERP020_PM1_dataGroup1,6.64672,49.75423,PM10,DE
Germany,SPO.DE_DERP020_PM1_dataGroup1,6.64672,49.75423,PM10,DE
Germany,SPO.DE_DERP020_PM2_dataGroup1,6.64672,49.75423,PM2.5,DE
Germany,SPO.DE_DERP020_PM2_dataGroup3,6.64672,49.75423,PM2.5,DE
Germany,SPO.DE_DERP021_PM1_dataGroup1,7.48138,50.42468,PM10,DE
Germany,SPO.DE_DERP021_PM1_dataGroup1,7.48138,50.42468,PM10,DE
Germany,SPO.DE_DERP022_PM1_dataGroup3,7.86622,49.84122,PM10,DE
Germany,SPO.DE_DERP022_PM1_dataGroup3,7.86622,49.84122,PM10,DE
Germany,SPO.DE_DERP022_PM2_dataGroup1,7.86622,49.84122,PM2.5,DE
Germany,SPO.DE_DERP022_PM2_dataGroup1,7.86622,49.84122,PM2.5,DE
Germany,SPO.DE_DERP023_PM1_dataGroup1,8.36478,49.62877,PM10,DE
Germany,SPO.DE_DERP023_PM1_dataGroup3,8.36478,49.62877,PM10,DE
Germany,SPO.DE_DERP023_PM2_dataGroup1,8.36478,49.62877,PM2.5,DE
Germany,SPO.DE_DERP024_PM2_dataGroup1,7.59663,50.35440,PM2.5,DE
Germany,SPO.DE_DERP025_PM1_dataGroup1,8.25354,49.05228,PM10,DE
Germany,SPO.DE_DERP025_PM1_dataGroup1,8.25354,49.05228,PM10,DE
Germany,SPO.DE_DERP027_PM2_dataGroup1,8.13780,49.35560,PM2.5,DE
Germany,SPO.DE_DERP028_PM2_dataGroup1,7.72991,50.42429,PM2.5,DE
Germany,SPO.DE_DERP035_PM1_dataGroup1,7.76127,49.44172,PM10,DE
Germany,SPO.DE_DERP035_PM1_dataGroup1,7.76127,49.44172,PM10,DE
Germany,SPO.DE_DERP036_PM2_dataGroup1,6.63698,49.75013,PM2.5,DE
Germany,SPO.DE_DERP041_PM1_dataGroup1,8.44385,49.47850,PM10,DE
Germany,SPO.DE_DERP041_PM1_dataGroup1,8.44385,49.47850,PM10,DE
Germany,SPO.DE_DERP041_PM1_dataGroup2,8.44385,49.47850,PM10,DE
Germany,SPO.DE_DERP041_PM2_dataGroup1,8.44385,49.47850,PM2.5,DE
Germany,SPO.DE_DERP042_PM1_dataGroup1,7.60305,49.19994,PM10,DE
Germany,SPO.DE_DERP042_PM1_dataGroup1,7.60305,49.19994,PM10,DE
Germany,SPO.DE_DERP043_PM1_dataGroup2,7.65212,50.27511,PM10,DE
Germany,SPO.DE_DERP043_PM1_dataGroup3,7.65212,50.27511,PM10,DE
Germany,SPO.DE_DERP044_PM1_dataGroup3,7.37528,50.69944,PM10,DE
Germany,SPO.DE_DERP045_PM1_dataGroup1,7.59224,50.35937,PM10,DE
Germany,SPO.DE_DERP045_PM1_dataGroup1,7.59224,50.35937,PM10,DE
Germany,SPO.DE_DERP045_PM1_dataGroup1,7.59224,50.35937,PM10,DE
Germany,SPO.DE_DERP045_PM1_dataGroup2,7.59224,50.35937,PM10,DE
Germany,SPO.DE_DERP045_PM2_dataGroup1,7.59224,50.35937,PM2.5,DE
Germany,SPO.DE_DERP046_PM1_dataGroup1,7.46072,50.43144,PM10,DE
Germany,SPO.DE_DERP046_PM1_dataGroup1,7.46072,50.43144,PM10,DE
Germany,SPO.DE_DERP046_PM2_dataGroup1,7.46072,50.43144,PM2.5,DE
Germany,SPO.DE_DERP047_PM1_dataGroup3,6.69026,49.78402,PM10,DE
Germany,SPO.DE_DERP047_PM1_dataGroup3,6.69026,49.78402,PM10,DE
Germany,SPO.DE_DERP047_PM2_dataGroup1,6.69026,49.78402,PM2.5,DE
Germany,SPO.DE_DERP053_PM1_dataGroup3,8.42300,49.35112,PM10,DE
Germany,SPO.DE_DERP053_PM2_dataGroup1,8.42300,49.35112,PM2.5,DE
Germany,SPO.DE_DERP060_PM1_dataGroup1,7.61457,49.19200,PM10,DE
Germany,SPO.DE_DESH008_PM1_dataGroup1,10.24060,54.09323,PM10,DE
Germany,SPO.DE_DESH008_PM1_dataGroup1,10.24060,54.09323,PM10,DE
Germany,SPO.DE_DESH008_PM1_dataGroup2,10.24060,54.09323,PM10,DE
Germany,SPO.DE_DESH008_PM2_dataGroup1,10.24060,54.09323,PM2.5,DE
Germany,SPO.DE_DESH008_PM2_dataGroup1,10.24060,54.09323,PM2.5,DE
Germany,SPO.DE_DESH011_PM1_dataGroup1,9.22388,53.90882,PM10,DE
Germany,SPO.DE_DESH011_PM1_dataGroup2,9.22388,53.90882,PM10,DE
Germany,SPO.DE_DESH015_PM1_dataGroup1,9.53030,53.92442,PM10,DE
Germany,SPO.DE_DESH015_PM2_dataGroup1,9.53030,53.92442,PM2.5,DE
Germany,SPO.DE_DESH022_PM1_dataGroup1,9.43809,54.78143,PM10,DE
Germany,SPO.DE_DESH022_PM2_dataGroup1,9.43809,54.78143,PM2.5,DE
Germany,SPO.DE_DESH023_PM1_dataGroup1,10.69594,53.83549,PM10,DE
Germany,SPO.DE_DESH023_PM1_dataGroup1,10.69594,53.83549,PM10,DE
Germany,SPO.DE_DESH023_PM1_dataGroup2,10.69594,53.83549,PM10,DE
Germany,SPO.DE_DESH023_PM2_dataGroup1,10.69594,53.83549,PM2.5,DE
Germany,SPO.DE_DESH023_PM2_dataGroup1,10.69594,53.83549,PM2.5,DE
Germany,SPO.DE_DESH023_PM2_dataGroup2,10.69594,53.83549,PM2.5,DE
Germany,SPO.DE_DESH025_PM1_dataGroup1,9.51177,53.92803,PM10,DE
Germany,SPO.DE_DESH025_PM1_dataGroup1,9.51177,53.92803,PM10,DE
Germany,SPO.DE_DESH025_PM2_dataGroup1,9.51177,53.92803,PM2.5,DE
Germany,SPO.DE_DESH026_PM1_dataGroup2,10.69104,53.87292,PM10,DE
Germany,SPO.DE_DESH027_PM1_dataGroup1,10.13516,54.30468,PM10,DE
Germany,SPO.DE_DESH027_PM1_dataGroup1,10.13516,54.30468,PM10,DE
Germany,SPO.DE_DESH027_PM1_dataGroup2,10.13516,54.30468,PM10,DE
Germany,SPO.DE_DESH027_PM2_dataGroup1,10.13516,54.30468,PM2.5,DE
Germany,SPO.DE_DESH027_PM2_dataGroup1,10.13516,54.30468,PM2.5,DE
Germany,SPO.DE_DESH028_PM1_dataGroup1,10.77580,53.69894,PM10,DE
Germany,SPO.DE_DESH028_PM2_dataGroup1,10.77580,53.69894,PM2.5,DE
Germany,SPO.DE_DESH033_PM1_dataGroup2,10.11656,54.30967,PM10,DE
Germany,SPO.DE_DESH035_PM1_dataGroup1,9.15691,53.89612,PM10,DE
Germany,SPO.DE_DESH035_PM1_dataGroup2,9.15691,53.89612,PM10,DE
Germany,SPO.DE_DESH035_PM2_dataGroup1,9.15691,53.89612,PM2.5,DE
Germany,SPO.DE_DESH035_PM2_dataGroup2,9.15691,53.89612,PM2.5,DE
Germany,SPO.DE_DESH053_PM1_dataGroup1,10.67332,53.86224,PM10,DE
Germany,SPO.DE_DESH053_PM1_dataGroup1,10.67332,53.86224,PM10,DE
Germany,SPO.DE_DESH053_PM1_dataGroup2,10.67332,53.86224,PM10,DE
Germany,SPO.DE_DESH053_PM2_dataGroup1,10.67332,53.86224,PM2.5,DE
Germany,SPO.DE_DESH056_PM1_dataGroup1,9.36367,54.61667,PM10,DE
Germany,SPO.DE_DESH056_PM2_dataGroup1,9.36367,54.61667,PM2.5,DE
Germany,SPO.DE_DESH057_PM1_dataGroup1,10.10560,54.34761,PM10,DE
Germany,SPO.DE_DESH057_PM1_dataGroup1,10.10560,54.34761,PM10,DE
Germany,SPO.DE_DESH057_PM1_dataGroup2,10.10560,54.34761,PM10,DE
Germany,SPO.DE_DESH057_PM2_dataGroup1,10.10560,54.34761,PM2.5,DE
Germany,SPO.DE_DESH058_PM1_dataGroup1,10.54052,53.38234,PM10,DE
Germany,SPO.DE_DESH058_PM2_dataGroup1,10.54052,53.38234,PM2.5,DE
Germany,SPO.DE_DESL003_PM1_dataGroup1,6.73354,49.35786,PM10,DE
Germany,SPO.DE_DESL003_PM2_dataGroup1,6.73354,49.35786,PM2.5,DE
Germany,SPO.DE_DESL006_PM1_dataGroup1,6.74486,49.18361,PM10,DE
Germany,SPO.DE_DESL010_PM1_dataGroup1,6.94878,49.24425,PM10,DE
Germany,SPO.DE_DESL012_PM1_dataGroup1,6.98760,49.23346,PM10,DE
Germany,SPO.DE_DESL012_PM1_dataGroup2,6.98760,49.23346,PM10,DE
Germany,SPO.DE_DESL012_PM2_dataGroup1,6.98760,49.23346,PM2.5,DE
Germany,SPO.DE_DESL012_PM2_dataGroup1,6.98760,49.23346,PM2.5,DE
Germany,SPO.DE_DESL013_PM1_dataGroup1,6.75364,49.32265,PM10,DE
Germany,SPO.DE_DESL017_PM1_dataGroup1,6.86774,49.25434,PM10,DE
Germany,SPO.DE_DESL017_PM2_dataGroup1,6.86774,49.25434,PM2.5,DE
Germany,SPO.DE_DESL019_PM1_dataGroup1,6.55204,49.41688,PM10,DE
Germany,SPO.DE_DESL020_PM1_dataGroup1,7.00317,49.23074,PM10,DE
Germany,SPO.DE_DESL030_PM1_dataGroup1,7.16557,49.39950,PM10,DE
Germany,SPO.DE_DESN001_PM1_dataGroup1,12.99728,50.57087,PM10,DE
Germany,SPO.DE_DESN001_PM1_dataGroup2,12.99728,50.57087,PM10,DE
Germany,SPO.DE_DESN001_PM2_dataGroup1,12.99728,50.57087,PM2.5,DE
Germany,SPO.DE_DESN001_PM2_dataGroup2,12.99728,50.57087,PM2.5,DE
Germany,SPO.DE_DESN004_PM1_dataGroup1,14.44377,51.17567,PM10,DE
Germany,SPO.DE_DESN004_PM1_dataGroup1,14.44377,51.17567,PM10,DE
Germany,SPO.DE_DESN004_PM2_dataGroup1,14.44377,51.17567,PM2.5,DE
Germany,SPO.DE_DESN006_PM1_dataGroup1,12.49306,51.12500,PM10,DE
Germany,SPO.DE_DESN006_PM1_dataGroup2,12.49306,51.12500,PM10,DE
Germany,SPO.DE_DESN011_PM1_dataGroup1,12.91734,50.83246,PM10,DE
Germany,SPO.DE_DESN011_PM1_dataGroup2,12.91734,50.83246,PM10,DE
Germany,SPO.DE_DESN012_PM1_dataGroup1,12.33760,51.53024,PM10,DE
Germany,SPO.DE_DESN017_PM1_dataGroup1,13.34683,50.91630,PM10,DE
Germany,SPO.DE_DESN017_PM1_dataGroup2,13.34683,50.91630,PM10,DE
Germany,SPO.DE_DESN019_PM1_dataGroup1,12.54206,50.82600,PM10,DE
Germany,SPO.DE_DESN019_PM1_dataGroup1,12.54206,50.82600,PM10,DE
Germany,SPO.DE_DESN020_PM1_dataGroup1,14.97396,51.15580,PM10,DE
Germany,SPO.DE_DESN020_PM1_dataGroup1,14.97396,51.15580,PM10,DE
Germany,SPO.DE_DESN020_PM1_dataGroup2,14.97396,51.15580,PM10,DE
Germany,SPO.DE_DESN020_PM2_dataGroup1,14.97396,51.15580,PM2.5,DE
Germany,SPO.DE_DESN024_PM1_dataGroup1,12.46874,50.35478,PM10,DE
Germany,SPO.DE_DESN024_PM1_dataGroup1,12.46874,50.35478,PM10,DE
Germany,SPO.DE_DESN024_PM2_dataGroup1,12.46874,50.35478,PM2.5,DE
Germany,SPO.DE_DESN025_PM1_dataGroup1,12.37716,51.34416,PM10,DE
Germany,SPO.DE_DESN025_PM1_dataGroup1,12.37716,51.34416,PM10,DE
Germany,SPO.DE_DESN025_PM1_dataGroup2,12.37716,51.34416,PM10,DE
Germany,SPO.DE_DESN025_PM2_dataGroup1,12.37716,51.34416,PM2.5,DE
Germany,SPO.DE_DESN025_PM2_dataGroup2,12.37716,51.34416,PM2.5,DE
Germany,SPO.DE_DESN045_PM1_dataGroup1,14.82285,50.89238,PM10,DE
Germany,SPO.DE_DESN045_PM1_dataGroup1,14.82285,50.89238,PM10,DE
Germany,SPO.DE_DESN045_PM1_dataGroup2,14.82285,50.89238,PM10,DE
Germany,SPO.DE_DESN045_PM2_dataGroup1,14.82285,50.89238,PM2.5,DE
Germany,SPO.DE_DESN049_PM1_dataGroup1,12.61113,50.43132,PM10,DE
Germany,SPO.DE_DESN049_PM1_dataGroup1,12.61113,50.43132,PM10,DE
Germany,SPO.DE_DESN049_PM2_dataGroup1,12.61113,50.43132,PM2.5,DE
Germany,SPO.DE_DESN050_PM1_dataGroup1,14.25434,51.43689,PM10,DE
Germany,SPO.DE_DESN051_PM1_dataGroup1,13.67501,51.11951,PM10,DE
Germany,SPO.DE_DESN051_PM1_dataGroup1,13.67501,51.11951,PM10,DE
Germany,SPO.DE_DESN051_PM1_dataGroup2,13.67501,51.11951,PM10,DE
Germany,SPO.DE_DESN051_PM2_dataGroup1,13.67501,51.11951,PM2.5,DE
Germany,SPO.DE_DESN059_PM1_dataGroup1,12.29741,51.31791,PM10,DE
Germany,SPO.DE_DESN059_PM1_dataGroup1,12.29741,51.31791,PM10,DE
Germany,SPO.DE_DESN059_PM1_dataGroup2,12.29741,51.31791,PM10,DE
Germany,SPO.DE_DESN059_PM2_dataGroup1,12.29741,51.31791,PM2.5,DE
Germany,SPO.DE_DESN059_PM2_dataGroup2,12.29741,51.31791,PM2.5,DE
Germany,SPO.DE_DESN060_PM1_dataGroup1,12.93055,50.84644,PM10,DE
Germany,SPO.DE_DESN060_PM1_dataGroup2,12.93055,50.84644,PM10,DE
Germany,SPO.DE_DESN061_PM1_dataGroup1,13.74140,51.06493,PM10,DE
Germany,SPO.DE_DESN061_PM1_dataGroup1,13.74140,51.06493,PM10,DE
Germany,SPO.DE_DESN061_PM1_dataGroup2,13.74140,51.06493,PM10,DE
Germany,SPO.DE_DESN061_PM2_dataGroup1,13.74140,51.06493,PM2.5,DE
Germany,SPO.DE_DESN061_PM2_dataGroup2,13.74140,51.06493,PM2.5,DE
Germany,SPO.DE_DESN074_PM1_dataGroup1,13.46508,50.65910,PM10,DE
Germany,SPO.DE_DESN074_PM1_dataGroup1,13.46508,50.65910,PM10,DE
Germany,SPO.DE_DESN074_PM1_dataGroup2,13.46508,50.65910,PM10,DE
Germany,SPO.DE_DESN074_PM2_dataGroup1,13.46508,50.65910,PM2.5,DE
Germany,SPO.DE_DESN074_PM2_dataGroup2,13.46508,50.65910,PM2.5,DE
Germany,SPO.DE_DESN075_PM1_dataGroup1,12.13805,50.48614,PM10,DE
Germany,SPO.DE_DESN075_PM1_dataGroup1,12.13805,50.48614,PM10,DE
Germany,SPO.DE_DESN075_PM1_dataGroup2,12.13805,50.48614,PM10,DE
Germany,SPO.DE_DESN075_PM2_dataGroup1,12.13805,50.48614,PM2.5,DE
Germany,SPO.DE_DESN076_PM1_dataGroup1,13.00941,51.30377,PM10,DE
Germany,SPO.DE_DESN076_PM1_dataGroup1,13.00941,51.30377,PM10,DE
Germany,SPO.DE_DESN076_PM1_dataGroup2,13.00941,51.30377,PM10,DE
Germany,SPO.DE_DESN076_PM2_dataGroup1,13.00941,51.30377,PM2.5,DE
Germany,SPO.DE_DESN076_PM2_dataGroup2,13.00941,51.30377,PM2.5,DE
Germany,SPO.DE_DESN077_PM1_dataGroup1,12.33469,51.33587,PM10,DE
Germany,SPO.DE_DESN077_PM1_dataGroup1,12.33469,51.33587,PM10,DE
Germany,SPO.DE_DESN077_PM1_dataGroup2,12.33469,51.33587,PM10,DE
Germany,SPO.DE_DESN079_PM1_dataGroup1,14.74973,51.28536,PM10,DE
Germany,SPO.DE_DESN079_PM1_dataGroup1,14.74973,51.28536,PM10,DE
Germany,SPO.DE_DESN079_PM1_dataGroup2,14.74973,51.28536,PM10,DE
Germany,SPO.DE_DESN079_PM2_dataGroup1,14.74973,51.28536,PM2.5,DE
Germany,SPO.DE_DESN079_PM2_dataGroup2,14.74973,51.28536,PM2.5,DE
Germany,SPO.DE_DESN083_PM1_dataGroup1,12.90337,50.84574,PM10,DE
Germany,SPO.DE_DESN083_PM1_dataGroup1,12.90337,50.84574,PM10,DE
Germany,SPO.DE_DESN083_PM1_dataGroup2,12.90337,50.84574,PM10,DE
Germany,SPO.DE_DESN083_PM2_dataGroup1,12.90337,50.84574,PM2.5,DE
Germany,SPO.DE_DESN083_PM2_dataGroup2,12.90337,50.84574,PM2.5,DE
Germany,SPO.DE_DESN084_PM1_dataGroup1,13.73161,51.02629,PM10,DE
Germany,SPO.DE_DESN084_PM1_dataGroup1,13.73161,51.02629,PM10,DE
Germany,SPO.DE_DESN084_PM1_dataGroup2,13.73161,51.02629,PM10,DE
Germany,SPO.DE_DESN084_PM2_dataGroup1,13.73161,51.02629,PM2.5,DE
Germany,SPO.DE_DESN084_PM2_dataGroup2,13.73161,51.02629,PM2.5,DE
Germany,SPO.DE_DESN091_PM1_dataGroup1,12.48662,50.72041,PM10,DE
Germany,SPO.DE_DESN091_PM1_dataGroup1,12.48662,50.72041,PM10,DE
Germany,SPO.DE_DESN091_PM1_dataGroup2,12.48662,50.72041,PM10,DE
Germany,SPO.DE_DESN091_PM2_dataGroup1,12.48662,50.72041,PM2.5,DE
Germany,SPO.DE_DESN092_PM1_dataGroup1,13.73021,51.03611,PM10,DE
Germany,SPO.DE_DESN092_PM1_dataGroup1,13.73021,51.03611,PM10,DE
Germany,SPO.DE_DESN092_PM1_dataGroup2,13.73021,51.03611,PM10,DE
Germany,SPO.DE_DESN092_PM2_dataGroup1,13.73021,51.03611,PM2.5,DE
Germany,SPO.DE_DESN092_PM2_dataGroup2,13.73021,51.03611,PM2.5,DE
Germany,SPO.DE_DESN093_PM1_dataGroup1,12.21111,50.60814,PM10,DE
Germany,SPO.DE_DESN093_PM1_dataGroup1,12.21111,50.60814,PM10,DE
Germany,SPO.DE_DESN093_PM1_dataGroup2,12.21111,50.60814,PM10,DE
Germany,SPO.DE_DESN093_PM2_dataGroup1,12.21111,50.60814,PM2.5,DE
Germany,SPO.DE_DESN104_PM1_dataGroup2,12.95937,50.85519,PM10,DE
Germany,SPO.DE_DESN130_PM1_dataGroup1,13.13220,51.35258,PM10,DE
Germany,SPO.DE_DESN130_PM1_dataGroup2,13.13220,51.35258,PM10,DE
Germany,SPO.DE_DESN130_PM2_dataGroup1,13.13220,51.35258,PM2.5,DE
Germany,SPO.DE_DESN130_PM2_dataGroup2,13.13220,51.35258,PM2.5,DE
Germany,SPO.DE_DEST002_PM1_dataGroup1,11.86476,52.26835,PM10,DE
Germany,SPO.DE_DEST002_PM1_dataGroup1,11.86476,52.26835,PM10,DE
Germany,SPO.DE_DEST002_PM1_dataGroup2,11.86476,52.26835,PM10,DE
Germany,SPO.DE_DEST002_PM1_dataGroup2,11.86476,52.26835,PM10,DE
Germany,SPO.DE_DEST002_PM2_dataGroup1,11.86476,52.26835,PM2.5,DE
Germany,SPO.DE_DEST002_PM2_dataGroup1,11.86476,52.26835,PM2.5,DE
Germany,SPO.DE_DEST011_PM1_dataGroup1,10.79014,51.83938,PM10,DE
Germany,SPO.DE_DEST011_PM1_dataGroup1,10.79014,51.83938,PM10,DE
Germany,SPO.DE_DEST011_PM1_dataGroup1,10.79014,51.83938,PM10,DE
Germany,SPO.DE_DEST011_PM2_dataGroup1,10.79014,51.83938,PM2.5,DE
Germany,SPO.DE_DEST015_PM1_dataGroup1,12.30287,51.65117,PM10,DE
Germany,SPO.DE_DEST015_PM1_dataGroup1,12.30287,51.65117,PM10,DE
Germany,SPO.DE_DEST015_PM2_dataGroup1,12.30287,51.65117,PM2.5,DE
Germany,SPO.DE_DEST028_PM1_dataGroup1,12.14132,51.05456,PM10,DE
Germany,SPO.DE_DEST029_PM1_dataGroup1,11.73896,51.80353,PM10,DE
Germany,SPO.DE_DEST029_PM1_dataGroup1,11.73896,51.80353,PM10,DE
Germany,SPO.DE_DEST029_PM2_dataGroup1,11.73896,51.80353,PM2.5,DE
Germany,SPO.DE_DEST044_PM1_dataGroup1,11.05744,51.89698,PM10,DE
Germany,SPO.DE_DEST044_PM1_dataGroup1,11.05744,51.89698,PM10,DE
Germany,SPO.DE_DEST044_PM2_dataGroup1,11.05744,51.89698,PM2.5,DE
Germany,SPO.DE_DEST044_PM2_dataGroup1,11.05744,51.89698,PM2.5,DE
Germany,SPO.DE_DEST050_PM1_dataGroup1,11.97906,51.49619,PM10,DE
Germany,SPO.DE_DEST050_PM2_dataGroup1,11.97906,51.49619,PM2.5,DE
Germany,SPO.DE_DEST057_PM1_dataGroup1,11.64259,52.10337,PM10,DE
Germany,SPO.DE_DEST063_PM1_dataGroup1,11.86436,52.59848,PM10,DE
Germany,SPO.DE_DEST066_PM1_dataGroup1,12.66366,51.87085,PM10,DE
Germany,SPO.DE_DEST066_PM1_dataGroup1,12.66366,51.87085,PM10,DE
Germany,SPO.DE_DEST066_PM2_dataGroup1,12.66366,51.87085,PM2.5,DE
Germany,SPO.DE_DEST068_PM1_dataGroup1,12.38908,51.62938,PM10,DE
Germany,SPO.DE_DEST075_PM1_dataGroup1,11.98341,51.47516,PM10,DE
Germany,SPO.DE_DEST075_PM1_dataGroup2,11.98341,51.47516,PM10,DE
Germany,SPO.DE_DEST075_PM1_dataGroup2,11.98341,51.47516,PM10,DE
Germany,SPO.DE_DEST075_PM2_dataGroup1,11.98341,51.47516,PM2.5,DE
Germany,SPO.DE_DEST076_PM1_dataGroup2,11.62337,52.13202,PM10,DE
Germany,SPO.DE_DEST077_PM1_dataGroup1,11.61146,52.12790,PM10,DE
Germany,SPO.DE_DEST077_PM2_dataGroup1,11.61146,52.12790,PM2.5,DE
Germany,SPO.DE_DEST081_PM1_dataGroup1,11.97442,51.20175,PM10,DE
Germany,SPO.DE_DEST089_PM1_dataGroup1,11.17233,52.59314,PM10,DE
Germany,SPO.DE_DEST089_PM1_dataGroup1,11.17233,52.59314,PM10,DE
Germany,SPO.DE_DEST089_PM2_dataGroup1,11.17233,52.59314,PM2.5,DE
Germany,SPO.DE_DEST090_PM1_dataGroup1,12.03214,51.32136,PM10,DE
Germany,SPO.DE_DEST091_PM1_dataGroup1,12.24476,51.84058,PM10,DE
Germany,SPO.DE_DEST092_PM1_dataGroup1,12.59827,51.86747,PM10,DE
Germany,SPO.DE_DEST092_PM1_dataGroup1,12.59827,51.86747,PM10,DE
Germany,SPO.DE_DEST092_PM1_dataGroup2,12.59827,51.86747,PM10,DE
Germany,SPO.DE_DEST092_PM1_dataGroup2,12.59827,51.86747,PM10,DE
Germany,SPO.DE_DEST092_PM2_dataGroup1,12.59827,51.86747,PM2.5,DE
Germany,SPO.DE_DEST095_PM1_dataGroup1,11.44947,51.75952,PM10,DE
Germany,SPO.DE_DEST095_PM1_dataGroup2,11.44947,51.75952,PM10,DE
Germany,SPO.DE_DEST095_PM1_dataGroup2,11.44947,51.75952,PM10,DE
Germany,SPO.DE_DEST097_PM1_dataGroup1,11.51195,51.62594,PM10,DE
Germany,SPO.DE_DEST098_PM1_dataGroup1,11.04339,51.66243,PM10,DE
Germany,SPO.DE_DEST098_PM1_dataGroup1,11.04339,51.66243,PM10,DE
Germany,SPO.DE_DEST098_PM2_dataGroup1,11.04339,51.66243,PM2.5,DE
Germany,SPO.DE_DEST098_PM2_dataGroup1,11.04339,51.66243,PM2.5,DE
Germany,SPO.DE_DEST099_PM1_dataGroup1,11.63116,52.13120,PM10,DE
Germany,SPO.DE_DEST099_PM1_dataGroup2,11.63116,52.13120,PM10,DE
Germany,SPO.DE_DEST099_PM2_dataGroup2,11.63116,52.13120,PM2.5,DE
Germany,SPO.DE_DEST099_PM2_dataGroup2,11.63116,52.13120,PM2.5,DE
Germany,SPO.DE_DEST101_PM1_dataGroup2,11.05595,51.88954,PM10,DE
Germany,SPO.DE_DEST101_PM1_dataGroup2,11.05595,51.88954,PM10,DE
Germany,SPO.DE_DEST102_PM1_dataGroup1,11.98131,51.49476,PM10,DE
Germany,SPO.DE_DEST102_PM1_dataGroup1,11.98131,51.49476,PM10,DE
Germany,SPO.DE_DEST102_PM1_dataGroup2,11.98131,51.49476,PM10,DE
Germany,SPO.DE_DEST102_PM1_dataGroup2,11.98131,51.49476,PM10,DE
Germany,SPO.DE_DEST102_PM2_dataGroup1,11.98131,51.49476,PM2.5,DE
Germany,SPO.DE_DEST102_PM2_dataGroup2,11.98131,51.49476,PM2.5,DE
Germany,SPO.DE_DEST103_PM1_dataGroup1,11.63267,52.12076,PM10,DE
Germany,SPO.DE_DEST103_PM1_dataGroup1,11.63267,52.12076,PM10,DE
Germany,SPO.DE_DEST103_PM2_dataGroup1,11.63267,52.12076,PM2.5,DE
Germany,SPO.DE_DEST103_PM2_dataGroup2,11.63267,52.12076,PM2.5,DE
Germany,SPO.DE_DEST104_PM1_dataGroup1,11.89141,51.83731,PM10,DE
Germany,SPO.DE_DEST104_PM1_dataGroup1,11.89141,51.83731,PM10,DE
Germany,SPO.DE_DEST104_PM1_dataGroup2,11.89141,51.83731,PM10,DE
Germany,SPO.DE_DEST104_PM1_dataGroup2,11.89141,51.83731,PM10,DE
Germany,SPO.DE_DEST104_PM2_dataGroup1,11.89141,51.83731,PM2.5,DE
Germany,SPO.DE_DEST104_PM2_dataGroup1,11.89141,51.83731,PM2.5,DE
Germany,SPO.DE_DEST105_PM1_dataGroup1,11.85027,52.60206,PM10,DE
Germany,SPO.DE_DEST105_PM1_dataGroup1,11.85027,52.60206,PM10,DE
Germany,SPO.DE_DEST106_PM1_dataGroup1,11.09108,51.45607,PM10,DE
Germany,SPO.DE_DEST108_PM1_dataGroup1,11.96096,51.19725,PM10,DE
Germany,SPO.DE_DEST108_PM2_dataGroup1,11.96096,51.19725,PM2.5,DE
Germany,SPO.DE_DEST112_PM1_dataGroup1,11.63192,52.13174,PM10,DE
Germany,SPO.DE_DEST112_PM1_dataGroup2,11.63192,52.13174,PM10,DE
Germany,SPO.DE_DEST112_PM2_dataGroup1,11.63192,52.13174,PM2.5,DE
Germany,SPO.DE_DEST112_PM2_dataGroup2,11.63192,52.13174,PM2.5,DE
Germany,SPO.DE_DEST133_PM1_dataGroup1,11.98385,51.47578,PM10,DE
Germany,SPO.DE_DEST133_PM1_dataGroup1,11.98385,51.47578,PM10,DE
Germany,SPO.DE_DEST133_PM1_dataGroup2,11.98385,51.47578,PM10,DE
Germany,SPO.DE_DEST133_PM2_dataGroup1,11.98385,51.47578,PM2.5,DE
Germany,SPO.DE_DEST133_PM2_dataGroup1,11.98385,51.47578,PM2.5,DE
Germany,SPO.DE_DEST134_PM1_dataGroup1,12.23869,51.88576,PM10,DE
Germany,SPO.DE_DEST134_PM2_dataGroup1,12.23869,51.88576,PM2.5,DE
Germany,SPO.DE_DETH005_PM1_dataGroup1,11.36888,50.65118,PM10,DE
Germany,SPO.DE_DETH005_PM1_dataGroup1,11.36888,50.65118,PM10,DE
Germany,SPO.DE_DETH005_PM1_dataGroup1,11.36888,50.65118,PM10,DE
Germany,SPO.DE_DETH005_PM2_dataGroup1,11.36888,50.65118,PM2.5,DE
Germany,SPO.DE_DETH009_PM1_dataGroup1,12.07490,50.87792,PM10,DE
Germany,SPO.DE_DETH009_PM1_dataGroup1,12.07490,50.87792,PM10,DE
Germany,SPO.DE_DETH009_PM2_dataGroup1,12.07490,50.87792,PM2.5,DE
Germany,SPO.DE_DETH011_PM1_dataGroup1,12.43762,50.98776,PM10,DE
Germany,SPO.DE_DETH011_PM1_dataGroup1,12.43762,50.98776,PM10,DE
Germany,SPO.DE_DETH011_PM1_dataGroup1,12.43762,50.98776,PM10,DE
Germany,SPO.DE_DETH011_PM2_dataGroup1,12.43762,50.98776,PM2.5,DE
Germany,SPO.DE_DETH013_PM1_dataGroup1,10.31724,50.97829,PM10,DE
Germany,SPO.DE_DETH013_PM2_dataGroup1,10.31724,50.97829,PM2.5,DE
Germany,SPO.DE_DETH018_PM1_dataGroup1,10.79140,51.49719,PM10,DE
Germany,SPO.DE_DETH018_PM1_dataGroup1,10.79140,51.49719,PM10,DE
Germany,SPO.DE_DETH018_PM1_dataGroup1,10.79140,51.49719,PM10,DE
Germany,SPO.DE_DETH018_PM2_dataGroup1,10.79140,51.49719,PM2.5,DE
Germany,SPO.DE_DETH020_PM1_dataGroup1,11.03792,50.97946,PM10,DE
Germany,SPO.DE_DETH020_PM1_dataGroup1,11.03792,50.97946,PM10,DE
Germany,SPO.DE_DETH020_PM2_dataGroup1,11.03792,50.97946,PM2.5,DE
Germany,SPO.DE_DETH020_PM2_dataGroup1,11.03792,50.97946,PM2.5,DE
Germany,SPO.DE_DETH020_PM2_dataGroup1,11.03792,50.97946,PM2.5,DE
Germany,SPO.DE_DETH026_PM1_dataGroup1,10.37530,50.56175,PM10,DE
Germany,SPO.DE_DETH026_PM1_dataGroup1,10.37530,50.56175,PM10,DE
Germany,SPO.DE_DETH026_PM2_dataGroup1,10.37530,50.56175,PM2.5,DE
Germany,SPO.DE_DETH027_PM1_dataGroup1,11.13459,50.49995,PM10,DE
Germany,SPO.DE_DETH027_PM1_dataGroup1,11.13459,50.49995,PM10,DE
Germany,SPO.DE_DETH027_PM2_dataGroup1,11.13459,50.49995,PM2.5,DE
Germany,SPO.DE_DETH036_PM1_dataGroup1,12.20520,50.65586,PM10,DE
Germany,SPO.DE_DETH036_PM1_dataGroup1,12.20520,50.65586,PM10,DE
Germany,SPO.DE_DETH036_PM1_dataGroup1,12.20520,50.65586,PM10,DE
Germany,SPO.DE_DETH036_PM2_dataGroup1,12.20520,50.65586,PM2.5,DE
Germany,SPO.DE_DETH036_PM2_dataGroup1,12.20520,50.65586,PM2.5,DE
Germany,SPO.DE_DETH036_PM2_dataGroup1,12.20520,50.65586,PM2.5,DE
Germany,SPO.DE_DETH040_PM1_dataGroup2,10.78714,50.61918,PM10,DE
Germany,SPO.DE_DETH040_PM2_dataGroup2,10.78714,50.61918,PM2.5,DE
Germany,SPO.DE_DETH041_PM1_dataGroup1,11.59706,50.93351,PM10,DE
Germany,SPO.DE_DETH041_PM1_dataGroup1,11.59706,50.93351,PM10,DE
Germany,SPO.DE_DETH041_PM1_dataGroup1,11.59706,50.93351,PM10,DE
Germany,SPO.DE_DETH041_PM2_dataGroup1,11.59706,50.93351,PM2.5,DE
Germany,SPO.DE_DETH042_PM1_dataGroup1,10.86719,51.33333,PM10,DE
Germany,SPO.DE_DETH042_PM1_dataGroup1,10.86719,51.33333,PM10,DE
Germany,SPO.DE_DETH042_PM1_dataGroup1,10.86719,51.33333,PM10,DE
Germany,SPO.DE_DETH042_PM2_dataGroup1,10.86719,51.33333,PM2.5,DE
Germany,SPO.DE_DETH042_PM2_dataGroup2,10.86719,51.33333,PM2.5,DE
Germany,SPO.DE_DETH042_PM2_dataGroup3,10.86719,51.33333,PM2.5,DE
Germany,SPO.DE_DETH043_PM1_dataGroup1,11.01935,50.98487,PM10,DE
Germany,SPO.DE_DETH043_PM1_dataGroup1,11.01935,50.98487,PM10,DE
Germany,SPO.DE_DETH043_PM1_dataGroup3,11.01935,50.98487,PM10,DE
Germany,SPO.DE_DETH043_PM2_dataGroup1,11.01935,50.98487,PM2.5,DE
Germany,SPO.DE_DETH060_PM1_dataGroup1,10.66864,50.65324,PM10,DE
Germany,SPO.DE_DETH060_PM1_dataGroup1,10.66864,50.65324,PM10,DE
Germany,SPO.DE_DETH060_PM2_dataGroup1,10.66864,50.65324,PM2.5,DE
Germany,SPO.DE_DETH060_PM2_dataGroup1,10.66864,50.65324,PM2.5,DE
Germany,SPO.DE_DETH061_PM1_dataGroup1,11.66123,50.79162,PM10,DE
Germany,SPO.DE_DETH061_PM1_dataGroup1,11.66123,50.79162,PM10,DE
Germany,SPO.DE_DETH061_PM1_dataGroup1,11.66123,50.79162,PM10,DE
Germany,SPO.DE_DETH061_PM2_dataGroup1,11.66123,50.79162,PM2.5,DE
Germany,SPO.DE_DETH061_PM2_dataGroup3,11.66123,50.79162,PM2.5,DE
Germany,SPO.DE_DETH072_PM1_dataGroup1,10.69309,50.61153,PM10,DE
Germany,SPO.DE_DETH072_PM1_dataGroup1,10.69309,50.61153,PM10,DE
Germany,SPO.DE_DETH072_PM1_dataGroup1,10.69309,50.61153,PM10,DE
Germany,SPO.DE_DETH072_PM2_dataGroup1,10.69309,50.61153,PM2.5,DE
Germany,SPO.DE_DETH081_PM1_dataGroup1,11.01045,50.97233,PM10,DE
Germany,SPO.DE_DETH081_PM1_dataGroup1,11.01045,50.97233,PM10,DE
Germany,SPO.DE_DETH081_PM2_dataGroup1,11.01045,50.97233,PM2.5,DE
Germany,SPO.DE_DETH081_PM2_dataGroup1,11.01045,50.97233,PM2.5,DE
Germany,SPO.DE_DETH082_PM1_dataGroup2,11.58978,50.93637,PM10,DE
Germany,SPO.DE_DETH083_PM1_dataGroup1,11.32607,50.97746,PM10,DE
Germany,SPO.DE_DETH083_PM1_dataGroup1,11.32607,50.97746,PM10,DE
Germany,SPO.DE_DETH083_PM1_dataGroup2,11.32607,50.97746,PM10,DE
Germany,SPO.DE_DETH083_PM2_dataGroup1,11.32607,50.97746,PM2.5,DE
Germany,SPO.DE_DETH083_PM2_dataGroup1,11.32607,50.97746,PM2.5,DE
Germany,SPO.DE_DETH084_PM1_dataGroup1,11.32579,50.98328,PM10,DE
Germany,SPO.DE_DETH084_PM1_dataGroup1,11.32579,50.98328,PM10,DE
Germany,SPO.DE_DETH091_PM1_dataGroup1,10.44843,51.20523,PM10,DE
Germany,SPO.DE_DETH091_PM1_dataGroup1,10.44843,51.20523,PM10,DE
Germany,SPO.DE_DETH091_PM1_dataGroup1,10.44843,51.20523,PM10,DE
Germany,SPO.DE_DETH091_PM2_dataGroup1,10.44843,51.20523,PM2.5,DE
Germany,SPO.DE_DETH093_PM1_dataGroup1,11.32102,50.98219,PM10,DE
Germany,SPO.DE_DETH093_PM1_dataGroup1,11.32102,50.98219,PM10,DE
Germany,SPO.DE_DETH093_PM1_dataGroup1,11.32102,50.98219,PM10,DE
Germany,SPO.DE_DETH093_PM2_dataGroup1,11.32102,50.98219,PM2.5,DE
Germany,SPO.DE_DETH094_PM1_dataGroup1,10.46584,51.20853,PM10,DE
Germany,SPO.DE_DETH094_PM1_dataGroup1,10.46584,51.20853,PM10,DE
Germany,SPO.DE_DETH095_PM1_dataGroup1,10.45100,51.20794,PM10,DE
Germany,SPO.DE_DETH095_PM1_dataGroup1,10.45100,51.20794,PM10,DE
Germany,SPO.DE_DETH095_PM1_dataGroup1,10.45100,51.20794,PM10,DE
Germany,SPO.DE_DETH095_PM2_dataGroup1,10.45100,51.20794,PM2.5,DE
Germany,SPO.DE_DETH096_PM1_dataGroup1,11.12073,51.16808,PM10,DE
Germany,SPO.DE_DETH117_PM1_dataGroup1,11.05658,50.99313,PM10,DE
Germany,SPO.DE_DETH117_PM1_dataGroup1,11.05658,50.99313,PM10,DE
Germany,SPO.DE_DETH117_PM2_dataGroup1,11.05658,50.99313,PM2.5,DE
Germany,SPO.DE_DEUB001_PM1_dataGroup1,8.30802,54.92313,PM10,DE
Germany,SPO.DE_DEUB001_PM1_dataGroup1,8.30802,54.92313,PM10,DE
Germany,SPO.DE_DEUB001_PM1_dataGroup1,8.30802,54.92313,PM10,DE
Germany,SPO.DE_DEUB001_PM1_dataGroup2,8.30802,54.92313,PM10,DE
Germany,SPO.DE_DEUB001_PM2_dataGroup1,8.30802,54.92313,PM2.5,DE
Germany,SPO.DE_DEUB004_PM1_dataGroup1,7.90398,47.91287,PM10,DE
Germany,SPO.DE_DEUB004_PM1_dataGroup1,7.90398,47.91287,PM10,DE
Germany,SPO.DE_DEUB004_PM1_dataGroup1,7.90398,47.91287,PM10,DE
Germany,SPO.DE_DEUB004_PM1_dataGroup2,7.90398,47.91287,PM10,DE
Germany,SPO.DE_DEUB004_PM2_dataGroup1,7.90398,47.91287,PM2.5,DE
Germany,SPO.DE_DEUB004_PM2_dataGroup2,7.90398,47.91287,PM2.5,DE
Germany,SPO.DE_DEUB004_PM2_dataGroup3,7.90398,47.91287,PM2.5,DE
Germany,SPO.DE_DEUB005_PM0_dataGroup2,10.75613,52.80088,PM1,DE
Germany,SPO.DE_DEUB005_PM1_dataGroup1,10.75613,52.80088,PM10,DE
Germany,SPO.DE_DEUB005_PM1_dataGroup1,10.75613,52.80088,PM10,DE
Germany,SPO.DE_DEUB005_PM1_dataGroup1,10.75613,52.80088,PM10,DE
Germany,SPO.DE_DEUB005_PM1_dataGroup2,10.75613,52.80088,PM10,DE
Germany,SPO.DE_DEUB005_PM2_dataGroup1,10.75613,52.80088,PM2.5,DE
Germany,SPO.DE_DEUB005_PM2_dataGroup1,10.75613,52.80088,PM2.5,DE
Germany,SPO.DE_DEUB005_PM2_dataGroup2,10.75613,52.80088,PM2.5,DE
Germany,SPO.DE_DEUB005_PM2_dataGroup3,10.75613,52.80088,PM2.5,DE
Germany,SPO.DE_DEUB028_PM1_dataGroup1,12.72496,54.43684,PM10,DE
Germany,SPO.DE_DEUB028_PM1_dataGroup1,12.72496,54.43684,PM10,DE
Germany,SPO.DE_DEUB028_PM1_dataGroup1,12.72496,54.43684,PM10,DE
Germany,SPO.DE_DEUB028_PM1_dataGroup2,12.72496,54.43684,PM10,DE
Germany,SPO.DE_DEUB028_PM2_dataGroup1,12.72496,54.43684,PM2.5,DE
Germany,SPO.DE_DEUB029_PM1_dataGroup1,10.76939,50.65455,PM10,DE
Germany,SPO.DE_DEUB029_PM1_dataGroup1,10.76939,50.65455,PM10,DE
Germany,SPO.DE_DEUB029_PM1_dataGroup1,10.76939,50.65455,PM10,DE
Germany,SPO.DE_DEUB029_PM1_dataGroup2,10.76939,50.65455,PM10,DE
Germany,SPO.DE_DEUB029_PM2_dataGroup1,10.76939,50.65455,PM2.5,DE
Germany,SPO.DE_DEUB029_PM2_dataGroup2,10.76939,50.65455,PM2.5,DE
Germany,SPO.DE_DEUB029_PM2_dataGroup3,10.76939,50.65455,PM2.5,DE
Germany,SPO.DE_DEUB030_PM1_dataGroup1,13.03228,53.14234,PM10,DE
Germany,SPO.DE_DEUB030_PM1_dataGroup1,13.03228,53.14234,PM10,DE
Germany,SPO.DE_DEUB030_PM1_dataGroup1,13.03228,53.14234,PM10,DE
Germany,SPO.DE_DEUB030_PM1_dataGroup2,13.03228,53.14234,PM10,DE
Germany,SPO.DE_DEUB030_PM2_dataGroup1,13.03228,53.14234,PM2.5,DE
Germany,SPO.DE_DEUB030_PM2_dataGroup2,13.03228,53.14234,PM2.5,DE
Germany,SPO.DE_DEUB030_PM2_dataGroup3,13.03228,53.14234,PM2.5,DE
Germany,SPO.DE_DEUB044_PM1_dataGroup1,10.98066,47.41444,PM10,DE
Germany,SPO.DE_DEUB044_PM1_dataGroup2,10.98066,47.41444,PM10,DE
Denmark,SPO-DK0012R_00005_101,12.08890,55.69420,PM10,DK
Denmark,SPO-DK0012R_00005_101,12.08890,55.69420,PM10,DK
Denmark,SPO-DK0012R_00005_102,12.08890,55.69420,PM10,DK
Denmark,SPO-DK0012R_06001_100,12.08890,55.69420,PM2.5,DK
Denmark,SPO-DK0012R_06001_100,12.08890,55.69420,PM2.5,DK
Denmark,SPO-DK0012R_06001_101,12.08890,55.69420,PM2.5,DK
Denmark,SPO-DK0012R_06001_101,12.08890,55.69420,PM2.5,DK
Denmark,SPO-DK0012R_06001_103,12.08890,55.69420,PM2.5,DK
Denmark,SPO-DK0021A_00005_101,9.91751,57.05222,PM10,DK
Denmark,SPO-DK0021A_06001_100,9.91751,57.05222,PM2.5,DK
Denmark,SPO-DK0030A_00005_103,12.55334,55.69833,PM10,DK
Denmark,SPO-DK0030A_00005_103,12.55334,55.69833,PM10,DK
Denmark,SPO-DK0030A_00005_105,12.55334,55.69833,PM10,DK
Denmark,SPO-DK0030A_06001_101,12.55334,55.69833,PM2.5,DK
Denmark,SPO-DK0030A_06001_101,12.55334,55.69833,PM2.5,DK
Denmark,SPO-DK0030A_06001_101,12.55334,55.69833,PM2.5,DK
Denmark,SPO-DK0030A_06001_101,12.55334,55.69833,PM2.5,DK
Denmark,SPO-DK0030A_06001_101,12.55334,55.69833,PM2.5,DK
Denmark,SPO-DK0030A_06001_104,12.55334,55.69833,PM2.5,DK
Denmark,SPO-DK0031A_00005_101,10.39380,55.39445,PM10,DK
Denmark,SPO-DK0034A_00005_100,12.57110,55.67430,PM10,DK
Denmark,SPO-DK0034A_00005_100,12.57110,55.67430,PM10,DK
Denmark,SPO-DK0034A_00005_101,12.57110,55.67430,PM10,DK
Denmark,SPO-DK0034A_00005_101,12.57110,55.67430,PM10,DK
Denmark,SPO-DK0034A_00005_103,12.57110,55.67430,PM10,DK
Denmark,SPO-DK0034A_06001_100,12.57110,55.67430,PM2.5,DK
Denmark,SPO-DK0034A_06001_100,12.57110,55.67430,PM2.5,DK
Denmark,SPO-DK0034A_06001_101,12.57110,55.67430,PM2.5,DK
Denmark,SPO-DK0034A_06001_101,12.57110,55.67430,PM2.5,DK
Denmark,SPO-DK0034A_06001_103,12.57110,55.67430,PM2.5,DK
Denmark,SPO-DK0034A_06001_104,12.57110,55.67430,PM2.5,DK
Denmark,SPO-DK0045A_00005_103,12.56140,55.70028,PM10,DK
Denmark,SPO-DK0045A_00005_104,12.56140,55.70028,PM10,DK
Denmark,SPO-DK0045A_06001_100,12.56140,55.70028,PM2.5,DK
Denmark,SPO-DK0045A_06001_100,12.56140,55.70028,PM2.5,DK
Denmark,SPO-DK0045A_06001_101,12.56140,55.70028,PM2.5,DK
Denmark,SPO-DK0045A_06001_101,12.56140,55.70028,PM2.5,DK
Denmark,SPO-DK0045A_06001_103,12.56140,55.70028,PM2.5,DK
Denmark,SPO-DK0046A_00005_101,10.38917,55.39639,PM10,DK
Denmark,SPO-DK0051A_00005_101,10.20084,56.15056,PM10,DK
Denmark,SPO-DK0051A_00005_101,10.20084,56.15056,PM10,DK
Denmark,SPO-DK0051A_00005_102,10.20084,56.15056,PM10,DK
Denmark,SPO-DK0051A_00005_103,10.20084,56.15056,PM10,DK
Denmark,SPO-DK0051A_00005_104,10.20084,56.15056,PM10,DK
Denmark,SPO-DK0051A_06001_100,10.20084,56.15056,PM2.5,DK
Denmark,SPO-DK0051A_06001_100,10.20084,56.15056,PM2.5,DK
Denmark,SPO-DK0051A_06001_101,10.20084,56.15056,PM2.5,DK
Denmark,SPO-DK0052A_00005_101,10.19724,56.15111,PM10,DK
Denmark,SPO-DK0052A_06001_100,10.19724,56.15111,PM2.5,DK
Denmark,SPO-DK0052A_06001_100,10.19724,56.15111,PM2.5,DK
Denmark,SPO-DK0053A_00005_101,9.93085,57.04667,PM10,DK
Denmark,SPO-DK0053A_06001_100,9.93085,57.04667,PM2.5,DK
Denmark,SPO-DK0053A_06001_100,9.93085,57.04667,PM2.5,DK
Denmark,SPO-DK0053A_06001_101,9.93085,57.04667,PM2.5,DK
Denmark,SPO-DK0054A_00005_100,10.71552,54.75447,PM10,DK
Denmark,SPO-DK0054A_00005_100,10.71552,54.75447,PM10,DK
Denmark,SPO-DK0054A_00005_101,10.71552,54.75447,PM10,DK
Denmark,SPO-DK0054A_00005_101,10.71552,54.75447,PM10,DK
Denmark,SPO-DK0056A_06001_100,10.19364,56.15976,PM2.5,DK
Denmark,SPO-DK0057A_06001_100,12.46330,55.63200,PM2.5,DK
Denmark,SPO-DK0058A_00005_100,10.36690,55.39800,PM10,DK
Denmark,SPO-DK0059A_06001_100,9.91500,57.04528,PM2.5,DK
Denmark,SPO-DK0060A_06001_100,12.46170,55.63750,PM2.5,DK
France,SPO-FR04001_5,2.26920,48.82250,PM10,FR
France,SPO-FR04002_5,2.29435,48.93032,PM10,FR
France,SPO-FR04002_5,2.29435,48.93032,PM10,FR
France,SPO-FR04002_5,2.29435,48.93032,PM10,FR
France,SPO-FR04002_6001,2.29435,48.93032,PM2.5,FR
France,SPO-FR04002_6001,2.29435,48.93032,PM2.5,FR
France,SPO-FR04002_6001,2.29435,48.93032,PM2.5,FR
France,SPO-FR04004_5,2.34667,48.89167,PM10,FR
France,SPO-FR04004_5,2.34667,48.89167,PM10,FR
France,SPO-FR04004_5,2.34667,48.89167,PM10,FR
France,SPO-FR04004_6001,2.34667,48.89167,PM2.5,FR
France,SPO-FR04004_6001,2.34667,48.89167,PM2.5,FR
France,SPO-FR04012_5,2.32750,48.82778,PM10,FR
France,SPO-FR04023_5,2.04306,49.04639,PM10,FR
France,SPO-FR04024_5,2.44472,48.99083,PM10,FR
France,SPO-FR04024_5,2.44472,48.99083,PM10,FR
France,SPO-FR04024_6001,2.44472,48.99083,PM2.5,FR
France,SPO-FR04031_5,2.31123,48.86877,PM10,FR
France,SPO-FR04031_6001,2.31123,48.86877,PM2.5,FR
France,SPO-FR04034_5,2.37579,48.77590,PM10,FR
France,SPO-FR04034_5,2.37579,48.77590,PM10,FR
France,SPO-FR04034_6001,2.37579,48.77590,PM2.5,FR
France,SPO-FR04034_6001,2.37579,48.77590,PM2.5,FR
France,SPO-FR04048_5,2.34389,49.10028,PM10,FR
France,SPO-FR04048_6001,2.34389,49.10028,PM2.5,FR
France,SPO-FR04048_6001,2.34389,49.10028,PM2.5,FR
France,SPO-FR04055_5,2.34462,48.86212,PM10,FR
France,SPO-FR04055_5,2.34462,48.86212,PM10,FR
France,SPO-FR04055_5,2.34462,48.86212,PM10,FR
France,SPO-FR04055_5,2.34462,48.86212,PM10,FR
France,SPO-FR04055_6001,2.34462,48.86212,PM2.5,FR
France,SPO-FR04055_6001,2.34462,48.86212,PM2.5,FR
France,SPO-FR04055_6001,2.34462,48.86212,PM2.5,FR
France,SPO-FR04055_6001,2.34462,48.86212,PM2.5,FR
France,SPO-FR04058_5,2.35667,48.92528,PM10,FR
France,SPO-FR04058_6001,2.35667,48.92528,PM2.5,FR
France,SPO-FR04066_5,2.23694,48.36417,PM10,FR
France,SPO-FR04066_5,2.23694,48.36417,PM10,FR
France,SPO-FR04066_5,2.23694,48.36417,PM10,FR
France,SPO-FR04066_6001,2.23694,48.36417,PM2.5,FR
France,SPO-FR04066_6001,2.23694,48.36417,PM2.5,FR
France,SPO-FR04098_5,2.63528,48.84028,PM10,FR
France,SPO-FR04098_5,2.63528,48.84028,PM10,FR
France,SPO-FR04098_5,2.63528,48.84028,PM10,FR
France,SPO-FR04099_5,2.48444,48.84056,PM10,FR
France,SPO-FR04099_5,2.48444,48.84056,PM10,FR
France,SPO-FR04118_5,2.33250,48.87027,PM10,FR
France,SPO-FR04118_5,2.33250,48.87027,PM10,FR
France,SPO-FR04122_5,2.65361,48.52806,PM10,FR
France,SPO-FR04122_6001,2.65361,48.52806,PM2.5,FR
France,SPO-FR04123_5,2.39083,48.90222,PM10,FR
France,SPO-FR04131_5,2.33028,48.87333,PM10,FR
France,SPO-FR04131_5,2.33028,48.87333,PM10,FR
France,SPO-FR04131_6001,2.33028,48.87333,PM2.5,FR
France,SPO-FR04131_6001,2.33028,48.87333,PM2.5,FR
France,SPO-FR04143_5,2.35100,48.85900,PM10,FR
France,SPO-FR04143_6001,2.35100,48.85900,PM2.5,FR
France,SPO-FR04150_5,2.24056,48.89139,PM10,FR
France,SPO-FR04150_5,2.24056,48.89139,PM10,FR
France,SPO-FR04150_6001,2.24056,48.89139,PM2.5,FR
France,SPO-FR04150_6001,2.24056,48.89139,PM2.5,FR
France,SPO-FR04150_6001,2.24056,48.89139,PM2.5,FR
France,SPO-FR04156_5,2.45250,48.90250,PM10,FR
France,SPO-FR04156_5,2.45250,48.90250,PM10,FR
France,SPO-FR04156_6001,2.45250,48.90250,PM2.5,FR
France,SPO-FR04156_6001,2.45250,48.90250,PM2.5,FR
France,SPO-FR04158_5,1.86638,49.06309,PM10,FR
France,SPO-FR04173_5,3.08416,48.80590,PM10,FR
France,SPO-FR04173_5,3.08416,48.80590,PM10,FR
France,SPO-FR04173_6001,3.08416,48.80590,PM2.5,FR
France,SPO-FR04179_5,2.26989,48.83039,PM10,FR
France,SPO-FR04180_6001,2.26872,48.64093,PM2.5,FR
France,SPO-FR04180_6001,2.26872,48.64093,PM2.5,FR
France,SPO-FR04181_5,1.83053,48.63373,PM10,FR
France,SPO-FR04181_5,1.83053,48.63373,PM10,FR
France,SPO-FR04181_6001,1.83053,48.63373,PM2.5,FR
France,SPO-FR04181_6001,1.83053,48.63373,PM2.5,FR
France,SPO-FR04319_5,2.57528,48.95555,PM10,FR
France,SPO-FR04319_5,2.57528,48.95555,PM10,FR
France,SPO-FR04319_5,2.57528,48.95555,PM10,FR
France,SPO-FR04322_5,1.67670,48.86030,PM10,FR
France,SPO-FR04322_5,1.67670,48.86030,PM10,FR
France,SPO-FR04328_5,2.64530,48.35470,PM10,FR
France,SPO-FR04328_5,2.64530,48.35470,PM10,FR
France,SPO-FR04328_6001,2.64530,48.35470,PM2.5,FR
France,SPO-FR04329_5,2.41278,48.83862,PM10,FR
France,SPO-FR04329_6001,2.41278,48.83862,PM2.5,FR
France,SPO-FR23003_5,-2.03924,47.32270,PM10,FR
France,SPO-FR23003_5,-2.03924,47.32270,PM10,FR
France,SPO-FR23003_6001,-2.03924,47.32270,PM2.5,FR
France,SPO-FR23003_6001,-2.03924,47.32270,PM2.5,FR
France,SPO-FR23068_5,-1.93662,47.24747,PM10,FR
France,SPO-FR23068_5,-1.93662,47.24747,PM10,FR
France,SPO-FR23068_5,-1.93662,47.24747,PM10,FR
France,SPO-FR23068_6001,-1.93662,47.24747,PM2.5,FR
France,SPO-FR23070_5,-1.78316,47.28318,PM10,FR
France,SPO-FR23070_5,-1.78316,47.28318,PM10,FR
France,SPO-FR23070_5,-1.78316,47.28318,PM10,FR
France,SPO-FR23070_5,-1.78316,47.28318,PM10,FR
France,SPO-FR23070_6001,-1.78316,47.28318,PM2.5,FR
France,SPO-FR23078_5,-0.88611,47.05444,PM10,FR
France,SPO-FR23078_5,-0.88611,47.05444,PM10,FR
France,SPO-FR23078_5,-0.88611,47.05444,PM10,FR
France,SPO-FR23107_5,-1.57333,47.25278,PM10,FR
France,SPO-FR23107_5,-1.57333,47.25278,PM10,FR
France,SPO-FR23107_5,-1.57333,47.25278,PM10,FR
France,SPO-FR23107_6001,-1.57333,47.25278,PM2.5,FR
France,SPO-FR23107_6001,-1.57333,47.25278,PM2.5,FR
France,SPO-FR23110_5,-2.24986,47.26412,PM10,FR
France,SPO-FR23110_5,-2.24986,47.26412,PM10,FR
France,SPO-FR23110_5,-2.24986,47.26412,PM10,FR
France,SPO-FR23110_6001,-2.24986,47.26412,PM2.5,FR
France,SPO-FR23110_6001,-2.24986,47.26412,PM2.5,FR
France,SPO-FR23110_6001,-2.24986,47.26412,PM2.5,FR
France,SPO-FR23120_5,-0.55605,47.46851,PM10,FR
France,SPO-FR23120_5,-0.55605,47.46851,PM10,FR
France,SPO-FR23120_5,-0.55605,47.46851,PM10,FR
France,SPO-FR23120_6001,-0.55605,47.46851,PM2.5,FR
France,SPO-FR23120_6001,-0.55605,47.46851,PM2.5,FR
France,SPO-FR23120_6001,-0.55605,47.46851,PM2.5,FR
France,SPO-FR23123_5,-0.76769,48.06943,PM10,FR
France,SPO-FR23123_5,-0.76769,48.06943,PM10,FR
France,SPO-FR23124_5,-0.74368,46.65668,PM10,FR
France,SPO-FR23124_5,-0.74368,46.65668,PM10,FR
France,SPO-FR23124_5,-0.74368,46.65668,PM10,FR
France,SPO-FR23124_6001,-0.74368,46.65668,PM2.5,FR
France,SPO-FR23124_6001,-0.74368,46.65668,PM2.5,FR
France,SPO-FR23124_6001,-0.74368,46.65668,PM2.5,FR
France,SPO-FR23140_5,-1.55291,47.20436,PM10,FR
France,SPO-FR23140_5,-1.55291,47.20436,PM10,FR
France,SPO-FR23140_6001,-1.55291,47.20436,PM2.5,FR
France,SPO-FR23140_6001,-1.55291,47.20436,PM2.5,FR
France,SPO-FR23152_5,-1.43683,46.66070,PM10,FR
France,SPO-FR23152_5,-1.43683,46.66070,PM10,FR
France,SPO-FR23152_5,-1.43683,46.66070,PM10,FR
France,SPO-FR23152_6001,-1.43683,46.66070,PM2.5,FR
France,SPO-FR23152_6001,-1.43683,46.66070,PM2.5,FR
France,SPO-FR23152_6001,-1.43683,46.66070,PM2.5,FR
France,SPO-FR23177_5,-0.44404,47.78773,PM10,FR
France,SPO-FR23177_5,-0.44404,47.78773,PM10,FR
France,SPO-FR23177_5,-0.44404,47.78773,PM10,FR
France,SPO-FR23177_6001,-0.44404,47.78773,PM2.5,FR
France,SPO-FR23177_6001,-0.44404,47.78773,PM2.5,FR
France,SPO-FR23177_6001,-0.44404,47.78773,PM2.5,FR
France,SPO-FR23177_6001,-0.44404,47.78773,PM2.5,FR
France,SPO-FR23178_5,-2.06695,47.31916,PM10,FR
France,SPO-FR23178_5,-2.06695,47.31916,PM10,FR
France,SPO-FR23178_5,-2.06695,47.31916,PM10,FR
France,SPO-FR23178_5,-2.06695,47.31916,PM10,FR
France,SPO-FR23178_6001,-2.06695,47.31916,PM2.5,FR
France,SPO-FR23178_6001,-2.06695,47.31916,PM2.5,FR
France,SPO-FR23182_5,0.22142,47.97107,PM10,FR
France,SPO-FR23182_5,0.22142,47.97107,PM10,FR
France,SPO-FR23182_5,0.22142,47.97107,PM10,FR
France,SPO-FR23182_6001,0.22142,47.97107,PM2.5,FR
France,SPO-FR23182_6001,0.22142,47.97107,PM2.5,FR
France,SPO-FR23182_6001,0.22142,47.97107,PM2.5,FR
France,SPO-FR23188_5,-1.53750,47.22250,PM10,FR
France,SPO-FR23188_5,-1.53750,47.22250,PM10,FR
France,SPO-FR23188_5,-1.53750,47.22250,PM10,FR
France,SPO-FR23188_5,-1.53750,47.22250,PM10,FR
France,SPO-FR23188_6001,-1.53750,47.22250,PM2.5,FR
France,SPO-FR23188_6001,-1.53750,47.22250,PM2.5,FR
France,SPO-FR23188_6001,-1.53750,47.22250,PM2.5,FR
France,SPO-FR23188_6001,-1.53750,47.22250,PM2.5,FR
France,SPO-FR23229_5,-0.77324,48.07252,PM10,FR
France,SPO-FR23238_5,-1.58168,47.19415,PM10,FR
France,SPO-FR23238_5,-1.58168,47.19415,PM10,FR
France,SPO-FR23238_6001,-1.58168,47.19415,PM2.5,FR
France,SPO-FR23238_6001,-1.58168,47.19415,PM2.5,FR
France,SPO-FR23239_5,-1.59150,47.18592,PM10,FR
France,SPO-FR23239_5,-1.59150,47.18592,PM10,FR
France,SPO-FR23239_6001,-1.59150,47.18592,PM2.5,FR
France,SPO-FR23242_5,-0.55469,47.46699,PM10,FR
France,SPO-FR23249_5,-2.12732,47.32108,PM10,FR
France,SPO-FR23249_5,-2.12732,47.32108,PM10,FR
France,SPO-FR23249_6001,-2.12732,47.32108,PM2.5,FR
France,SPO-FR23249_6001,-2.12732,47.32108,PM2.5,FR
France,SPO-FR23251_5,-1.56481,47.20412,PM10,FR
France,SPO-FR23251_6001,-1.56481,47.20412,PM2.5,FR
France,SPO-FR23252_6001,-0.76708,48.07106,PM2.5,FR
France,SPO-FR09003_5,-1.15368,46.16265,PM10,FR
France,SPO-FR09003_5,-1.15368,46.16265,PM10,FR
France,SPO-FR09003_6001,-1.15368,46.16265,PM2.5,FR
France,SPO-FR09008_5,-1.11709,46.13514,PM10,FR
France,SPO-FR09009_6001,0.34489,46.58305,PM2.5,FR
France,SPO-FR09010_5,0.37624,46.65533,PM10,FR
France,SPO-FR09015_5,0.35846,46.58696,PM10,FR
France,SPO-FR09015_5,0.35846,46.58696,PM10,FR
France,SPO-FR09016_5,0.09972,45.60882,PM10,FR
France,SPO-FR09016_5,0.09972,45.60882,PM10,FR
France,SPO-FR09016_5,0.09972,45.60882,PM10,FR
France,SPO-FR09016_5,0.09972,45.60882,PM10,FR
France,SPO-FR09017_5,-0.32336,45.69473,PM10,FR
France,SPO-FR09017_5,-0.32336,45.69473,PM10,FR
France,SPO-FR09019_5,-0.45889,46.32959,PM10,FR
France,SPO-FR09019_5,-0.45889,46.32959,PM10,FR
France,SPO-FR09019_5,-0.45889,46.32959,PM10,FR
France,SPO-FR09019_6001,-0.45889,46.32959,PM2.5,FR
France,SPO-FR09019_6001,-0.45889,46.32959,PM2.5,FR
France,SPO-FR09033_5,-1.26792,46.15788,PM10,FR
France,SPO-FR09103_5,0.16716,45.64743,PM10,FR
France,SPO-FR09103_5,0.16716,45.64743,PM10,FR
France,SPO-FR09103_5,0.16716,45.64743,PM10,FR
France,SPO-FR09103_5,0.16716,45.64743,PM10,FR
France,SPO-FR09103_6001,0.16716,45.64743,PM2.5,FR
France,SPO-FR09103_6001,0.16716,45.64743,PM2.5,FR
France,SPO-FR09103_6001,0.16716,45.64743,PM2.5,FR
France,SPO-FR09103_6001,0.16716,45.64743,PM2.5,FR
France,SPO-FR09104_5,0.15947,45.64578,PM10,FR
France,SPO-FR09105_5,0.58148,45.88618,PM10,FR
France,SPO-FR09106_5,0.16239,45.65146,PM10,FR
France,SPO-FR09106_5,0.16239,45.65146,PM10,FR
France,SPO-FR09202_5,-1.14600,46.15900,PM10,FR
France,SPO-FR09203_5,-1.21123,46.16163,PM10,FR
France,SPO-FR09203_6001,-1.21123,46.16163,PM2.5,FR
France,SPO-FR09203_6001,-1.21123,46.16163,PM2.5,FR
France,SPO-FR09204_5,-1.14637,46.16355,PM10,FR
France,SPO-FR09205_5,-1.14561,46.15372,PM10,FR
France,SPO-FR09206_5,-1.15600,46.15800,PM10,FR
France,SPO-FR09207_5,-0.99191,46.30962,PM10,FR
France,SPO-FR09208_5,-1.21434,46.16221,PM10,FR
France,SPO-FR09208_6001,-1.21434,46.16221,PM2.5,FR
France,SPO-FR09301_5,-0.13546,46.82437,PM10,FR
France,SPO-FR09301_5,-0.13546,46.82437,PM10,FR
France,SPO-FR09301_5,-0.13546,46.82437,PM10,FR
France,SPO-FR09301_5,-0.13546,46.82437,PM10,FR
France,SPO-FR09302_5,-0.39591,46.14323,PM10,FR
France,SPO-FR09302_5,-0.39591,46.14323,PM10,FR
France,SPO-FR09302_6001,-0.39591,46.14323,PM2.5,FR
France,SPO-FR09302_6001,-0.39591,46.14323,PM2.5,FR
France,SPO-FR09303_5,-0.48286,46.32003,PM10,FR
France,SPO-FR09303_6001,-0.48286,46.32003,PM2.5,FR
France,SPO-FR09304_5,-0.13563,46.82380,PM10,FR
France,SPO-FR09304_5,-0.13563,46.82380,PM10,FR
France,SPO-FR09304_5,-0.13563,46.82380,PM10,FR
France,SPO-FR09305_5,-0.47188,46.33388,PM10,FR
France,SPO-FR09399_5,-0.46643,46.32198,PM10,FR
France,SPO-FR09399_5,-0.46643,46.32198,PM10,FR
France,SPO-FR09402_5,0.32358,46.57000,PM10,FR
France,SPO-FR09403_5,0.34039,46.59123,PM10,FR
France,SPO-FR09403_5,0.34039,46.59123,PM10,FR
France,SPO-FR09404_5,0.34558,46.58400,PM10,FR
France,SPO-FR09404_5,0.34558,46.58400,PM10,FR
France,SPO-FR09404_6001,0.34558,46.58400,PM2.5,FR
France,SPO-FR09404_6001,0.34558,46.58400,PM2.5,FR
France,SPO-FR09405_5,0.50688,46.55874,PM10,FR
France,SPO-FR31001_5,-0.58037,44.86121,PM10,FR
France,SPO-FR31001_5,-0.58037,44.86121,PM10,FR
France,SPO-FR31001_5,-0.58037,44.86121,PM10,FR
France,SPO-FR31002_5,-0.58940,44.80046,PM10,FR
France,SPO-FR31002_5,-0.58940,44.80046,PM10,FR
France,SPO-FR31002_5,-0.58940,44.80046,PM10,FR
France,SPO-FR31002_6001,-0.58940,44.80046,PM2.5,FR
France,SPO-FR31002_6001,-0.58940,44.80046,PM2.5,FR
France,SPO-FR31002_6001,-0.58940,44.80046,PM2.5,FR
France,SPO-FR31002_6001,-0.58940,44.80046,PM2.5,FR
France,SPO-FR31003_5,-0.54500,44.84965,PM10,FR
France,SPO-FR31003_5,-0.54500,44.84965,PM10,FR
France,SPO-FR31005_5,-0.57972,44.84139,PM10,FR
France,SPO-FR31005_5,-0.57972,44.84139,PM10,FR
France,SPO-FR31006_5,-0.65107,44.84137,PM10,FR
France,SPO-FR31006_5,-0.65107,44.84137,PM10,FR
France,SPO-FR31006_5,-0.65107,44.84137,PM10,FR
France,SPO-FR31007_5,-0.51584,44.90029,PM10,FR
France,SPO-FR31007_5,-0.51584,44.90029,PM10,FR
France,SPO-FR31007_5,-0.51584,44.90029,PM10,FR
France,SPO-FR31007_6001,-0.51584,44.90029,PM2.5,FR
France,SPO-FR31007_6001,-0.51584,44.90029,PM2.5,FR
France,SPO-FR31007_6001,-0.51584,44.90029,PM2.5,FR
France,SPO-FR31007_6001,-0.51584,44.90029,PM2.5,FR
France,SPO-FR31013_5,-0.39154,43.31080,PM10,FR
France,SPO-FR31013_5,-0.39154,43.31080,PM10,FR
France,SPO-FR31013_5,-0.39154,43.31080,PM10,FR
France,SPO-FR31013_6001,-0.39154,43.31080,PM2.5,FR
France,SPO-FR31013_6001,-0.39154,43.31080,PM2.5,FR
France,SPO-FR31014_5,-0.32278,43.30778,PM10,FR
France,SPO-FR31016_5,-1.48916,43.47982,PM10,FR
France,SPO-FR31016_6001,-1.48916,43.47982,PM2.5,FR
France,SPO-FR31017_5,-1.52875,43.49404,PM10,FR
France,SPO-FR31021_5,-0.53821,43.37628,PM10,FR
France,SPO-FR31026_5,-0.81203,43.83888,PM10,FR
France,SPO-FR31026_5,-0.81203,43.83888,PM10,FR
France,SPO-FR31032_5,0.62389,44.19222,PM10,FR
France,SPO-FR31033_5,0.72718,45.18982,PM10,FR
France,SPO-FR31033_5,0.72718,45.18982,PM10,FR
France,SPO-FR31033_6001,0.72718,45.18982,PM2.5,FR
France,SPO-FR31033_6001,0.72718,45.18982,PM2.5,FR
France,SPO-FR31036_5,-1.03856,43.70464,PM10,FR
France,SPO-FR31036_5,-1.03856,43.70464,PM10,FR
France,SPO-FR31036_5,-1.03856,43.70464,PM10,FR
France,SPO-FR31036_6001,-1.03856,43.70464,PM2.5,FR
France,SPO-FR31036_6001,-1.03856,43.70464,PM2.5,FR
France,SPO-FR31039_5,-0.35212,43.31109,PM10,FR
France,SPO-FR31039_5,-0.35212,43.31109,PM10,FR
France,SPO-FR31040_5,0.14270,44.50878,PM10,FR
France,SPO-FR31040_6001,0.14270,44.50878,PM2.5,FR
France,SPO-FR31041_5,-0.49140,43.89610,PM10,FR
France,SPO-FR31041_6001,-0.49140,43.89610,PM2.5,FR
France,SPO-FR31043_5,-1.55388,43.47024,PM10,FR
France,SPO-FR31043_6001,-1.55388,43.47024,PM2.5,FR
France,SPO-FR31045_5,-0.59853,44.83382,PM10,FR
France,SPO-FR31045_6001,-0.59853,44.83382,PM2.5,FR
France,SPO-FR31055_5,-0.50703,43.88897,PM10,FR
France,SPO-FR31055_5,-0.50703,43.88897,PM10,FR
France,SPO-FR31055_5,-0.50703,43.88897,PM10,FR
France,SPO-FR31055_6001,-0.50703,43.88897,PM2.5,FR
France,SPO-FR31055_6001,-0.50703,43.88897,PM2.5,FR
France,SPO-FR31055_6001,-0.50703,43.88897,PM2.5,FR
France,SPO-FR31057_5,-0.50698,44.84341,PM10,FR
France,SPO-FR35002_5,0.89843,45.88485,PM10,FR
France,SPO-FR35002_5,0.89843,45.88485,PM10,FR
France,SPO-FR35003_5,1.25688,45.83110,PM10,FR
France,SPO-FR35003_5,1.25688,45.83110,PM10,FR
France,SPO-FR35003_6001,1.25688,45.83110,PM2.5,FR
France,SPO-FR35003_6001,1.25688,45.83110,PM2.5,FR
France,SPO-FR35004_5,1.53726,45.15874,PM10,FR
France,SPO-FR35004_5,1.53726,45.15874,PM10,FR
France,SPO-FR35004_5,1.53726,45.15874,PM10,FR
France,SPO-FR35004_5,1.53726,45.15874,PM10,FR
France,SPO-FR35004_5,1.53726,45.15874,PM10,FR
France,SPO-FR35005_5,1.87302,46.17362,PM10,FR
France,SPO-FR35005_5,1.87302,46.17362,PM10,FR
France,SPO-FR35005_5,1.87302,46.17362,PM10,FR
France,SPO-FR35005_5,1.87302,46.17362,PM10,FR
France,SPO-FR35006_5,1.76275,45.26267,PM10,FR
France,SPO-FR35006_5,1.76275,45.26267,PM10,FR
France,SPO-FR35006_5,1.76275,45.26267,PM10,FR
France,SPO-FR35006_5,1.76275,45.26267,PM10,FR
France,SPO-FR35007_5,1.30792,45.87331,PM10,FR
France,SPO-FR35007_5,1.30792,45.87331,PM10,FR
France,SPO-FR35007_5,1.30792,45.87331,PM10,FR
France,SPO-FR35007_6001,1.30792,45.87331,PM2.5,FR
France,SPO-FR35010_5,1.25477,45.82997,PM10,FR
France,SPO-FR35010_5,1.25477,45.82997,PM10,FR
France,SPO-FR35019_5,0.82395,45.87583,PM10,FR
France,SPO-FR35019_5,0.82395,45.87583,PM10,FR
France,SPO-FR35023_6001,1.76389,45.26361,PM2.5,FR
France,SPO-FR35023_6001,1.76389,45.26361,PM2.5,FR
France,SPO-FR35027_5,1.25969,45.84220,PM10,FR
France,SPO-FR35027_6001,1.25969,45.84220,PM2.5,FR
France,SPO-FR38001_5,55.46884,-20.88989,PM10,FR
France,SPO-FR38001_5,55.46884,-20.88989,PM10,FR
France,SPO-FR38001_6001,55.46884,-20.88989,PM2.5,FR
France,SPO-FR38008_5,55.45391,-20.88458,PM10,FR
France,SPO-FR38008_5,55.45391,-20.88458,PM10,FR
France,SPO-FR38008_5,55.45391,-20.88458,PM10,FR
France,SPO-FR38008_5,55.45391,-20.88458,PM10,FR
France,SPO-FR38008_6001,55.45391,-20.88458,PM2.5,FR
France,SPO-FR38008_6001,55.45391,-20.88458,PM2.5,FR
France,SPO-FR38008_6001,55.45391,-20.88458,PM2.5,FR
France,SPO-FR38008_6001,55.45391,-20.88458,PM2.5,FR
France,SPO-FR38009_5,55.61898,-20.91058,PM10,FR
France,SPO-FR38011_5,55.45906,-21.33441,PM10,FR
France,SPO-FR38011_5,55.45906,-21.33441,PM10,FR
France,SPO-FR38011_5,55.45906,-21.33441,PM10,FR
France,SPO-FR38011_6001,55.45906,-21.33441,PM2.5,FR
France,SPO-FR38011_6001,55.45906,-21.33441,PM2.5,FR
France,SPO-FR38011_6001,55.45906,-21.33441,PM2.5,FR
France,SPO-FR38011_6001,55.45906,-21.33441,PM2.5,FR
France,SPO-FR38012_5,55.47193,-21.34292,PM10,FR
France,SPO-FR38012_6001,55.47193,-21.34292,PM2.5,FR
France,SPO-FR38013_5,55.47343,-20.88589,PM10,FR
France,SPO-FR38014_5,55.47419,-21.31290,PM10,FR
France,SPO-FR38014_5,55.47419,-21.31290,PM10,FR
France,SPO-FR38014_5,55.47419,-21.31290,PM10,FR
France,SPO-FR38016_5,55.58262,-21.20482,PM10,FR
France,SPO-FR38016_5,55.58262,-21.20482,PM10,FR
France,SPO-FR38017_5,55.62793,-21.29433,PM10,FR
France,SPO-FR38017_6001,55.62793,-21.29433,PM2.5,FR
France,SPO-FR38019_5,55.47081,-20.89350,PM10,FR
France,SPO-FR38020_5,55.26677,-21.02211,PM10,FR
France,SPO-FR38020_5,55.26677,-21.02211,PM10,FR
France,SPO-FR38020_5,55.26677,-21.02211,PM10,FR
France,SPO-FR38020_5,55.26677,-21.02211,PM10,FR
France,SPO-FR38020_6001,55.26677,-21.02211,PM2.5,FR
France,SPO-FR38020_6001,55.26677,-21.02211,PM2.5,FR
France,SPO-FR38020_6001,55.26677,-21.02211,PM2.5,FR
France,SPO-FR38020_6001,55.26677,-21.02211,PM2.5,FR
France,SPO-FR38021_5,55.23256,-21.03214,PM10,FR
France,SPO-FR38021_5,55.23256,-21.03214,PM10,FR
France,SPO-FR38021_5,55.23256,-21.03214,PM10,FR
France,SPO-FR38022_5,55.28062,-20.99858,PM10,FR
France,SPO-FR38022_5,55.28062,-20.99858,PM10,FR
France,SPO-FR38022_5,55.28062,-20.99858,PM10,FR
France,SPO-FR38022_5,55.28062,-20.99858,PM10,FR
France,SPO-FR38022_6001,55.28062,-20.99858,PM2.5,FR
France,SPO-FR38022_6001,55.28062,-20.99858,PM2.5,FR
France,SPO-FR38023_5,55.47895,-21.33170,PM10,FR
France,SPO-FR38023_5,55.47895,-21.33170,PM10,FR
France,SPO-FR38023_5,55.47895,-21.33170,PM10,FR
France,SPO-FR38023_6001,55.47895,-21.33170,PM2.5,FR
France,SPO-FR38023_6001,55.47895,-21.33170,PM2.5,FR
France,SPO-FR38024_5,55.30285,-21.21321,PM10,FR
France,SPO-FR38024_6001,55.30285,-21.21321,PM2.5,FR
France,SPO-FR38098_5,55.40306,-21.27708,PM10,FR
France,SPO-FR34012_5,1.92769,47.83662,PM10,FR
France,SPO-FR34013_5,1.90114,47.90708,PM10,FR
France,SPO-FR34013_5,1.90114,47.90708,PM10,FR
France,SPO-FR34013_5,1.90114,47.90708,PM10,FR
France,SPO-FR34013_5,1.90114,47.90708,PM10,FR
France,SPO-FR34013_5,1.90114,47.90708,PM10,FR
France,SPO-FR34014_5,1.96626,47.91740,PM10,FR
France,SPO-FR34014_5,1.96626,47.91740,PM10,FR
France,SPO-FR34014_6001,1.96626,47.91740,PM2.5,FR
France,SPO-FR34014_6001,1.96626,47.91740,PM2.5,FR
France,SPO-FR34014_6001,1.96626,47.91740,PM2.5,FR
France,SPO-FR34018_5,2.71950,47.99789,PM10,FR
France,SPO-FR34018_5,2.71950,47.99789,PM10,FR
France,SPO-FR34018_5,2.71950,47.99789,PM10,FR
France,SPO-FR34018_5,2.71950,47.99789,PM10,FR
France,SPO-FR34018_5,2.71950,47.99789,PM10,FR
France,SPO-FR34018_6001,2.71950,47.99789,PM2.5,FR
France,SPO-FR34018_6001,2.71950,47.99789,PM2.5,FR
France,SPO-FR34018_6001,2.71950,47.99789,PM2.5,FR
France,SPO-FR34024_5,0.65378,47.34414,PM10,FR
France,SPO-FR34024_5,0.65378,47.34414,PM10,FR
France,SPO-FR34024_6001,0.65378,47.34414,PM2.5,FR
France,SPO-FR34024_6001,0.65378,47.34414,PM2.5,FR
France,SPO-FR34024_6001,0.65378,47.34414,PM2.5,FR
France,SPO-FR34025_5,0.68294,47.41908,PM10,FR
France,SPO-FR34025_5,0.68294,47.41908,PM10,FR
France,SPO-FR34025_5,0.68294,47.41908,PM10,FR
France,SPO-FR34028_5,0.70486,47.39464,PM10,FR
France,SPO-FR34028_5,0.70486,47.39464,PM10,FR
France,SPO-FR34028_5,0.70486,47.39464,PM10,FR
France,SPO-FR34028_5,0.70486,47.39464,PM10,FR
France,SPO-FR34028_6001,0.70486,47.39464,PM2.5,FR
France,SPO-FR34028_6001,0.70486,47.39464,PM2.5,FR
France,SPO-FR34028_6001,0.70486,47.39464,PM2.5,FR
France,SPO-FR34029_5,1.94467,47.83775,PM10,FR
France,SPO-FR34029_5,1.94467,47.83775,PM10,FR
France,SPO-FR34029_5,1.94467,47.83775,PM10,FR
France,SPO-FR34029_6001,1.94467,47.83775,PM2.5,FR
France,SPO-FR34030_5,2.40718,47.07504,PM10,FR
France,SPO-FR34030_5,2.40718,47.07504,PM10,FR
France,SPO-FR34030_5,2.40718,47.07504,PM10,FR
France,SPO-FR34030_5,2.40718,47.07504,PM10,FR
France,SPO-FR34032_5,2.40533,47.08278,PM10,FR
France,SPO-FR34032_5,2.40533,47.08278,PM10,FR
France,SPO-FR34032_5,2.40533,47.08278,PM10,FR
France,SPO-FR34032_5,2.40533,47.08278,PM10,FR
France,SPO-FR34032_6001,2.40533,47.08278,PM2.5,FR
France,SPO-FR34034_5,2.07300,47.22203,PM10,FR
France,SPO-FR34034_5,2.07300,47.22203,PM10,FR
France,SPO-FR34034_6001,2.07300,47.22203,PM2.5,FR
France,SPO-FR34038_5,2.61007,46.81469,PM10,FR
France,SPO-FR34038_6001,2.61007,46.81469,PM2.5,FR
France,SPO-FR34038_6001,2.61007,46.81469,PM2.5,FR
France,SPO-FR34041_5,1.51014,48.44442,PM10,FR
France,SPO-FR34041_5,1.51014,48.44442,PM10,FR
France,SPO-FR34041_5,1.51014,48.44442,PM10,FR
France,SPO-FR34041_6001,1.51014,48.44442,PM2.5,FR
France,SPO-FR34042_5,1.46878,48.43930,PM10,FR
France,SPO-FR34042_5,1.46878,48.43930,PM10,FR
France,SPO-FR34042_6001,1.46878,48.43930,PM2.5,FR
France,SPO-FR34046_5,1.35847,48.72969,PM10,FR
France,SPO-FR34046_5,1.35847,48.72969,PM10,FR
France,SPO-FR34046_5,1.35847,48.72969,PM10,FR
France,SPO-FR34046_5,1.35847,48.72969,PM10,FR
France,SPO-FR34046_5,1.35847,48.72969,PM10,FR
France,SPO-FR34046_6001,1.35847,48.72969,PM2.5,FR
France,SPO-FR34047_5,1.23364,48.76089,PM10,FR
France,SPO-FR34047_5,1.23364,48.76089,PM10,FR
France,SPO-FR34047_5,1.23364,48.76089,PM10,FR
France,SPO-FR34048_6001,1.49247,48.44916,PM2.5,FR
France,SPO-FR34048_6001,1.49247,48.44916,PM2.5,FR
France,SPO-FR34048_6001,1.49247,48.44916,PM2.5,FR
France,SPO-FR34048_6001,1.49247,48.44916,PM2.5,FR
France,SPO-FR34051_5,1.69314,46.79828,PM10,FR
France,SPO-FR34051_5,1.69314,46.79828,PM10,FR
France,SPO-FR34051_5,1.69314,46.79828,PM10,FR
France,SPO-FR34051_5,1.69314,46.79828,PM10,FR
France,SPO-FR34051_6001,1.69314,46.79828,PM2.5,FR
France,SPO-FR34057_5,2.00326,46.94294,PM10,FR
France,SPO-FR34057_6001,2.00326,46.94294,PM2.5,FR
France,SPO-FR34061_5,1.30267,47.59426,PM10,FR
France,SPO-FR34061_5,1.30267,47.59426,PM10,FR
France,SPO-FR34061_5,1.30267,47.59426,PM10,FR
France,SPO-FR34061_5,1.30267,47.59426,PM10,FR
France,SPO-FR34061_6001,1.30267,47.59426,PM2.5,FR
France,SPO-FR34063_6001,1.32653,47.58654,PM2.5,FR
France,SPO-FR34064_6001,2.74011,48.00694,PM2.5,FR
France,SPO-FR34065_5,2.73151,47.99699,PM10,FR
France,SPO-FR34065_6001,2.73151,47.99699,PM2.5,FR
France,SPO-FR34066_5,2.72618,48.00145,PM10,FR
France,SPO-FR34066_6001,2.72618,48.00145,PM2.5,FR
France,SPO-FR34067_5,1.87343,47.91030,PM10,FR
France,SPO-FR34067_6001,1.87343,47.91030,PM2.5,FR
France,SPO-FR39007_5,-61.05759,14.60189,PM10,FR
France,SPO-FR39007_5,-61.05759,14.60189,PM10,FR
France,SPO-FR39007_6001,-61.05759,14.60189,PM2.5,FR
France,SPO-FR39008_5,-61.10079,14.61639,PM10,FR
France,SPO-FR39008_5,-61.10079,14.61639,PM10,FR
France,SPO-FR39008_5,-61.10079,14.61639,PM10,FR
France,SPO-FR39008_5,-61.10079,14.61639,PM10,FR
France,SPO-FR39008_6001,-61.10079,14.61639,PM2.5,FR
France,SPO-FR39008_6001,-61.10079,14.61639,PM2.5,FR
France,SPO-FR39008_6001,-61.10079,14.61639,PM2.5,FR
France,SPO-FR39009_5,-61.00259,14.61065,PM10,FR
France,SPO-FR39009_5,-61.00259,14.61065,PM10,FR
France,SPO-FR39009_5,-61.00259,14.61065,PM10,FR
France,SPO-FR39009_6001,-61.00259,14.61065,PM2.5,FR
France,SPO-FR39011_5,-61.05308,14.61411,PM10,FR
France,SPO-FR39011_5,-61.05308,14.61411,PM10,FR
France,SPO-FR39011_5,-61.05308,14.61411,PM10,FR
France,SPO-FR39013_5,-60.94609,14.67556,PM10,FR
France,SPO-FR39014_5,-60.92742,14.46887,PM10,FR
France,SPO-FR39014_5,-60.92742,14.46887,PM10,FR
France,SPO-FR39014_6001,-60.92742,14.46887,PM2.5,FR
France,SPO-FR39014_6001,-60.92742,14.46887,PM2.5,FR
France,SPO-FR39015_5,-61.06978,14.60744,PM10,FR
France,SPO-FR39015_5,-61.06978,14.60744,PM10,FR
France,SPO-FR39015_5,-61.06978,14.60744,PM10,FR
France,SPO-FR39015_6001,-61.06978,14.60744,PM2.5,FR
France,SPO-FR39015_6001,-61.06978,14.60744,PM2.5,FR
France,SPO-FR39015_6001,-61.06978,14.60744,PM2.5,FR
France,SPO-FR39015_6001,-61.06978,14.60744,PM2.5,FR
France,SPO-FR39016_5,-60.93906,14.67802,PM10,FR
France,SPO-FR39016_5,-60.93906,14.67802,PM10,FR
France,SPO-FR39016_6001,-60.93906,14.67802,PM2.5,FR
France,SPO-FR39018_5,-61.17883,14.75500,PM10,FR
France,SPO-FR39018_5,-61.17883,14.75500,PM10,FR
France,SPO-FR40004_5,-52.31023,4.93221,PM10,FR
France,SPO-FR40004_6001,-52.31023,4.93221,PM2.5,FR
France,SPO-FR40006_5,-52.64649,5.16425,PM10,FR
France,SPO-FR40006_5,-52.64649,5.16425,PM10,FR
France,SPO-FR40006_5,-52.64649,5.16425,PM10,FR
France,SPO-FR40006_5,-52.64649,5.16425,PM10,FR
France,SPO-FR40006_5,-52.64649,5.16425,PM10,FR
France,SPO-FR40006_6001,-52.64649,5.16425,PM2.5,FR
France,SPO-FR40007_5,-52.32380,4.84816,PM10,FR
France,SPO-FR40007_5,-52.32380,4.84816,PM10,FR
France,SPO-FR40007_5,-52.32380,4.84816,PM10,FR
France,SPO-FR40007_5,-52.32380,4.84816,PM10,FR
France,SPO-FR40008_5,-52.32093,4.93785,PM10,FR
France,SPO-FR40008_5,-52.32093,4.93785,PM10,FR
France,SPO-FR40008_5,-52.32093,4.93785,PM10,FR
France,SPO-FR40008_6001,-52.32093,4.93785,PM2.5,FR
France,SPO-FR40008_6001,-52.32093,4.93785,PM2.5,FR
France,SPO-FR40009_5,-52.32195,4.92083,PM10,FR
France,SPO-FR37001_5,-61.59172,16.25731,PM10,FR
France,SPO-FR37001_5,-61.59172,16.25731,PM10,FR
France,SPO-FR37002_5,-61.53754,16.23806,PM10,FR
France,SPO-FR37006_5,-61.53410,16.23674,PM10,FR
France,SPO-FR37006_5,-61.53410,16.23674,PM10,FR
France,SPO-FR37006_5,-61.53410,16.23674,PM10,FR
France,SPO-FR37006_6001,-61.53410,16.23674,PM2.5,FR
France,SPO-FR37006_6001,-61.53410,16.23674,PM2.5,FR
France,SPO-FR37006_6001,-61.53410,16.23674,PM2.5,FR
France,SPO-FR37007_5,-61.52779,16.25066,PM10,FR
France,SPO-FR37007_5,-61.52779,16.25066,PM10,FR
France,SPO-FR37010_5,-61.72720,15.99435,PM10,FR
France,SPO-FR37010_5,-61.72720,15.99435,PM10,FR
France,SPO-FR37010_5,-61.72720,15.99435,PM10,FR
France,SPO-FR37010_6001,-61.72720,15.99435,PM2.5,FR
France,SPO-FR37010_6001,-61.72720,15.99435,PM2.5,FR
France,SPO-FR37038_5,-63.08148,18.07011,PM10,FR
France,SPO-FR37038_6001,-63.08148,18.07011,PM2.5,FR
France,SPO-FR37040_5,-61.53713,16.25409,PM10,FR
France,SPO-FR37040_5,-61.53713,16.25409,PM10,FR
France,SPO-FR41001_5,8.73569,41.92469,PM10,FR
France,SPO-FR41001_5,8.73569,41.92469,PM10,FR
France,SPO-FR41001_5,8.73569,41.92469,PM10,FR
France,SPO-FR41001_5,8.73569,41.92469,PM10,FR
France,SPO-FR41001_5,8.73569,41.92469,PM10,FR
France,SPO-FR41001_5,8.73569,41.92469,PM10,FR
France,SPO-FR41001_5,8.73569,41.92469,PM10,FR
France,SPO-FR41001_6001,8.73569,41.92469,PM2.5,FR
France,SPO-FR41001_6001,8.73569,41.92469,PM2.5,FR
France,SPO-FR41001_6001,8.73569,41.92469,PM2.5,FR
France,SPO-FR41002_5,9.44642,42.69792,PM10,FR
France,SPO-FR41002_5,9.44642,42.69792,PM10,FR
France,SPO-FR41002_5,9.44642,42.69792,PM10,FR
France,SPO-FR41002_5,9.44642,42.69792,PM10,FR
France,SPO-FR41002_5,9.44642,42.69792,PM10,FR
France,SPO-FR41002_6001,9.44642,42.69792,PM2.5,FR
France,SPO-FR41002_6001,9.44642,42.69792,PM2.5,FR
France,SPO-FR41003_5,8.82028,41.95803,PM10,FR
France,SPO-FR41003_5,8.82028,41.95803,PM10,FR
France,SPO-FR41003_5,8.82028,41.95803,PM10,FR
France,SPO-FR41003_5,8.82028,41.95803,PM10,FR
France,SPO-FR41004_5,9.47597,42.53583,PM10,FR
France,SPO-FR41004_5,9.47597,42.53583,PM10,FR
France,SPO-FR41004_5,9.47597,42.53583,PM10,FR
France,SPO-FR41004_5,9.47597,42.53583,PM10,FR
France,SPO-FR41017_6001,9.43464,42.67133,PM2.5,FR
France,SPO-FR41017_6001,9.43464,42.67133,PM2.5,FR
France,SPO-FR41020_5,9.45172,42.70008,PM10,FR
France,SPO-FR41020_5,9.45172,42.70008,PM10,FR
France,SPO-FR41020_5,9.45172,42.70008,PM10,FR
France,SPO-FR41022_5,8.73678,41.91830,PM10,FR
France,SPO-FR41022_5,8.73678,41.91830,PM10,FR
France,SPO-FR41024_5,9.19003,42.23603,PM10,FR
France,SPO-FR41024_5,9.19003,42.23603,PM10,FR
France,SPO-FR41024_5,9.19003,42.23603,PM10,FR
France,SPO-FR41024_5,9.19003,42.23603,PM10,FR
France,SPO-FR41024_6001,9.19003,42.23603,PM2.5,FR
France,SPO-FR41024_6001,9.19003,42.23603,PM2.5,FR
France,SPO-FR41024_6001,9.19003,42.23603,PM2.5,FR
France,SPO-FR41059_5,8.73828,41.92575,PM10,FR
France,SPO-FR41060_5,9.44639,42.70283,PM10,FR
France,SPO-FR41060_5,9.44639,42.70283,PM10,FR
France,SPO-FR41063_5,8.79616,41.94769,PM10,FR
France,SPO-FR41064_5,8.73936,41.92997,PM10,FR
France,SPO-FR08016_5,3.88681,43.59150,PM10,FR
France,SPO-FR08016_5,3.88681,43.59150,PM10,FR
France,SPO-FR08016_5,3.88681,43.59150,PM10,FR
France,SPO-FR08016_5,3.88681,43.59150,PM10,FR
France,SPO-FR08016_6001,3.88681,43.59150,PM2.5,FR
France,SPO-FR08016_6001,3.88681,43.59150,PM2.5,FR
France,SPO-FR08016_6001,3.88681,43.59150,PM2.5,FR
France,SPO-FR08016_6001,3.88681,43.59150,PM2.5,FR
France,SPO-FR08018_5,3.80021,43.69260,PM10,FR
France,SPO-FR08018_5,3.80021,43.69260,PM10,FR
France,SPO-FR08020_5,4.08838,43.67580,PM10,FR
France,SPO-FR08020_5,4.08838,43.67580,PM10,FR
France,SPO-FR08020_5,4.08838,43.67580,PM10,FR
France,SPO-FR08020_6001,4.08838,43.67580,PM2.5,FR
France,SPO-FR08020_6001,4.08838,43.67580,PM2.5,FR
France,SPO-FR08026_5,3.60356,43.42820,PM10,FR
France,SPO-FR08026_6001,3.60356,43.42820,PM2.5,FR
France,SPO-FR08030_5,3.89878,43.60960,PM10,FR
France,SPO-FR08030_5,3.89878,43.60960,PM10,FR
France,SPO-FR08030_5,3.89878,43.60960,PM10,FR
France,SPO-FR08030_5,3.89878,43.60960,PM10,FR
France,SPO-FR08030_6001,3.89878,43.60960,PM2.5,FR
France,SPO-FR08030_6001,3.89878,43.60960,PM2.5,FR
France,SPO-FR08030_6001,3.89878,43.60960,PM2.5,FR
France,SPO-FR08252_5,4.69741,44.05447,PM10,FR
France,SPO-FR08252_6001,4.69741,44.05447,PM2.5,FR
France,SPO-FR08252_6001,4.69741,44.05447,PM2.5,FR
France,SPO-FR08614_5,4.37440,43.83440,PM10,FR
France,SPO-FR08614_5,4.37440,43.83440,PM10,FR
France,SPO-FR08614_5,4.37440,43.83440,PM10,FR
France,SPO-FR08614_5,4.37440,43.83440,PM10,FR
France,SPO-FR08614_6001,4.37440,43.83440,PM2.5,FR
France,SPO-FR08614_6001,4.37440,43.83440,PM2.5,FR
France,SPO-FR08614_6001,4.37440,43.83440,PM2.5,FR
France,SPO-FR08616_5,4.36199,43.82990,PM10,FR
France,SPO-FR08616_5,4.36199,43.82990,PM10,FR
France,SPO-FR08617_5,4.26581,43.92540,PM10,FR
France,SPO-FR08713_5,2.90351,42.68350,PM10,FR
France,SPO-FR08713_5,2.90351,42.68350,PM10,FR
France,SPO-FR08713_5,2.90351,42.68350,PM10,FR
France,SPO-FR08714_5,2.90053,42.69550,PM10,FR
France,SPO-FR08714_5,2.90053,42.69550,PM10,FR
France,SPO-FR08714_5,2.90053,42.69550,PM10,FR
France,SPO-FR08714_5,2.90053,42.69550,PM10,FR
France,SPO-FR08714_6001,2.90053,42.69550,PM2.5,FR
France,SPO-FR08714_6001,2.90053,42.69550,PM2.5,FR
France,SPO-FR08714_6001,2.90053,42.69550,PM2.5,FR
France,SPO-FR12004_5,1.41806,43.57569,PM10,FR
France,SPO-FR12004_5,1.41806,43.57569,PM10,FR
France,SPO-FR12004_5,1.41806,43.57569,PM10,FR
France,SPO-FR12004_5,1.41806,43.57569,PM10,FR
France,SPO-FR12004_6001,1.41806,43.57569,PM2.5,FR
France,SPO-FR12020_5,0.17907,43.62870,PM10,FR
France,SPO-FR12020_5,0.17907,43.62870,PM10,FR
France,SPO-FR12020_5,0.17907,43.62870,PM10,FR
France,SPO-FR12020_5,0.17907,43.62870,PM10,FR
France,SPO-FR12020_6001,0.17907,43.62870,PM2.5,FR
France,SPO-FR12020_6001,0.17907,43.62870,PM2.5,FR
France,SPO-FR12020_6001,0.17907,43.62870,PM2.5,FR
France,SPO-FR12021_5,1.43853,43.62361,PM10,FR
France,SPO-FR12021_5,1.43853,43.62361,PM10,FR
France,SPO-FR12021_5,1.43853,43.62361,PM10,FR
France,SPO-FR12021_5,1.43853,43.62361,PM10,FR
France,SPO-FR12021_6001,1.43853,43.62361,PM2.5,FR
France,SPO-FR12021_6001,1.43853,43.62361,PM2.5,FR
France,SPO-FR12021_6001,1.43853,43.62361,PM2.5,FR
France,SPO-FR12021_6001,1.43853,43.62361,PM2.5,FR
France,SPO-FR12026_5,2.14590,43.92777,PM10,FR
France,SPO-FR12026_5,2.14590,43.92777,PM10,FR
France,SPO-FR12026_5,2.14590,43.92777,PM10,FR
France,SPO-FR12030_5,1.44400,43.58735,PM10,FR
France,SPO-FR12030_5,1.44400,43.58735,PM10,FR
France,SPO-FR12030_5,1.44400,43.58735,PM10,FR
France,SPO-FR12030_6001,1.44400,43.58735,PM2.5,FR
France,SPO-FR12030_6001,1.44400,43.58735,PM2.5,FR
France,SPO-FR12030_6001,1.44400,43.58735,PM2.5,FR
France,SPO-FR12039_5,1.39326,43.56158,PM10,FR
France,SPO-FR12039_5,1.39326,43.56158,PM10,FR
France,SPO-FR12039_5,1.39326,43.56158,PM10,FR
France,SPO-FR12040_5,1.40396,43.55637,PM10,FR
France,SPO-FR12040_5,1.40396,43.55637,PM10,FR
France,SPO-FR12040_5,1.40396,43.55637,PM10,FR
France,SPO-FR12042_5,-0.04050,43.09625,PM10,FR
France,SPO-FR12042_5,-0.04050,43.09625,PM10,FR
France,SPO-FR12042_5,-0.04050,43.09625,PM10,FR
France,SPO-FR12042_6001,-0.04050,43.09625,PM2.5,FR
France,SPO-FR12044_5,1.37572,43.63348,PM10,FR
France,SPO-FR12044_5,1.37572,43.63348,PM10,FR
France,SPO-FR12044_5,1.37572,43.63348,PM10,FR
France,SPO-FR12045_5,-0.05239,43.09499,PM10,FR
France,SPO-FR12045_5,-0.05239,43.09499,PM10,FR
France,SPO-FR12045_6001,-0.05239,43.09499,PM2.5,FR
France,SPO-FR12047_5,1.59548,43.80314,PM10,FR
France,SPO-FR12047_5,1.59548,43.80314,PM10,FR
France,SPO-FR12047_5,1.59548,43.80314,PM10,FR
France,SPO-FR12047_5,1.59548,43.80314,PM10,FR
France,SPO-FR12052_5,0.06234,43.23030,PM10,FR
France,SPO-FR12052_5,0.06234,43.23030,PM10,FR
France,SPO-FR12052_5,0.06234,43.23030,PM10,FR
France,SPO-FR12052_5,0.06234,43.23030,PM10,FR
France,SPO-FR12052_6001,0.06234,43.23030,PM2.5,FR
France,SPO-FR12053_5,2.23015,43.61050,PM10,FR
France,SPO-FR12053_5,2.23015,43.61050,PM10,FR
France,SPO-FR12053_5,2.23015,43.61050,PM10,FR
France,SPO-FR12053_6001,2.23015,43.61050,PM2.5,FR
France,SPO-FR12054_5,1.46824,43.64394,PM10,FR
France,SPO-FR12054_5,1.46824,43.64394,PM10,FR
France,SPO-FR12054_5,1.46824,43.64394,PM10,FR
France,SPO-FR12054_6001,1.46824,43.64394,PM2.5,FR
France,SPO-FR12054_6001,1.46824,43.64394,PM2.5,FR
France,SPO-FR12054_6001,1.46824,43.64394,PM2.5,FR
France,SPO-FR12055_6001,2.14685,43.92213,PM2.5,FR
France,SPO-FR12085_5,1.41520,43.61039,PM10,FR
France,SPO-FR12085_5,1.41520,43.61039,PM10,FR
France,SPO-FR12085_5,1.41520,43.61039,PM10,FR
France,SPO-FR12085_6001,1.41520,43.61039,PM2.5,FR
France,SPO-FR12085_6001,1.41520,43.61039,PM2.5,FR
France,SPO-FR12095_5,2.57070,44.35699,PM10,FR
France,SPO-FR12095_5,2.57070,44.35699,PM10,FR
France,SPO-FR12095_6001,2.57070,44.35699,PM2.5,FR
France,SPO-FR50060_5,1.37531,44.01286,PM10,FR
France,SPO-FR50060_6001,1.37531,44.01286,PM2.5,FR
France,SPO-FR50224_5,2.88848,42.69587,PM10,FR
France,SPO-FR50224_5,2.88848,42.69587,PM10,FR
France,SPO-FR50224_6001,2.88848,42.69587,PM2.5,FR
France,SPO-FR50225_5,3.82787,43.61161,PM10,FR
France,SPO-FR50225_5,3.82787,43.61161,PM10,FR
France,SPO-FR50225_5,3.82787,43.61161,PM10,FR
France,SPO-FR50225_6001,3.82787,43.61161,PM2.5,FR
France,SPO-FR50225_6001,3.82787,43.61161,PM2.5,FR
France,SPO-FR50225_6001,3.82787,43.61161,PM2.5,FR
France,SPO-FR05040_5,0.24370,49.41511,PM10,FR
France,SPO-FR05040_5,0.24370,49.41511,PM10,FR
France,SPO-FR05054_5,0.16529,49.48109,PM10,FR
France,SPO-FR05054_5,0.16529,49.48109,PM10,FR
France,SPO-FR05054_5,0.16529,49.48109,PM10,FR
France,SPO-FR05074_5,0.10070,49.48963,PM10,FR
France,SPO-FR05074_5,0.10070,49.48963,PM10,FR
France,SPO-FR05074_6001,0.10070,49.48963,PM2.5,FR
France,SPO-FR05074_6001,0.10070,49.48963,PM2.5,FR
France,SPO-FR05078_5,0.14271,49.49830,PM10,FR
France,SPO-FR05078_5,0.14271,49.49830,PM10,FR
France,SPO-FR05083_5,0.23249,49.50273,PM10,FR
France,SPO-FR05083_5,0.23249,49.50273,PM10,FR
France,SPO-FR05084_5,0.57185,49.49333,PM10,FR
France,SPO-FR05084_5,0.57185,49.49333,PM10,FR
France,SPO-FR05084_5,0.57185,49.49333,PM10,FR
France,SPO-FR05087_6001,0.75883,49.49829,PM2.5,FR
France,SPO-FR05087_6001,0.75883,49.49829,PM2.5,FR
France,SPO-FR05087_6001,0.75883,49.49829,PM2.5,FR
France,SPO-FR05087_6001,0.75883,49.49829,PM2.5,FR
France,SPO-FR05089_5,0.11090,49.50019,PM10,FR
France,SPO-FR05089_5,0.11090,49.50019,PM10,FR
France,SPO-FR05089_5,0.11090,49.50019,PM10,FR
France,SPO-FR05089_5,0.11090,49.50019,PM10,FR
France,SPO-FR05089_6001,0.11090,49.50019,PM2.5,FR
France,SPO-FR05089_6001,0.11090,49.50019,PM2.5,FR
France,SPO-FR05089_6001,0.11090,49.50019,PM2.5,FR
France,SPO-FR05089_6001,0.11090,49.50019,PM2.5,FR
France,SPO-FR05090_5,0.10065,49.51469,PM10,FR
France,SPO-FR05090_5,0.10065,49.51469,PM10,FR
France,SPO-FR05090_5,0.10065,49.51469,PM10,FR
France,SPO-FR05090_6001,0.10065,49.51469,PM2.5,FR
France,SPO-FR05090_6001,0.10065,49.51469,PM2.5,FR
France,SPO-FR05090_6001,0.10065,49.51469,PM2.5,FR
France,SPO-FR05100_5,0.10836,49.49940,PM10,FR
France,SPO-FR21001_5,-0.39111,49.19222,PM10,FR
France,SPO-FR21001_5,-0.39111,49.19222,PM10,FR
France,SPO-FR21001_5,-0.39111,49.19222,PM10,FR
France,SPO-FR21001_5,-0.39111,49.19222,PM10,FR
France,SPO-FR21001_5,-0.39111,49.19222,PM10,FR
France,SPO-FR21001_6001,-0.39111,49.19222,PM2.5,FR
France,SPO-FR21001_6001,-0.39111,49.19222,PM2.5,FR
France,SPO-FR21001_6001,-0.39111,49.19222,PM2.5,FR
France,SPO-FR21001_6001,-0.39111,49.19222,PM2.5,FR
France,SPO-FR21001_6001,-0.39111,49.19222,PM2.5,FR
France,SPO-FR21016_5,-0.35356,49.17508,PM10,FR
France,SPO-FR21016_5,-0.35356,49.17508,PM10,FR
France,SPO-FR21019_5,-0.35278,49.15167,PM10,FR
France,SPO-FR21019_5,-0.35278,49.15167,PM10,FR
France,SPO-FR21021_5,0.22722,49.14722,PM10,FR
France,SPO-FR21021_5,0.22722,49.14722,PM10,FR
France,SPO-FR21021_6001,0.22722,49.14722,PM2.5,FR
France,SPO-FR21031_5,0.11083,48.44555,PM10,FR
France,SPO-FR21031_5,0.11083,48.44555,PM10,FR
France,SPO-FR21031_5,0.11083,48.44555,PM10,FR
France,SPO-FR21031_5,0.11083,48.44555,PM10,FR
France,SPO-FR21031_6001,0.11083,48.44555,PM2.5,FR
France,SPO-FR21035_5,-1.62667,49.63639,PM10,FR
France,SPO-FR21035_5,-1.62667,49.63639,PM10,FR
France,SPO-FR21037_5,-1.59342,49.64695,PM10,FR
France,SPO-FR21037_5,-1.59342,49.64695,PM10,FR
France,SPO-FR21037_5,-1.59342,49.64695,PM10,FR
France,SPO-FR21038_5,-1.62436,49.64225,PM10,FR
France,SPO-FR21038_5,-1.62436,49.64225,PM10,FR
France,SPO-FR21038_6001,-1.62436,49.64225,PM2.5,FR
France,SPO-FR21039_5,-1.62472,49.63389,PM10,FR
France,SPO-FR21039_5,-1.62472,49.63389,PM10,FR
France,SPO-FR21039_6001,-1.62472,49.63389,PM2.5,FR
France,SPO-FR21039_6001,-1.62472,49.63389,PM2.5,FR
France,SPO-FR21040_5,-1.08472,49.11639,PM10,FR
France,SPO-FR21040_5,-1.08472,49.11639,PM10,FR
France,SPO-FR21050_5,-0.45833,48.64500,PM10,FR
France,SPO-FR21050_5,-0.45833,48.64500,PM10,FR
France,SPO-FR21050_6001,-0.45833,48.64500,PM2.5,FR
France,SPO-FR21050_6001,-0.45833,48.64500,PM2.5,FR
France,SPO-FR21050_6001,-0.45833,48.64500,PM2.5,FR
France,SPO-FR21050_6001,-0.45833,48.64500,PM2.5,FR
France,SPO-FR21060_5,-0.16967,49.11719,PM10,FR
France,SPO-FR21060_5,-0.16967,49.11719,PM10,FR
France,SPO-FR21060_6001,-0.16967,49.11719,PM2.5,FR
France,SPO-FR21101_5,-0.32975,49.17983,PM10,FR
France,SPO-FR25035_5,1.00785,49.35821,PM10,FR
France,SPO-FR25035_5,1.00785,49.35821,PM10,FR
France,SPO-FR25035_5,1.00785,49.35821,PM10,FR
France,SPO-FR25036_5,1.09379,49.44236,PM10,FR
France,SPO-FR25036_5,1.09379,49.44236,PM10,FR
France,SPO-FR25036_5,1.09379,49.44236,PM10,FR
France,SPO-FR25036_5,1.09379,49.44236,PM10,FR
France,SPO-FR25036_6001,1.09379,49.44236,PM2.5,FR
France,SPO-FR25036_6001,1.09379,49.44236,PM2.5,FR
France,SPO-FR25036_6001,1.09379,49.44236,PM2.5,FR
France,SPO-FR25037_5,1.08266,49.44146,PM10,FR
France,SPO-FR25037_5,1.08266,49.44146,PM10,FR
France,SPO-FR25037_5,1.08266,49.44146,PM10,FR
France,SPO-FR25037_6001,1.08266,49.44146,PM2.5,FR
France,SPO-FR25037_6001,1.08266,49.44146,PM2.5,FR
France,SPO-FR25039_5,1.14832,49.02134,PM10,FR
France,SPO-FR25039_5,1.14832,49.02134,PM10,FR
France,SPO-FR25039_5,1.14832,49.02134,PM10,FR
France,SPO-FR25039_5,1.14832,49.02134,PM10,FR
France,SPO-FR25039_6001,1.14832,49.02134,PM2.5,FR
France,SPO-FR25043_5,1.09904,49.40050,PM10,FR
France,SPO-FR25043_5,1.09904,49.40050,PM10,FR
France,SPO-FR25043_5,1.09904,49.40050,PM10,FR
France,SPO-FR25043_5,1.09904,49.40050,PM10,FR
France,SPO-FR25043_6001,1.09904,49.40050,PM2.5,FR
France,SPO-FR25043_6001,1.09904,49.40050,PM2.5,FR
France,SPO-FR25045_5,0.95718,49.91636,PM10,FR
France,SPO-FR25045_5,0.95718,49.91636,PM10,FR
France,SPO-FR25045_5,0.95718,49.91636,PM10,FR
France,SPO-FR25048_5,1.05803,49.42815,PM10,FR
France,SPO-FR25048_5,1.05803,49.42815,PM10,FR
France,SPO-FR25048_6001,1.05803,49.42815,PM2.5,FR
France,SPO-FR25048_6001,1.05803,49.42815,PM2.5,FR
France,SPO-FR25049_5,1.21437,49.30487,PM10,FR
France,SPO-FR25049_5,1.21437,49.30487,PM10,FR
France,SPO-FR25049_5,1.21437,49.30487,PM10,FR
France,SPO-FR25049_5,1.21437,49.30487,PM10,FR
France,SPO-FR25049_6001,1.21437,49.30487,PM2.5,FR
France,SPO-FR25051_5,1.07397,49.91801,PM10,FR
France,SPO-FR25051_5,1.07397,49.91801,PM10,FR
France,SPO-FR25051_5,1.07397,49.91801,PM10,FR
France,SPO-FR25051_6001,1.07397,49.91801,PM2.5,FR
France,SPO-FR25051_6001,1.07397,49.91801,PM2.5,FR
France,SPO-FR25051_6001,1.07397,49.91801,PM2.5,FR
France,SPO-FR25051_6001,1.07397,49.91801,PM2.5,FR
France,SPO-FR25052_6001,1.13872,49.02021,PM2.5,FR
France,SPO-FR25053_5,1.09884,49.43670,PM10,FR
France,SPO-FR25053_5,1.09884,49.43670,PM10,FR
France,SPO-FR25053_6001,1.09884,49.43670,PM2.5,FR
France,SPO-FR25053_6001,1.09884,49.43670,PM2.5,FR
France,SPO-FR25054_5,1.06705,49.43416,PM10,FR
France,SPO-FR25054_5,1.06705,49.43416,PM10,FR
France,SPO-FR25054_6001,1.06705,49.43416,PM2.5,FR
France,SPO-FR25055_5,1.04789,49.92049,PM10,FR
France,SPO-FR25055_5,1.04789,49.92049,PM10,FR
France,SPO-FR25055_6001,1.04789,49.92049,PM2.5,FR
France,SPO-FR02005_5,5.05164,43.40530,PM10,FR
France,SPO-FR02008_5,4.98192,43.40195,PM10,FR
France,SPO-FR02008_5,4.98192,43.40195,PM10,FR
France,SPO-FR02008_6001,4.98192,43.40195,PM2.5,FR
France,SPO-FR02008_6001,4.98192,43.40195,PM2.5,FR
France,SPO-FR02009_5,4.80102,43.39378,PM10,FR
France,SPO-FR02009_5,4.80102,43.39378,PM10,FR
France,SPO-FR02013_5,4.93457,43.45893,PM10,FR
France,SPO-FR02013_5,4.93457,43.45893,PM10,FR
France,SPO-FR02013_5,4.93457,43.45893,PM10,FR
France,SPO-FR02013_6001,4.93457,43.45893,PM2.5,FR
France,SPO-FR02016_5,5.09189,43.63864,PM10,FR
France,SPO-FR02020_5,5.22005,43.51080,PM10,FR
France,SPO-FR02020_5,5.22005,43.51080,PM10,FR
France,SPO-FR02020_6001,5.22005,43.51080,PM2.5,FR
France,SPO-FR02020_6001,5.22005,43.51080,PM2.5,FR
France,SPO-FR02022_5,4.62921,43.67511,PM10,FR
France,SPO-FR02022_5,4.62921,43.67511,PM10,FR
France,SPO-FR02022_5,4.62921,43.67511,PM10,FR
France,SPO-FR02022_6001,4.62921,43.67511,PM2.5,FR
France,SPO-FR02026_5,5.00645,43.58469,PM10,FR
France,SPO-FR02026_5,5.00645,43.58469,PM10,FR
France,SPO-FR02029_5,5.11321,43.39955,PM10,FR
France,SPO-FR02029_5,5.11321,43.39955,PM10,FR
France,SPO-FR02031_5,5.21688,43.41569,PM10,FR
France,SPO-FR02041_5,5.10110,43.63900,PM10,FR
France,SPO-FR02041_5,5.10110,43.63900,PM10,FR
France,SPO-FR02041_5,5.10110,43.63900,PM10,FR
France,SPO-FR02041_6001,5.10110,43.63900,PM2.5,FR
France,SPO-FR02043_5,5.22228,43.41653,PM10,FR
France,SPO-FR02043_5,5.22228,43.41653,PM10,FR
France,SPO-FR02043_5,5.22228,43.41653,PM10,FR
France,SPO-FR02043_6001,5.22228,43.41653,PM2.5,FR
France,SPO-FR02043_6001,5.22228,43.41653,PM2.5,FR
France,SPO-FR03002_5,5.40025,43.29005,PM10,FR
France,SPO-FR03006_5,5.39736,43.27645,PM10,FR
France,SPO-FR03006_5,5.39736,43.27645,PM10,FR
France,SPO-FR03006_6001,5.39736,43.27645,PM2.5,FR
France,SPO-FR03006_6001,5.39736,43.27645,PM2.5,FR
France,SPO-FR03014_5,5.36012,43.34805,PM10,FR
France,SPO-FR03014_5,5.36012,43.34805,PM10,FR
France,SPO-FR03014_5,5.36012,43.34805,PM10,FR
France,SPO-FR03014_6001,5.36012,43.34805,PM2.5,FR
France,SPO-FR03014_6001,5.36012,43.34805,PM2.5,FR
France,SPO-FR03021_5,5.44816,43.52407,PM10,FR
France,SPO-FR03021_5,5.44816,43.52407,PM10,FR
France,SPO-FR03021_5,5.44816,43.52407,PM10,FR
France,SPO-FR03027_5,5.72737,43.33520,PM10,FR
France,SPO-FR03027_6001,5.72737,43.33520,PM2.5,FR
France,SPO-FR03029_5,5.44091,43.53029,PM10,FR
France,SPO-FR03029_5,5.44091,43.53029,PM10,FR
France,SPO-FR03029_5,5.44091,43.53029,PM10,FR
France,SPO-FR03029_6001,5.44091,43.53029,PM2.5,FR
France,SPO-FR03029_6001,5.44091,43.53029,PM2.5,FR
France,SPO-FR03029_6001,5.44091,43.53029,PM2.5,FR
France,SPO-FR03030_5,5.46667,43.45358,PM10,FR
France,SPO-FR03030_5,5.46667,43.45358,PM10,FR
France,SPO-FR03030_6001,5.46667,43.45358,PM2.5,FR
France,SPO-FR03030_6001,5.46667,43.45358,PM2.5,FR
France,SPO-FR03043_5,5.39472,43.30529,PM10,FR
France,SPO-FR03043_5,5.39472,43.30529,PM10,FR
France,SPO-FR03043_5,5.39472,43.30529,PM10,FR
France,SPO-FR03043_5,5.39472,43.30529,PM10,FR
France,SPO-FR03043_6001,5.39472,43.30529,PM2.5,FR
France,SPO-FR03043_6001,5.39472,43.30529,PM2.5,FR
France,SPO-FR03062_5,5.92709,43.12748,PM10,FR
France,SPO-FR03062_6001,5.92709,43.12748,PM2.5,FR
France,SPO-FR03063_5,5.92440,43.12458,PM10,FR
France,SPO-FR03063_6001,5.92440,43.12458,PM2.5,FR
France,SPO-FR03064_6001,6.01151,43.13590,PM2.5,FR
France,SPO-FR03064_6001,6.01151,43.13590,PM2.5,FR
France,SPO-FR03067_5,6.07561,43.39873,PM10,FR
France,SPO-FR03067_5,6.07561,43.39873,PM10,FR
France,SPO-FR03068_5,5.92161,43.12682,PM10,FR
France,SPO-FR03068_5,5.92161,43.12682,PM10,FR
France,SPO-FR03069_5,6.13132,43.11974,PM10,FR
France,SPO-FR03069_5,6.13132,43.11974,PM10,FR
France,SPO-FR03070_5,6.76839,43.43787,PM10,FR
France,SPO-FR03070_5,6.76839,43.43787,PM10,FR
France,SPO-FR03070_6001,6.76839,43.43787,PM2.5,FR
France,SPO-FR03070_6001,6.76839,43.43787,PM2.5,FR
France,SPO-FR03071_5,5.92418,43.13111,PM10,FR
France,SPO-FR03071_5,5.92418,43.13111,PM10,FR
France,SPO-FR03071_6001,5.92418,43.13111,PM2.5,FR
France,SPO-FR03071_6001,5.92418,43.13111,PM2.5,FR
France,SPO-FR03080_5,4.80434,43.94967,PM10,FR
France,SPO-FR03080_5,4.80434,43.94967,PM10,FR
France,SPO-FR03080_5,4.80434,43.94967,PM10,FR
France,SPO-FR03080_6001,4.80434,43.94967,PM2.5,FR
France,SPO-FR03080_6001,4.80434,43.94967,PM2.5,FR
France,SPO-FR03080_6001,4.80434,43.94967,PM2.5,FR
France,SPO-FR03084_5,4.85673,43.96014,PM10,FR
France,SPO-FR03084_6001,4.85673,43.96014,PM2.5,FR
France,SPO-FR03087_5,4.82491,43.93706,PM10,FR
France,SPO-FR03087_5,4.82491,43.93706,PM10,FR
France,SPO-FR03091_5,4.82688,43.93140,PM10,FR
France,SPO-FR03091_5,4.82688,43.93140,PM10,FR
France,SPO-FR03091_6001,4.82688,43.93140,PM2.5,FR
France,SPO-FR03091_6001,4.82688,43.93140,PM2.5,FR
France,SPO-FR24007_5,7.09315,43.59880,PM10,FR
France,SPO-FR24009_5,7.00592,43.55839,PM10,FR
France,SPO-FR24009_5,7.00592,43.55839,PM10,FR
France,SPO-FR24009_5,7.00592,43.55839,PM10,FR
France,SPO-FR24009_6001,7.00592,43.55839,PM2.5,FR
France,SPO-FR24009_6001,7.00592,43.55839,PM2.5,FR
France,SPO-FR24009_6001,7.00592,43.55839,PM2.5,FR
France,SPO-FR24009_6001,7.00592,43.55839,PM2.5,FR
France,SPO-FR24018_5,5.78613,43.83578,PM10,FR
France,SPO-FR24018_5,5.78613,43.83578,PM10,FR
France,SPO-FR24018_5,5.78613,43.83578,PM10,FR
France,SPO-FR24018_5,5.78613,43.83578,PM10,FR
France,SPO-FR24018_6001,5.78613,43.83578,PM2.5,FR
France,SPO-FR24018_6001,5.78613,43.83578,PM2.5,FR
France,SPO-FR24018_6001,5.78613,43.83578,PM2.5,FR
France,SPO-FR24018_6001,5.78613,43.83578,PM2.5,FR
France,SPO-FR24020_5,7.15785,43.65834,PM10,FR
France,SPO-FR24020_5,7.15785,43.65834,PM10,FR
France,SPO-FR24021_5,7.37328,43.78658,PM10,FR
France,SPO-FR24021_5,7.37328,43.78658,PM10,FR
France,SPO-FR24021_5,7.37328,43.78658,PM10,FR
France,SPO-FR24021_6001,7.37328,43.78658,PM2.5,FR
France,SPO-FR24021_6001,7.37328,43.78658,PM2.5,FR
France,SPO-FR24021_6001,7.37328,43.78658,PM2.5,FR
France,SPO-FR24023_5,7.33238,43.78875,PM10,FR
France,SPO-FR24023_5,7.33238,43.78875,PM10,FR
France,SPO-FR24033_5,6.07302,44.55520,PM10,FR
France,SPO-FR24033_5,6.07302,44.55520,PM10,FR
France,SPO-FR24033_5,6.07302,44.55520,PM10,FR
France,SPO-FR24033_6001,6.07302,44.55520,PM2.5,FR
France,SPO-FR24033_6001,6.07302,44.55520,PM2.5,FR
France,SPO-FR24035_5,7.24207,43.68929,PM10,FR
France,SPO-FR24035_5,7.24207,43.68929,PM10,FR
France,SPO-FR24035_6001,7.24207,43.68929,PM2.5,FR
France,SPO-FR24035_6001,7.24207,43.68929,PM2.5,FR
France,SPO-FR24036_5,7.28626,43.70208,PM10,FR
France,SPO-FR24036_5,7.28626,43.70208,PM10,FR
France,SPO-FR24036_6001,7.28626,43.70208,PM2.5,FR
France,SPO-FR24036_6001,7.28626,43.70208,PM2.5,FR
France,SPO-FR24038_5,6.06724,44.54865,PM10,FR
France,SPO-FR24038_5,6.06724,44.54865,PM10,FR
France,SPO-FR24038_6001,6.06724,44.54865,PM2.5,FR
France,SPO-FR24038_6001,6.06724,44.54865,PM2.5,FR
France,SPO-FR24039_5,5.71181,43.93348,PM10,FR
France,SPO-FR24039_5,5.71181,43.93348,PM10,FR
France,SPO-FR24039_5,5.71181,43.93348,PM10,FR
France,SPO-FR24039_6001,5.71181,43.93348,PM2.5,FR
France,SPO-FR24039_6001,5.71181,43.93348,PM2.5,FR
France,SPO-FR24039_6001,5.71181,43.93348,PM2.5,FR
France,SPO-FR24040_6001,7.04828,43.79191,PM2.5,FR
France,SPO-FR07004_5,3.11383,45.79728,PM10,FR
France,SPO-FR07004_5,3.11383,45.79728,PM10,FR
France,SPO-FR07004_5,3.11383,45.79728,PM10,FR
France,SPO-FR07004_6001,3.11383,45.79728,PM2.5,FR
France,SPO-FR07004_6001,3.11383,45.79728,PM2.5,FR
France,SPO-FR07004_6001,3.11383,45.79728,PM2.5,FR
France,SPO-FR07008_5,3.09458,45.78089,PM10,FR
France,SPO-FR07008_6001,3.09458,45.78089,PM2.5,FR
France,SPO-FR07009_5,3.08750,45.77217,PM10,FR
France,SPO-FR07009_5,3.08750,45.77217,PM10,FR
France,SPO-FR07009_5,3.08750,45.77217,PM10,FR
France,SPO-FR07010_5,2.59800,46.34400,PM10,FR
France,SPO-FR07011_5,2.43678,44.92316,PM10,FR
France,SPO-FR07022_5,3.60067,46.65267,PM10,FR
France,SPO-FR07022_5,3.60067,46.65267,PM10,FR
France,SPO-FR07022_6001,3.60067,46.65267,PM2.5,FR
France,SPO-FR07022_6001,3.60067,46.65267,PM2.5,FR
France,SPO-FR07028_5,2.82981,45.92933,PM10,FR
France,SPO-FR07028_5,2.82981,45.92933,PM10,FR
France,SPO-FR07031_5,3.27736,45.10472,PM10,FR
France,SPO-FR07031_5,3.27736,45.10472,PM10,FR
France,SPO-FR07031_6001,3.27736,45.10472,PM2.5,FR
France,SPO-FR07034_5,3.09625,45.77570,PM10,FR
France,SPO-FR07034_5,3.09625,45.77570,PM10,FR
France,SPO-FR07034_6001,3.09625,45.77570,PM2.5,FR
France,SPO-FR07034_6001,3.09625,45.77570,PM2.5,FR
France,SPO-FR07039_5,3.06298,45.77473,PM10,FR
France,SPO-FR07039_5,3.06298,45.77473,PM10,FR
France,SPO-FR07039_5,3.06298,45.77473,PM10,FR
France,SPO-FR07039_5,3.06298,45.77473,PM10,FR
France,SPO-FR07043_5,3.88881,45.04286,PM10,FR
France,SPO-FR07045_5,3.24825,45.54542,PM10,FR
France,SPO-FR07049_5,3.33109,46.56187,PM10,FR
France,SPO-FR07051_5,3.15500,45.76900,PM10,FR
France,SPO-FR07051_5,3.15500,45.76900,PM10,FR
France,SPO-FR07051_5,3.15500,45.76900,PM10,FR
France,SPO-FR07051_6001,3.15500,45.76900,PM2.5,FR
France,SPO-FR07052_5,2.44108,44.92008,PM10,FR
France,SPO-FR07052_5,2.44108,44.92008,PM10,FR
France,SPO-FR07052_5,2.44108,44.92008,PM10,FR
France,SPO-FR07052_6001,2.44108,44.92008,PM2.5,FR
France,SPO-FR07052_6001,2.44108,44.92008,PM2.5,FR
France,SPO-FR07054_5,3.88700,45.03900,PM10,FR
France,SPO-FR07054_5,3.88700,45.03900,PM10,FR
France,SPO-FR07054_5,3.88700,45.03900,PM10,FR
France,SPO-FR07054_5,3.88700,45.03900,PM10,FR
France,SPO-FR07056_5,4.22601,44.98377,PM10,FR
France,SPO-FR07056_5,4.22601,44.98377,PM10,FR
France,SPO-FR07056_5,4.22601,44.98377,PM10,FR
France,SPO-FR07056_5,4.22601,44.98377,PM10,FR
France,SPO-FR07057_5,3.34064,46.56197,PM10,FR
France,SPO-FR07057_5,3.34064,46.56197,PM10,FR
France,SPO-FR07057_5,3.34064,46.56197,PM10,FR
France,SPO-FR07057_6001,3.34064,46.56197,PM2.5,FR
France,SPO-FR07057_6001,3.34064,46.56197,PM2.5,FR
France,SPO-FR07058_5,2.59395,46.34072,PM10,FR
France,SPO-FR07058_5,2.59395,46.34072,PM10,FR
France,SPO-FR07058_5,2.59395,46.34072,PM10,FR
France,SPO-FR07058_6001,2.59395,46.34072,PM2.5,FR
France,SPO-FR07058_6001,2.59395,46.34072,PM2.5,FR
France,SPO-FR07059_5,3.42569,46.13043,PM10,FR
France,SPO-FR07059_5,3.42569,46.13043,PM10,FR
France,SPO-FR07059_5,3.42569,46.13043,PM10,FR
France,SPO-FR07059_6001,3.42569,46.13043,PM2.5,FR
France,SPO-FR07061_5,3.12225,45.89674,PM10,FR
France,SPO-FR07061_5,3.12225,45.89674,PM10,FR
France,SPO-FR07061_5,3.12225,45.89674,PM10,FR
France,SPO-FR15017_5,5.68702,45.19049,PM10,FR
France,SPO-FR15018_5,5.58942,45.36018,PM10,FR
France,SPO-FR15018_5,5.58942,45.36018,PM10,FR
France,SPO-FR15018_5,5.58942,45.36018,PM10,FR
France,SPO-FR15018_5,5.58942,45.36018,PM10,FR
France,SPO-FR15018_5,5.58942,45.36018,PM10,FR
France,SPO-FR15038_5,5.75310,45.18280,PM10,FR
France,SPO-FR15038_5,5.75310,45.18280,PM10,FR
France,SPO-FR15038_5,5.75310,45.18280,PM10,FR
France,SPO-FR15038_6001,5.75310,45.18280,PM2.5,FR
France,SPO-FR15039_5,5.70376,45.15836,PM10,FR
France,SPO-FR15039_5,5.70376,45.15836,PM10,FR
France,SPO-FR15039_5,5.70376,45.15836,PM10,FR
France,SPO-FR15039_6001,5.70376,45.15836,PM2.5,FR
France,SPO-FR15039_6001,5.70376,45.15836,PM2.5,FR
France,SPO-FR15043_5,5.73560,45.16190,PM10,FR
France,SPO-FR15043_5,5.73560,45.16190,PM10,FR
France,SPO-FR15043_6001,5.73560,45.16190,PM2.5,FR
France,SPO-FR15043_6001,5.73560,45.16190,PM2.5,FR
France,SPO-FR15045_5,5.67670,45.05780,PM10,FR
France,SPO-FR15045_5,5.67670,45.05780,PM10,FR
France,SPO-FR15045_5,5.67670,45.05780,PM10,FR
France,SPO-FR15046_5,5.72063,45.18069,PM10,FR
France,SPO-FR15046_5,5.72063,45.18069,PM10,FR
France,SPO-FR15046_5,5.72063,45.18069,PM10,FR
France,SPO-FR15048_5,5.88220,45.27970,PM10,FR
France,SPO-FR15048_5,5.88220,45.27970,PM10,FR
France,SPO-FR15048_5,5.88220,45.27970,PM10,FR
France,SPO-FR15048_6001,5.88220,45.27970,PM2.5,FR
France,SPO-FR15053_5,5.74523,45.15467,PM10,FR
France,SPO-FR15053_6001,5.74523,45.15467,PM2.5,FR
France,SPO-FR20013_5,4.81816,45.72002,PM10,FR
France,SPO-FR20013_5,4.81816,45.72002,PM10,FR
France,SPO-FR20013_5,4.81816,45.72002,PM10,FR
France,SPO-FR20013_5,4.81816,45.72002,PM10,FR
France,SPO-FR20013_6001,4.81816,45.72002,PM2.5,FR
France,SPO-FR20013_6001,4.81816,45.72002,PM2.5,FR
France,SPO-FR20013_6001,4.81816,45.72002,PM2.5,FR
France,SPO-FR20013_6001,4.81816,45.72002,PM2.5,FR
France,SPO-FR20017_5,4.82979,45.73529,PM10,FR
France,SPO-FR20017_5,4.82979,45.73529,PM10,FR
France,SPO-FR20017_5,4.82979,45.73529,PM10,FR
France,SPO-FR20017_6001,4.82979,45.73529,PM2.5,FR
France,SPO-FR20019_5,4.88621,45.75836,PM10,FR
France,SPO-FR20029_5,4.84590,45.66390,PM10,FR
France,SPO-FR20029_5,4.84590,45.66390,PM10,FR
France,SPO-FR20029_5,4.84590,45.66390,PM10,FR
France,SPO-FR20029_5,4.84590,45.66390,PM10,FR
France,SPO-FR20031_5,4.86440,45.70780,PM10,FR
France,SPO-FR20031_5,4.86440,45.70780,PM10,FR
France,SPO-FR20037_5,4.80220,45.60190,PM10,FR
France,SPO-FR20037_5,4.80220,45.60190,PM10,FR
France,SPO-FR20037_5,4.80220,45.60190,PM10,FR
France,SPO-FR20037_6001,4.80220,45.60190,PM2.5,FR
France,SPO-FR20045_5,4.98030,45.73170,PM10,FR
France,SPO-FR20045_5,4.98030,45.73170,PM10,FR
France,SPO-FR20046_5,4.92470,45.77890,PM10,FR
France,SPO-FR20046_5,4.92470,45.77890,PM10,FR
France,SPO-FR20046_5,4.92470,45.77890,PM10,FR
France,SPO-FR20046_6001,4.92470,45.77890,PM2.5,FR
France,SPO-FR20046_6001,4.92470,45.77890,PM2.5,FR
France,SPO-FR20046_6001,4.92470,45.77890,PM2.5,FR
France,SPO-FR20046_6001,4.92470,45.77890,PM2.5,FR
France,SPO-FR20046_6001,4.92470,45.77890,PM2.5,FR
France,SPO-FR20046_6001,4.92470,45.77890,PM2.5,FR
France,SPO-FR20047_5,4.95396,45.82322,PM10,FR
France,SPO-FR20047_5,4.95396,45.82322,PM10,FR
France,SPO-FR20047_5,4.95396,45.82322,PM10,FR
France,SPO-FR20048_5,5.07220,45.75330,PM10,FR
France,SPO-FR20048_5,5.07220,45.75330,PM10,FR
France,SPO-FR20048_5,5.07220,45.75330,PM10,FR
France,SPO-FR20048_6001,5.07220,45.75330,PM2.5,FR
France,SPO-FR20061_5,4.71964,45.98622,PM10,FR
France,SPO-FR20061_5,4.71964,45.98622,PM10,FR
France,SPO-FR20061_6001,4.71964,45.98622,PM2.5,FR
France,SPO-FR20062_5,4.85421,45.75773,PM10,FR
France,SPO-FR20062_5,4.85421,45.75773,PM10,FR
France,SPO-FR20062_6001,4.85421,45.75773,PM2.5,FR
France,SPO-FR20062_6001,4.85421,45.75773,PM2.5,FR
France,SPO-FR20068_5,4.79611,45.93627,PM10,FR
France,SPO-FR20069_5,4.89857,45.77482,PM10,FR
France,SPO-FR20069_5,4.89857,45.77482,PM10,FR
France,SPO-FR20070_5,4.84439,45.74969,PM10,FR
France,SPO-FR20070_5,4.84439,45.74969,PM10,FR
France,SPO-FR20077_5,4.71557,45.99011,PM10,FR
France,SPO-FR20077_5,4.71557,45.99011,PM10,FR
France,SPO-FR20077_6001,4.71557,45.99011,PM2.5,FR
France,SPO-FR20077_6001,4.71557,45.99011,PM2.5,FR
France,SPO-FR27002_5,4.80515,45.36782,PM10,FR
France,SPO-FR27002_5,4.80515,45.36782,PM10,FR
France,SPO-FR27002_5,4.80515,45.36782,PM10,FR
France,SPO-FR27002_5,4.80515,45.36782,PM10,FR
France,SPO-FR27002_5,4.80515,45.36782,PM10,FR
France,SPO-FR27004_5,4.87541,45.52597,PM10,FR
France,SPO-FR27004_6001,4.87541,45.52597,PM2.5,FR
France,SPO-FR27007_5,5.27087,45.60822,PM10,FR
France,SPO-FR27007_5,5.27087,45.60822,PM10,FR
France,SPO-FR27007_5,5.27087,45.60822,PM10,FR
France,SPO-FR27007_5,5.27087,45.60822,PM10,FR
France,SPO-FR27007_6001,5.27087,45.60822,PM2.5,FR
France,SPO-FR27008_5,4.80485,45.35327,PM10,FR
France,SPO-FR27008_5,4.80485,45.35327,PM10,FR
France,SPO-FR27008_6001,4.80485,45.35327,PM2.5,FR
France,SPO-FR27008_6001,4.80485,45.35327,PM2.5,FR
France,SPO-FR27011_5,4.80748,45.34408,PM10,FR
France,SPO-FR27011_6001,4.80748,45.34408,PM2.5,FR
France,SPO-FR29421_5,4.38978,45.46672,PM10,FR
France,SPO-FR29423_5,4.07466,46.04111,PM10,FR
France,SPO-FR29423_5,4.07466,46.04111,PM10,FR
France,SPO-FR29423_5,4.07466,46.04111,PM10,FR
France,SPO-FR29423_5,4.07466,46.04111,PM10,FR
France,SPO-FR29424_5,4.39542,45.42009,PM10,FR
France,SPO-FR29424_5,4.39542,45.42009,PM10,FR
France,SPO-FR29424_5,4.39542,45.42009,PM10,FR
France,SPO-FR29424_6001,4.39542,45.42009,PM2.5,FR
France,SPO-FR29424_6001,4.39542,45.42009,PM2.5,FR
France,SPO-FR29424_6001,4.39542,45.42009,PM2.5,FR
France,SPO-FR29426_5,4.51500,45.47533,PM10,FR
France,SPO-FR29426_5,4.51500,45.47533,PM10,FR
France,SPO-FR29426_5,4.51500,45.47533,PM10,FR
France,SPO-FR29426_5,4.51500,45.47533,PM10,FR
France,SPO-FR29426_6001,4.51500,45.47533,PM2.5,FR
France,SPO-FR29426_6001,4.51500,45.47533,PM2.5,FR
France,SPO-FR29426_6001,4.51500,45.47533,PM2.5,FR
France,SPO-FR29426_6001,4.51500,45.47533,PM2.5,FR
France,SPO-FR29428_5,4.41283,45.42208,PM10,FR
France,SPO-FR29428_5,4.41283,45.42208,PM10,FR
France,SPO-FR29428_6001,4.41283,45.42208,PM2.5,FR
France,SPO-FR29428_6001,4.41283,45.42208,PM2.5,FR
France,SPO-FR29429_5,4.62394,45.53342,PM10,FR
France,SPO-FR29429_5,4.62394,45.53342,PM10,FR
France,SPO-FR29429_5,4.62394,45.53342,PM10,FR
France,SPO-FR29429_5,4.62394,45.53342,PM10,FR
France,SPO-FR29439_5,4.42967,45.48178,PM10,FR
France,SPO-FR29439_5,4.42967,45.48178,PM10,FR
France,SPO-FR29439_5,4.42967,45.48178,PM10,FR
France,SPO-FR29440_5,4.61582,45.38958,PM10,FR
France,SPO-FR29441_5,4.38876,45.44798,PM10,FR
France,SPO-FR29441_5,4.38876,45.44798,PM10,FR
France,SPO-FR33101_5,5.92833,45.56472,PM10,FR
France,SPO-FR33101_5,5.92833,45.56472,PM10,FR
France,SPO-FR33101_5,5.92833,45.56472,PM10,FR
France,SPO-FR33101_5,5.92833,45.56472,PM10,FR
France,SPO-FR33101_6001,5.92833,45.56472,PM2.5,FR
France,SPO-FR33101_6001,5.92833,45.56472,PM2.5,FR
France,SPO-FR33101_6001,5.92833,45.56472,PM2.5,FR
France,SPO-FR33101_6001,5.92833,45.56472,PM2.5,FR
France,SPO-FR33102_5,5.91861,45.59667,PM10,FR
France,SPO-FR33102_5,5.91861,45.59667,PM10,FR
France,SPO-FR33102_5,5.91861,45.59667,PM10,FR
France,SPO-FR33102_5,5.91861,45.59667,PM10,FR
France,SPO-FR33102_5,5.91861,45.59667,PM10,FR
France,SPO-FR33105_5,5.93299,45.56943,PM10,FR
France,SPO-FR33105_5,5.93299,45.56943,PM10,FR
France,SPO-FR33105_5,5.93299,45.56943,PM10,FR
France,SPO-FR33111_5,6.34972,45.27472,PM10,FR
France,SPO-FR33111_5,6.34972,45.27472,PM10,FR
France,SPO-FR33113_5,6.48033,45.20937,PM10,FR
France,SPO-FR33113_5,6.48033,45.20937,PM10,FR
France,SPO-FR33114_5,6.39719,45.25199,PM10,FR
France,SPO-FR33120_5,6.87000,45.92250,PM10,FR
France,SPO-FR33120_5,6.87000,45.92250,PM10,FR
France,SPO-FR33121_5,6.38972,45.67500,PM10,FR
France,SPO-FR33121_5,6.38972,45.67500,PM10,FR
France,SPO-FR33121_5,6.38972,45.67500,PM10,FR
France,SPO-FR33121_6001,6.38972,45.67500,PM2.5,FR
France,SPO-FR33121_6001,6.38972,45.67500,PM2.5,FR
France,SPO-FR33122_5,6.47111,45.53583,PM10,FR
France,SPO-FR33122_5,6.47111,45.53583,PM10,FR
France,SPO-FR33122_5,6.47111,45.53583,PM10,FR
France,SPO-FR33201_5,6.11833,45.89528,PM10,FR
France,SPO-FR33201_5,6.11833,45.89528,PM10,FR
France,SPO-FR33201_5,6.11833,45.89528,PM10,FR
France,SPO-FR33201_6001,6.11833,45.89528,PM2.5,FR
France,SPO-FR33201_6001,6.11833,45.89528,PM2.5,FR
France,SPO-FR33201_6001,6.11833,45.89528,PM2.5,FR
France,SPO-FR33201_6001,6.11833,45.89528,PM2.5,FR
France,SPO-FR33202_5,6.13556,45.91694,PM10,FR
France,SPO-FR33202_5,6.13556,45.91694,PM10,FR
France,SPO-FR33202_5,6.13556,45.91694,PM10,FR
France,SPO-FR33203_5,6.11825,45.90970,PM10,FR
France,SPO-FR33203_5,6.11825,45.90970,PM10,FR
France,SPO-FR33211_5,6.24056,46.19583,PM10,FR
France,SPO-FR33211_5,6.24056,46.19583,PM10,FR
France,SPO-FR33211_5,6.24056,46.19583,PM10,FR
France,SPO-FR33211_6001,6.24056,46.19583,PM2.5,FR
France,SPO-FR33211_6001,6.24056,46.19583,PM2.5,FR
France,SPO-FR33212_5,6.21486,46.19369,PM10,FR
France,SPO-FR33212_5,6.21486,46.19369,PM10,FR
France,SPO-FR33212_5,6.21486,46.19369,PM10,FR
France,SPO-FR33212_5,6.21486,46.19369,PM10,FR
France,SPO-FR33212_6001,6.21486,46.19369,PM2.5,FR
France,SPO-FR33212_6001,6.21486,46.19369,PM2.5,FR
France,SPO-FR33212_6001,6.21486,46.19369,PM2.5,FR
France,SPO-FR33212_6001,6.21486,46.19369,PM2.5,FR
France,SPO-FR33213_5,6.23554,46.19081,PM10,FR
France,SPO-FR33220_5,6.71361,45.92361,PM10,FR
France,SPO-FR33220_5,6.71361,45.92361,PM10,FR
France,SPO-FR33220_5,6.71361,45.92361,PM10,FR
France,SPO-FR33220_6001,6.71361,45.92361,PM2.5,FR
France,SPO-FR33220_6001,6.71361,45.92361,PM2.5,FR
France,SPO-FR33232_5,6.84583,45.90722,PM10,FR
France,SPO-FR33232_5,6.84583,45.90722,PM10,FR
France,SPO-FR33232_5,6.84583,45.90722,PM10,FR
France,SPO-FR33232_5,6.84583,45.90722,PM10,FR
France,SPO-FR33302_5,5.82083,46.07222,PM10,FR
France,SPO-FR33302_5,5.82083,46.07222,PM10,FR
France,SPO-FR33302_5,5.82083,46.07222,PM10,FR
France,SPO-FR33302_6001,5.82083,46.07222,PM2.5,FR
France,SPO-FR33302_6001,5.82083,46.07222,PM2.5,FR
France,SPO-FR33305_5,5.22639,46.21167,PM10,FR
France,SPO-FR33305_5,5.22639,46.21167,PM10,FR
France,SPO-FR33305_5,5.22639,46.21167,PM10,FR
France,SPO-FR33305_6001,5.22639,46.21167,PM2.5,FR
France,SPO-FR33305_6001,5.22639,46.21167,PM2.5,FR
France,SPO-FR36001_5,4.87629,44.87024,PM10,FR
France,SPO-FR36001_5,4.87629,44.87024,PM10,FR
France,SPO-FR36001_5,4.87629,44.87024,PM10,FR
France,SPO-FR36001_5,4.87629,44.87024,PM10,FR
France,SPO-FR36002_5,4.89348,44.93351,PM10,FR
France,SPO-FR36002_5,4.89348,44.93351,PM10,FR
France,SPO-FR36002_5,4.89348,44.93351,PM10,FR
France,SPO-FR36002_5,4.89348,44.93351,PM10,FR
France,SPO-FR36002_6001,4.89348,44.93351,PM2.5,FR
France,SPO-FR36002_6001,4.89348,44.93351,PM2.5,FR
France,SPO-FR36002_6001,4.89348,44.93351,PM2.5,FR
France,SPO-FR36003_5,4.88975,44.94894,PM10,FR
France,SPO-FR36003_5,4.88975,44.94894,PM10,FR
France,SPO-FR36003_6001,4.88975,44.94894,PM2.5,FR
France,SPO-FR36003_6001,4.88975,44.94894,PM2.5,FR
France,SPO-FR36005_5,5.08987,44.52074,PM10,FR
France,SPO-FR36005_6001,5.08987,44.52074,PM2.5,FR
France,SPO-FR36019_5,5.04430,45.04250,PM10,FR
France,SPO-FR36019_5,5.04430,45.04250,PM10,FR
France,SPO-FR36019_5,5.04430,45.04250,PM10,FR
France,SPO-FR36019_6001,5.04430,45.04250,PM2.5,FR
France,SPO-FR36019_6001,5.04430,45.04250,PM2.5,FR
France,SPO-FR36021_5,5.27897,44.56944,PM10,FR
France,SPO-FR36021_5,5.27897,44.56944,PM10,FR
France,SPO-FR36021_5,5.27897,44.56944,PM10,FR
France,SPO-FR36021_6001,5.27897,44.56944,PM2.5,FR
France,SPO-FR36021_6001,5.27897,44.56944,PM2.5,FR
France,SPO-FR36021_6001,5.27897,44.56944,PM2.5,FR
France,SPO-FR36022_5,4.38498,44.62228,PM10,FR
France,SPO-FR36025_5,4.67260,45.24282,PM10,FR
France,SPO-FR36032_5,4.89013,44.94920,PM10,FR
France,SPO-FR36032_5,4.89013,44.94920,PM10,FR
France,SPO-FR36032_6001,4.89013,44.94920,PM2.5,FR
France,SPO-FR36032_6001,4.89013,44.94920,PM2.5,FR
France,SPO-FR19002_5,-1.66586,48.10861,PM10,FR
France,SPO-FR19002_5,-1.66586,48.10861,PM10,FR
France,SPO-FR19002_5,-1.66586,48.10861,PM10,FR
France,SPO-FR19002_5,-1.66586,48.10861,PM10,FR
France,SPO-FR19002_5,-1.66586,48.10861,PM10,FR
France,SPO-FR19002_5,-1.66586,48.10861,PM10,FR
France,SPO-FR19002_5,-1.66586,48.10861,PM10,FR
France,SPO-FR19002_6001,-1.66586,48.10861,PM2.5,FR
France,SPO-FR19002_6001,-1.66586,48.10861,PM2.5,FR
France,SPO-FR19002_6001,-1.66586,48.10861,PM2.5,FR
France,SPO-FR19002_6001,-1.66586,48.10861,PM2.5,FR
France,SPO-FR19005_5,-1.65972,48.08861,PM10,FR
France,SPO-FR19008_5,-1.83633,47.83192,PM10,FR
France,SPO-FR19008_5,-1.83633,47.83192,PM10,FR
France,SPO-FR19008_5,-1.83633,47.83192,PM10,FR
France,SPO-FR19008_5,-1.83633,47.83192,PM10,FR
France,SPO-FR19008_5,-1.83633,47.83192,PM10,FR
France,SPO-FR19008_6001,-1.83633,47.83192,PM2.5,FR
France,SPO-FR19008_6001,-1.83633,47.83192,PM2.5,FR
France,SPO-FR19008_6001,-1.83633,47.83192,PM2.5,FR
France,SPO-FR19008_6001,-1.83633,47.83192,PM2.5,FR
France,SPO-FR19008_6001,-1.83633,47.83192,PM2.5,FR
France,SPO-FR19012_5,-4.48660,48.38618,PM10,FR
France,SPO-FR19012_5,-4.48660,48.38618,PM10,FR
France,SPO-FR19012_5,-4.48660,48.38618,PM10,FR
France,SPO-FR19012_5,-4.48660,48.38618,PM10,FR
France,SPO-FR19012_6001,-4.48660,48.38618,PM2.5,FR
France,SPO-FR19012_6001,-4.48660,48.38618,PM2.5,FR
France,SPO-FR19012_6001,-4.48660,48.38618,PM2.5,FR
France,SPO-FR19012_6001,-4.48660,48.38618,PM2.5,FR
France,SPO-FR19012_6001,-4.48660,48.38618,PM2.5,FR
France,SPO-FR19014_5,-4.48871,48.39746,PM10,FR
France,SPO-FR19014_5,-4.48871,48.39746,PM10,FR
France,SPO-FR19014_5,-4.48871,48.39746,PM10,FR
France,SPO-FR19014_5,-4.48871,48.39746,PM10,FR
France,SPO-FR19014_6001,-4.48871,48.39746,PM2.5,FR
France,SPO-FR19014_6001,-4.48871,48.39746,PM2.5,FR
France,SPO-FR19017_5,-1.65911,48.08965,PM10,FR
France,SPO-FR19017_5,-1.65911,48.08965,PM10,FR
France,SPO-FR19017_6001,-1.65911,48.08965,PM2.5,FR
France,SPO-FR19017_6001,-1.65911,48.08965,PM2.5,FR
France,SPO-FR19017_6001,-1.65911,48.08965,PM2.5,FR
France,SPO-FR19017_6001,-1.65911,48.08965,PM2.5,FR
France,SPO-FR19020_5,-2.94363,48.26196,PM10,FR
France,SPO-FR19020_5,-2.94363,48.26196,PM10,FR
France,SPO-FR19020_5,-2.94363,48.26196,PM10,FR
France,SPO-FR19020_6001,-2.94363,48.26196,PM2.5,FR
France,SPO-FR19020_6001,-2.94363,48.26196,PM2.5,FR
France,SPO-FR19020_6001,-2.94363,48.26196,PM2.5,FR
France,SPO-FR19032_5,-3.39501,47.74250,PM10,FR
France,SPO-FR19032_5,-3.39501,47.74250,PM10,FR
France,SPO-FR19032_5,-3.39501,47.74250,PM10,FR
France,SPO-FR19032_5,-3.39501,47.74250,PM10,FR
France,SPO-FR19032_6001,-3.39501,47.74250,PM2.5,FR
France,SPO-FR19032_6001,-3.39501,47.74250,PM2.5,FR
France,SPO-FR19032_6001,-3.39501,47.74250,PM2.5,FR
France,SPO-FR19032_6001,-3.39501,47.74250,PM2.5,FR
France,SPO-FR19033_5,-2.76399,47.64892,PM10,FR
France,SPO-FR19033_5,-2.76399,47.64892,PM10,FR
France,SPO-FR19033_5,-2.76399,47.64892,PM10,FR
France,SPO-FR19033_5,-2.76399,47.64892,PM10,FR
France,SPO-FR19033_6001,-2.76399,47.64892,PM2.5,FR
France,SPO-FR19033_6001,-2.76399,47.64892,PM2.5,FR
France,SPO-FR19033_6001,-2.76399,47.64892,PM2.5,FR
France,SPO-FR19033_6001,-2.76399,47.64892,PM2.5,FR
France,SPO-FR19037_5,-3.36938,47.75895,PM10,FR
France,SPO-FR19037_6001,-3.36938,47.75895,PM2.5,FR
France,SPO-FR19039_5,-1.67309,48.11521,PM10,FR
France,SPO-FR19039_6001,-1.67309,48.11521,PM2.5,FR
France,SPO-FR19051_5,-4.10414,47.99816,PM10,FR
France,SPO-FR19052_5,-4.09972,47.99612,PM10,FR
France,SPO-FR19052_5,-4.09972,47.99612,PM10,FR
France,SPO-FR19052_5,-4.09972,47.99612,PM10,FR
France,SPO-FR19052_5,-4.09972,47.99612,PM10,FR
France,SPO-FR19053_5,-4.09766,47.98661,PM10,FR
France,SPO-FR19053_5,-4.09766,47.98661,PM10,FR
France,SPO-FR19053_6001,-4.09766,47.98661,PM2.5,FR
France,SPO-FR19061_5,-2.74953,48.51351,PM10,FR
France,SPO-FR19061_5,-2.74953,48.51351,PM10,FR
France,SPO-FR19061_5,-2.74953,48.51351,PM10,FR
France,SPO-FR19061_5,-2.74953,48.51351,PM10,FR
France,SPO-FR19061_6001,-2.74953,48.51351,PM2.5,FR
France,SPO-FR19082_5,-2.00268,48.65306,PM10,FR
France,SPO-FR19082_5,-2.00268,48.65306,PM10,FR
France,SPO-FR19082_6001,-2.00268,48.65306,PM2.5,FR
France,SPO-FR06001_5,3.50804,50.35853,PM10,FR
France,SPO-FR06001_5,3.50804,50.35853,PM10,FR
France,SPO-FR06001_6001,3.50804,50.35853,PM2.5,FR
France,SPO-FR06003_5,3.06586,50.37822,PM10,FR
France,SPO-FR06003_5,3.06586,50.37822,PM10,FR
France,SPO-FR06003_5,3.06586,50.37822,PM10,FR
France,SPO-FR06003_6001,3.06586,50.37822,PM2.5,FR
France,SPO-FR06003_6001,3.06586,50.37822,PM2.5,FR
France,SPO-FR06006_5,3.52273,50.36425,PM10,FR
France,SPO-FR06006_5,3.52273,50.36425,PM10,FR
France,SPO-FR06006_5,3.52273,50.36425,PM10,FR
France,SPO-FR06006_6001,3.52273,50.36425,PM2.5,FR
France,SPO-FR06006_6001,3.52273,50.36425,PM2.5,FR
France,SPO-FR06007_5,3.97691,50.27936,PM10,FR
France,SPO-FR06007_5,3.97691,50.27936,PM10,FR
France,SPO-FR06009_5,3.23606,50.17249,PM10,FR
France,SPO-FR06009_6001,3.23606,50.17249,PM2.5,FR
France,SPO-FR06011_5,3.39593,50.32276,PM10,FR
France,SPO-FR06011_5,3.39593,50.32276,PM10,FR
France,SPO-FR06011_5,3.39593,50.32276,PM10,FR
France,SPO-FR06011_6001,3.39593,50.32276,PM2.5,FR
France,SPO-FR06011_6001,3.39593,50.32276,PM2.5,FR
France,SPO-FR06011_6001,3.39593,50.32276,PM2.5,FR
France,SPO-FR06022_5,3.33942,50.36641,PM10,FR
France,SPO-FR06023_5,3.55181,50.42029,PM10,FR
France,SPO-FR06023_5,3.55181,50.42029,PM10,FR
France,SPO-FR06133_5,3.85003,50.09225,PM10,FR
France,SPO-FR06133_6001,3.85003,50.09225,PM2.5,FR
France,SPO-FR10004_5,2.42004,51.04858,PM10,FR
France,SPO-FR10004_5,2.42004,51.04858,PM10,FR
France,SPO-FR10004_5,2.42004,51.04858,PM10,FR
France,SPO-FR10004_6001,2.42004,51.04858,PM2.5,FR
France,SPO-FR10004_6001,2.42004,51.04858,PM2.5,FR
France,SPO-FR10007_5,2.33520,51.03381,PM10,FR
France,SPO-FR10012_5,2.25099,51.01943,PM10,FR
France,SPO-FR10012_5,2.25099,51.01943,PM10,FR
France,SPO-FR10016_5,1.84308,50.94729,PM10,FR
France,SPO-FR10016_5,1.84308,50.94729,PM10,FR
France,SPO-FR10016_5,1.84308,50.94729,PM10,FR
France,SPO-FR10016_6001,1.84308,50.94729,PM2.5,FR
France,SPO-FR10016_6001,1.84308,50.94729,PM2.5,FR
France,SPO-FR10016_6001,1.84308,50.94729,PM2.5,FR
France,SPO-FR10017_5,2.33236,51.03276,PM10,FR
France,SPO-FR10017_5,2.33236,51.03276,PM10,FR
France,SPO-FR10017_5,2.33236,51.03276,PM10,FR
France,SPO-FR10017_6001,2.33236,51.03276,PM2.5,FR
France,SPO-FR10025_5,1.76917,50.94989,PM10,FR
France,SPO-FR10025_5,1.76917,50.94989,PM10,FR
France,SPO-FR10025_5,1.76917,50.94989,PM10,FR
France,SPO-FR10026_5,1.89008,50.95780,PM10,FR
France,SPO-FR10026_5,1.89008,50.95780,PM10,FR
France,SPO-FR10028_5,2.14317,50.98106,PM10,FR
France,SPO-FR10028_5,2.14317,50.98106,PM10,FR
France,SPO-FR10029_5,2.36627,50.99594,PM10,FR
France,SPO-FR10029_5,2.36627,50.99594,PM10,FR
France,SPO-FR10029_6001,2.36627,50.99594,PM2.5,FR
France,SPO-FR10029_6001,2.36627,50.99594,PM2.5,FR
France,SPO-FR10030_5,1.60591,50.71703,PM10,FR
France,SPO-FR10030_6001,1.60591,50.71703,PM2.5,FR
France,SPO-FR10031_5,1.60810,50.71247,PM10,FR
France,SPO-FR10031_5,1.60810,50.71247,PM10,FR
France,SPO-FR10032_5,1.57657,50.69435,PM10,FR
France,SPO-FR10032_5,1.57657,50.69435,PM10,FR
France,SPO-FR10034_5,2.30215,51.02446,PM10,FR
France,SPO-FR10034_5,2.30215,51.02446,PM10,FR
France,SPO-FR10041_5,2.25978,50.74823,PM10,FR
France,SPO-FR10041_5,2.25978,50.74823,PM10,FR
France,SPO-FR10132_5,1.99145,50.61048,PM10,FR
France,SPO-FR10132_5,1.99145,50.61048,PM10,FR
France,SPO-FR10132_6001,1.99145,50.61048,PM2.5,FR
France,SPO-FR10132_6001,1.99145,50.61048,PM2.5,FR
France,SPO-FR11007_6001,3.07477,50.64079,PM2.5,FR
France,SPO-FR11016_5,3.07656,50.67003,PM10,FR
France,SPO-FR11016_5,3.07656,50.67003,PM10,FR
France,SPO-FR11016_5,3.07656,50.67003,PM10,FR
France,SPO-FR11016_5,3.07656,50.67003,PM10,FR
France,SPO-FR11016_5,3.07656,50.67003,PM10,FR
France,SPO-FR11022_5,2.88004,50.68719,PM10,FR
France,SPO-FR11022_5,2.88004,50.68719,PM10,FR
France,SPO-FR11025_5,3.09031,50.62805,PM10,FR
France,SPO-FR11025_5,3.09031,50.62805,PM10,FR
France,SPO-FR11025_6001,3.09031,50.62805,PM2.5,FR
France,SPO-FR11027_5,3.15906,50.72420,PM10,FR
France,SPO-FR11030_5,2.83900,50.53203,PM10,FR
France,SPO-FR11030_5,2.83900,50.53203,PM10,FR
France,SPO-FR11034_5,3.18066,50.70654,PM10,FR
France,SPO-FR11034_5,3.18066,50.70654,PM10,FR
France,SPO-FR11034_6001,3.18066,50.70654,PM2.5,FR
France,SPO-FR11034_6001,3.18066,50.70654,PM2.5,FR
France,SPO-FR11038_5,3.17361,50.73333,PM10,FR
France,SPO-FR11038_6001,3.17361,50.73333,PM2.5,FR
France,SPO-FR18019_5,2.48217,49.27639,PM10,FR
France,SPO-FR18019_5,2.48217,49.27639,PM10,FR
France,SPO-FR18035_5,2.23981,49.86889,PM10,FR
France,SPO-FR18035_5,2.23981,49.86889,PM10,FR
France,SPO-FR18039_5,1.61083,50.12945,PM10,FR
France,SPO-FR18039_5,1.61083,50.12945,PM10,FR
France,SPO-FR18039_5,1.61083,50.12945,PM10,FR
France,SPO-FR18039_6001,1.61083,50.12945,PM2.5,FR
France,SPO-FR18039_6001,1.61083,50.12945,PM2.5,FR
France,SPO-FR18042_5,3.28400,49.85133,PM10,FR
France,SPO-FR18042_5,3.28400,49.85133,PM10,FR
France,SPO-FR18042_6001,3.28400,49.85133,PM2.5,FR
France,SPO-FR18042_6001,3.28400,49.85133,PM2.5,FR
France,SPO-FR18043_5,2.47440,49.25955,PM10,FR
France,SPO-FR18043_5,2.47440,49.25955,PM10,FR
France,SPO-FR18043_6001,2.47440,49.25955,PM2.5,FR
France,SPO-FR18043_6001,2.47440,49.25955,PM2.5,FR
France,SPO-FR18045_6001,2.80114,49.69670,PM2.5,FR
France,SPO-FR18049_5,3.22334,49.61311,PM10,FR
France,SPO-FR18049_5,3.22334,49.61311,PM10,FR
France,SPO-FR18053_5,2.30460,49.90167,PM10,FR
France,SPO-FR18053_5,2.30460,49.90167,PM10,FR
France,SPO-FR18053_6001,2.30460,49.90167,PM2.5,FR
France,SPO-FR18053_6001,2.30460,49.90167,PM2.5,FR
France,SPO-FR18053_6001,2.30460,49.90167,PM2.5,FR
France,SPO-FR18057_5,3.26082,49.17493,PM10,FR
France,SPO-FR18057_5,3.26082,49.17493,PM10,FR
France,SPO-FR18057_5,3.26082,49.17493,PM10,FR
France,SPO-FR18057_6001,3.26082,49.17493,PM2.5,FR
France,SPO-FR18057_6001,3.26082,49.17493,PM2.5,FR
France,SPO-FR18057_6001,3.26082,49.17493,PM2.5,FR
France,SPO-FR18058_5,1.96326,49.61563,PM10,FR
France,SPO-FR18058_6001,1.96326,49.61563,PM2.5,FR
France,SPO-FR18079_5,2.28250,49.87722,PM10,FR
France,SPO-FR18079_6001,2.28250,49.87722,PM2.5,FR
France,SPO-FR18080_6001,3.28144,49.84282,PM2.5,FR
France,SPO-FR18089_5,2.08429,49.43593,PM10,FR
France,SPO-FR18089_6001,2.08429,49.43593,PM2.5,FR
France,SPO-FR28010_5,2.90000,50.44914,PM10,FR
France,SPO-FR28010_5,2.90000,50.44914,PM10,FR
France,SPO-FR28010_5,2.90000,50.44914,PM10,FR
France,SPO-FR28010_6001,2.90000,50.44914,PM2.5,FR
France,SPO-FR28020_5,2.66130,50.48393,PM10,FR
France,SPO-FR28022_5,2.80737,50.30886,PM10,FR
France,SPO-FR28022_5,2.80737,50.30886,PM10,FR
France,SPO-FR28022_6001,2.80737,50.30886,PM2.5,FR
France,SPO-FR28022_6001,2.80737,50.30886,PM2.5,FR
France,SPO-FR28023_5,2.86725,50.49651,PM10,FR
France,SPO-FR28023_5,2.86725,50.49651,PM10,FR
France,SPO-FR28023_5,2.86725,50.49651,PM10,FR
France,SPO-FR28027_5,3.02964,50.43464,PM10,FR
France,SPO-FR28027_5,3.02964,50.43464,PM10,FR
France,SPO-FR28028_5,2.63569,50.53539,PM10,FR
France,SPO-FR28028_5,2.63569,50.53539,PM10,FR
France,SPO-FR28028_5,2.63569,50.53539,PM10,FR
France,SPO-FR28028_6001,2.63569,50.53539,PM2.5,FR
France,SPO-FR28028_6001,2.63569,50.53539,PM2.5,FR
France,SPO-FR28033_5,2.66642,50.48972,PM10,FR
France,SPO-FR28034_5,2.47334,50.62587,PM10,FR
France,SPO-FR28115_5,2.83611,50.42860,PM10,FR
France,SPO-FR28115_5,2.83611,50.42860,PM10,FR
France,SPO-FR28131_5,2.82668,50.43680,PM10,FR
France,SPO-FR01001_5,5.80445,49.53500,PM10,FR
France,SPO-FR01001_5,5.80445,49.53500,PM10,FR
France,SPO-FR01005_5,6.07611,49.32472,PM10,FR
France,SPO-FR01005_5,6.07611,49.32472,PM10,FR
France,SPO-FR01006_5,6.14000,49.32083,PM10,FR
France,SPO-FR01009_5,6.13250,49.27139,PM10,FR
France,SPO-FR01009_5,6.13250,49.27139,PM10,FR
France,SPO-FR01010_5,6.18639,49.16416,PM10,FR
France,SPO-FR01011_5,6.18083,49.11944,PM10,FR
France,SPO-FR01011_5,6.18083,49.11944,PM10,FR
France,SPO-FR01011_6001,6.18083,49.11944,PM2.5,FR
France,SPO-FR01011_6001,6.18083,49.11944,PM2.5,FR
France,SPO-FR01012_5,6.22334,49.11028,PM10,FR
France,SPO-FR01012_5,6.22334,49.11028,PM10,FR
France,SPO-FR01012_5,6.22334,49.11028,PM10,FR
France,SPO-FR01012_6001,6.22334,49.11028,PM2.5,FR
France,SPO-FR01014_5,6.05834,48.91500,PM10,FR
France,SPO-FR01014_5,6.05834,48.91500,PM10,FR
France,SPO-FR01014_5,6.05834,48.91500,PM10,FR
France,SPO-FR01015_5,6.05139,48.88472,PM10,FR
France,SPO-FR01015_5,6.05139,48.88472,PM10,FR
France,SPO-FR01016_5,6.09361,48.88639,PM10,FR
France,SPO-FR01016_5,6.09361,48.88639,PM10,FR
France,SPO-FR01017_5,6.17278,49.09611,PM10,FR
France,SPO-FR01019_5,6.16083,49.36861,PM10,FR
France,SPO-FR01019_5,6.16083,49.36861,PM10,FR
France,SPO-FR01019_5,6.16083,49.36861,PM10,FR
France,SPO-FR01020_5,6.15694,49.35834,PM10,FR
France,SPO-FR01020_5,6.15694,49.35834,PM10,FR
France,SPO-FR01020_6001,6.15694,49.35834,PM2.5,FR
France,SPO-FR01020_6001,6.15694,49.35834,PM2.5,FR
France,SPO-FR01022_5,6.20723,49.13112,PM10,FR
France,SPO-FR01022_5,6.20723,49.13112,PM10,FR
France,SPO-FR01059_5,6.08207,49.33740,PM10,FR
France,SPO-FR01059_5,6.08207,49.33740,PM10,FR
France,SPO-FR01059_5,6.08207,49.33740,PM10,FR
France,SPO-FR01060_5,6.21267,49.16885,PM10,FR
France,SPO-FR01064_5,6.18122,49.12508,PM10,FR
France,SPO-FR01064_5,6.18122,49.12508,PM10,FR
France,SPO-FR01065_6001,5.38746,49.16778,PM2.5,FR
France,SPO-FR01065_6001,5.38746,49.16778,PM2.5,FR
France,SPO-FR14008_5,4.63000,49.90778,PM10,FR
France,SPO-FR14008_5,4.63000,49.90778,PM10,FR
France,SPO-FR14008_5,4.63000,49.90778,PM10,FR
France,SPO-FR14008_6001,4.63000,49.90778,PM2.5,FR
France,SPO-FR14008_6001,4.63000,49.90778,PM2.5,FR
France,SPO-FR14008_6001,4.63000,49.90778,PM2.5,FR
France,SPO-FR14008_6001,4.63000,49.90778,PM2.5,FR
France,SPO-FR14010_5,4.05111,49.28222,PM10,FR
France,SPO-FR14010_5,4.05111,49.28222,PM10,FR
France,SPO-FR14010_5,4.05111,49.28222,PM10,FR
France,SPO-FR14011_5,4.02306,49.25073,PM10,FR
France,SPO-FR14011_5,4.02306,49.25073,PM10,FR
France,SPO-FR14011_6001,4.02306,49.25073,PM2.5,FR
France,SPO-FR14011_6001,4.02306,49.25073,PM2.5,FR
France,SPO-FR14012_5,4.02056,49.22417,PM10,FR
France,SPO-FR14012_5,4.02056,49.22417,PM10,FR
France,SPO-FR14012_5,4.02056,49.22417,PM10,FR
France,SPO-FR14012_6001,4.02056,49.22417,PM2.5,FR
France,SPO-FR14012_6001,4.02056,49.22417,PM2.5,FR
France,SPO-FR14013_5,4.03414,49.24770,PM10,FR
France,SPO-FR14013_5,4.03414,49.24770,PM10,FR
France,SPO-FR14013_6001,4.03414,49.24770,PM2.5,FR
France,SPO-FR14022_5,4.36000,48.96222,PM10,FR
France,SPO-FR14022_5,4.36000,48.96222,PM10,FR
France,SPO-FR14022_5,4.36000,48.96222,PM10,FR
France,SPO-FR14028_5,3.95591,49.04610,PM10,FR
France,SPO-FR14028_5,3.95591,49.04610,PM10,FR
France,SPO-FR14028_5,3.95591,49.04610,PM10,FR
France,SPO-FR14028_6001,3.95591,49.04610,PM2.5,FR
France,SPO-FR14028_6001,3.95591,49.04610,PM2.5,FR
France,SPO-FR14028_6001,3.95591,49.04610,PM2.5,FR
France,SPO-FR14031_5,4.07694,48.30167,PM10,FR
France,SPO-FR14031_5,4.07694,48.30167,PM10,FR
France,SPO-FR14031_5,4.07694,48.30167,PM10,FR
France,SPO-FR14031_5,4.07694,48.30167,PM10,FR
France,SPO-FR14033_5,4.05028,48.29500,PM10,FR
France,SPO-FR14033_5,4.05028,48.29500,PM10,FR
France,SPO-FR14033_5,4.05028,48.29500,PM10,FR
France,SPO-FR14033_5,4.05028,48.29500,PM10,FR
France,SPO-FR14033_5,4.05028,48.29500,PM10,FR
France,SPO-FR14033_6001,4.05028,48.29500,PM2.5,FR
France,SPO-FR14033_6001,4.05028,48.29500,PM2.5,FR
France,SPO-FR14033_6001,4.05028,48.29500,PM2.5,FR
France,SPO-FR14033_6001,4.05028,48.29500,PM2.5,FR
France,SPO-FR14033_6001,4.05028,48.29500,PM2.5,FR
France,SPO-FR14042_5,4.96611,48.64584,PM10,FR
France,SPO-FR14042_5,4.96611,48.64584,PM10,FR
France,SPO-FR14042_5,4.96611,48.64584,PM10,FR
France,SPO-FR14042_6001,4.96611,48.64584,PM2.5,FR
France,SPO-FR14042_6001,4.96611,48.64584,PM2.5,FR
France,SPO-FR14051_5,4.71917,49.74528,PM10,FR
France,SPO-FR14051_5,4.71917,49.74528,PM10,FR
France,SPO-FR14201_5,4.06960,49.34915,PM10,FR
France,SPO-FR14203_5,3.91261,49.15860,PM10,FR
France,SPO-FR14203_6001,3.91261,49.15860,PM2.5,FR
France,SPO-FR16017_5,8.15846,48.91936,PM10,FR
France,SPO-FR16017_5,8.15846,48.91936,PM10,FR
France,SPO-FR16017_5,8.15846,48.91936,PM10,FR
France,SPO-FR16017_5,8.15846,48.91936,PM10,FR
France,SPO-FR16029_5,7.78163,48.61036,PM10,FR
France,SPO-FR16029_5,7.78163,48.61036,PM10,FR
France,SPO-FR16029_5,7.78163,48.61036,PM10,FR
France,SPO-FR16034_5,7.74498,48.59043,PM10,FR
France,SPO-FR16034_5,7.74498,48.59043,PM10,FR
France,SPO-FR16034_5,7.74498,48.59043,PM10,FR
France,SPO-FR16034_6001,7.74498,48.59043,PM2.5,FR
France,SPO-FR16034_6001,7.74498,48.59043,PM2.5,FR
France,SPO-FR16034_6001,7.74498,48.59043,PM2.5,FR
France,SPO-FR16038_5,7.76633,48.57037,PM10,FR
France,SPO-FR16038_5,7.76633,48.57037,PM10,FR
France,SPO-FR16038_6001,7.76633,48.57037,PM2.5,FR
France,SPO-FR16038_6001,7.76633,48.57037,PM2.5,FR
France,SPO-FR16040_5,7.72748,48.57599,PM10,FR
France,SPO-FR16040_5,7.72748,48.57599,PM10,FR
France,SPO-FR16054_5,7.35056,48.07444,PM10,FR
France,SPO-FR16054_5,7.35056,48.07444,PM10,FR
France,SPO-FR16054_5,7.35056,48.07444,PM10,FR
France,SPO-FR16054_5,7.35056,48.07444,PM10,FR
France,SPO-FR16054_5,7.35056,48.07444,PM10,FR
France,SPO-FR16057_5,7.34729,47.75744,PM10,FR
France,SPO-FR16057_5,7.34729,47.75744,PM10,FR
France,SPO-FR16060_5,7.56818,47.59491,PM10,FR
France,SPO-FR16060_5,7.56818,47.59491,PM10,FR
France,SPO-FR16066_5,7.30908,47.73742,PM10,FR
France,SPO-FR16066_5,7.30908,47.73742,PM10,FR
France,SPO-FR16066_6001,7.30908,47.73742,PM2.5,FR
France,SPO-FR16066_6001,7.30908,47.73742,PM2.5,FR
France,SPO-FR16068_5,7.36459,48.08170,PM10,FR
France,SPO-FR16069_5,7.32136,47.74768,PM10,FR
France,SPO-FR16069_5,7.32136,47.74768,PM10,FR
France,SPO-FR16215_5,7.72972,48.58805,PM10,FR
France,SPO-FR16215_5,7.72972,48.58805,PM10,FR
France,SPO-FR16302_5,7.12980,48.49299,PM10,FR
France,SPO-FR16302_5,7.12980,48.49299,PM10,FR
France,SPO-FR16302_6001,7.12980,48.49299,PM2.5,FR
France,SPO-FR16302_6001,7.12980,48.49299,PM2.5,FR
France,SPO-FR22004_5,6.81542,49.14653,PM10,FR
France,SPO-FR22007_5,6.73400,49.16600,PM10,FR
France,SPO-FR22007_5,6.73400,49.16600,PM10,FR
France,SPO-FR22009_5,6.71689,49.16573,PM10,FR
France,SPO-FR22009_5,6.71689,49.16573,PM10,FR
France,SPO-FR22009_5,6.71689,49.16573,PM10,FR
France,SPO-FR22016_5,6.70375,49.10414,PM10,FR
France,SPO-FR22017_5,7.38175,49.12598,PM10,FR
France,SPO-FR22017_5,7.38175,49.12598,PM10,FR
France,SPO-FR22019_5,6.92583,49.22036,PM10,FR
France,SPO-FR22019_5,6.92583,49.22036,PM10,FR
France,SPO-FR22022_5,7.08354,49.11834,PM10,FR
France,SPO-FR22022_5,7.08354,49.11834,PM10,FR
France,SPO-FR22054_5,6.91087,49.18742,PM10,FR
France,SPO-FR22054_5,6.91087,49.18742,PM10,FR
France,SPO-FR22054_5,6.91087,49.18742,PM10,FR
France,SPO-FR22054_6001,6.91087,49.18742,PM2.5,FR
France,SPO-FR22054_6001,6.91087,49.18742,PM2.5,FR
France,SPO-FR30019_5,6.45282,48.17265,PM10,FR
France,SPO-FR30019_5,6.45282,48.17265,PM10,FR
France,SPO-FR30019_5,6.45282,48.17265,PM10,FR
France,SPO-FR30019_5,6.45282,48.17265,PM10,FR
France,SPO-FR30019_6001,6.45282,48.17265,PM2.5,FR
France,SPO-FR30020_5,5.16279,48.77586,PM10,FR
France,SPO-FR30020_5,5.16279,48.77586,PM10,FR
France,SPO-FR30020_5,5.16279,48.77586,PM10,FR
France,SPO-FR30021_5,6.19492,48.62150,PM10,FR
France,SPO-FR30021_5,6.19492,48.62150,PM10,FR
France,SPO-FR30021_5,6.19492,48.62150,PM10,FR
France,SPO-FR30021_5,6.19492,48.62150,PM10,FR
France,SPO-FR30026_6001,6.48390,48.58482,PM2.5,FR
France,SPO-FR30026_6001,6.48390,48.58482,PM2.5,FR
France,SPO-FR30027_5,6.12958,48.56544,PM10,FR
France,SPO-FR30027_5,6.12958,48.56544,PM10,FR
France,SPO-FR30027_5,6.12958,48.56544,PM10,FR
France,SPO-FR30027_5,6.12958,48.56544,PM10,FR
France,SPO-FR30029_5,5.93722,48.19361,PM10,FR
France,SPO-FR30029_5,5.93722,48.19361,PM10,FR
France,SPO-FR30029_5,5.93722,48.19361,PM10,FR
France,SPO-FR30030_5,6.10767,48.61491,PM10,FR
France,SPO-FR30030_5,6.10767,48.61491,PM10,FR
France,SPO-FR30030_5,6.10767,48.61491,PM10,FR
France,SPO-FR30032_5,6.96528,48.69473,PM10,FR
France,SPO-FR30032_5,6.96528,48.69473,PM10,FR
France,SPO-FR30032_5,6.96528,48.69473,PM10,FR
France,SPO-FR30033_5,5.78556,49.06583,PM10,FR
France,SPO-FR30033_5,5.78556,49.06583,PM10,FR
France,SPO-FR30033_5,5.78556,49.06583,PM10,FR
France,SPO-FR30033_6001,5.78556,49.06583,PM2.5,FR
France,SPO-FR30033_6001,5.78556,49.06583,PM2.5,FR
France,SPO-FR30033_6001,5.78556,49.06583,PM2.5,FR
France,SPO-FR30034_5,6.19043,48.68817,PM10,FR
France,SPO-FR30034_5,6.19043,48.68817,PM10,FR
France,SPO-FR30034_6001,6.19043,48.68817,PM2.5,FR
France,SPO-FR30034_6001,6.19043,48.68817,PM2.5,FR
France,SPO-FR30036_6001,6.15419,48.69708,PM2.5,FR
France,SPO-FR30036_6001,6.15419,48.69708,PM2.5,FR
France,SPO-FR42010_5,7.76783,48.57281,PM10,FR
France,SPO-FR42010_6001,7.76783,48.57281,PM2.5,FR
France,SPO-FR42011_6001,7.78641,48.81835,PM2.5,FR
France,SPO-FR42011_6001,7.78641,48.81835,PM2.5,FR
France,SPO-FR26001_5,5.04139,47.31861,PM10,FR
France,SPO-FR26005_5,5.06588,47.30737,PM10,FR
France,SPO-FR26005_5,5.06588,47.30737,PM10,FR
France,SPO-FR26005_5,5.06588,47.30737,PM10,FR
France,SPO-FR26005_6001,5.06588,47.30737,PM2.5,FR
France,SPO-FR26005_6001,5.06588,47.30737,PM2.5,FR
France,SPO-FR26005_6001,5.06588,47.30737,PM2.5,FR
France,SPO-FR26010_5,5.00238,47.34560,PM10,FR
France,SPO-FR26010_5,5.00238,47.34560,PM10,FR
France,SPO-FR26012_5,4.09948,47.27476,PM10,FR
France,SPO-FR26012_5,4.09948,47.27476,PM10,FR
France,SPO-FR26012_6001,4.09948,47.27476,PM2.5,FR
France,SPO-FR26012_6001,4.09948,47.27476,PM2.5,FR
France,SPO-FR26014_5,5.04106,47.32575,PM10,FR
France,SPO-FR26014_5,5.04106,47.32575,PM10,FR
France,SPO-FR26016_5,3.27730,48.20044,PM10,FR
France,SPO-FR26016_5,3.27730,48.20044,PM10,FR
France,SPO-FR26017_5,3.17109,46.99683,PM10,FR
France,SPO-FR26017_5,3.17109,46.99683,PM10,FR
France,SPO-FR26017_5,3.17109,46.99683,PM10,FR
France,SPO-FR26017_6001,3.17109,46.99683,PM2.5,FR
France,SPO-FR26017_6001,3.17109,46.99683,PM2.5,FR
France,SPO-FR26019_5,3.57619,47.80058,PM10,FR
France,SPO-FR26019_5,3.57619,47.80058,PM10,FR
France,SPO-FR26019_6001,3.57619,47.80058,PM2.5,FR
France,SPO-FR26019_6001,3.57619,47.80058,PM2.5,FR
France,SPO-FR26035_5,4.95057,47.13723,PM10,FR
France,SPO-FR26039_6001,5.04020,47.31546,PM2.5,FR
France,SPO-FR26043_6001,5.04020,47.31546,PM2.5,FR
France,SPO-FR26094_5,5.07071,47.35137,PM10,FR
France,SPO-FR26094_5,5.07071,47.35137,PM10,FR
France,SPO-FR26094_6001,5.07071,47.35137,PM2.5,FR
France,SPO-FR26094_6001,5.07071,47.35137,PM2.5,FR
France,SPO-FR32001_5,4.84732,46.78231,PM10,FR
France,SPO-FR32001_5,4.84732,46.78231,PM10,FR
France,SPO-FR32001_6001,4.84732,46.78231,PM2.5,FR
France,SPO-FR32001_6001,4.84732,46.78231,PM2.5,FR
France,SPO-FR32002_5,4.83508,46.82106,PM10,FR
France,SPO-FR32002_6001,4.83508,46.82106,PM2.5,FR
France,SPO-FR32005_5,4.36689,46.67878,PM10,FR
France,SPO-FR32005_5,4.36689,46.67878,PM10,FR
France,SPO-FR32005_5,4.36689,46.67878,PM10,FR
France,SPO-FR32005_6001,4.36689,46.67878,PM2.5,FR
France,SPO-FR32005_6001,4.36689,46.67878,PM2.5,FR
France,SPO-FR32006_5,4.83999,46.31617,PM10,FR
France,SPO-FR32006_6001,4.83999,46.31617,PM2.5,FR
France,SPO-FR32006_6001,4.83999,46.31617,PM2.5,FR
France,SPO-FR32007_6001,4.41749,46.80238,PM2.5,FR
France,SPO-FR32007_6001,4.41749,46.80238,PM2.5,FR
France,SPO-FR82002_5,6.02947,47.23490,PM10,FR
France,SPO-FR82002_5,6.02947,47.23490,PM10,FR
France,SPO-FR82003_5,5.97156,47.22197,PM10,FR
France,SPO-FR82003_6001,5.97156,47.22197,PM2.5,FR
France,SPO-FR82006_5,6.01542,47.24740,PM10,FR
France,SPO-FR82006_5,6.01542,47.24740,PM10,FR
France,SPO-FR82006_5,6.01542,47.24740,PM10,FR
France,SPO-FR82006_6001,6.01542,47.24740,PM2.5,FR
France,SPO-FR82006_6001,6.01542,47.24740,PM2.5,FR
France,SPO-FR82006_6001,6.01542,47.24740,PM2.5,FR
France,SPO-FR82010_5,6.79400,47.51031,PM10,FR
France,SPO-FR82010_5,6.79400,47.51031,PM10,FR
France,SPO-FR82010_5,6.79400,47.51031,PM10,FR
France,SPO-FR82010_5,6.79400,47.51031,PM10,FR
France,SPO-FR82010_6001,6.79400,47.51031,PM2.5,FR
France,SPO-FR82010_6001,6.79400,47.51031,PM2.5,FR
France,SPO-FR82010_6001,6.79400,47.51031,PM2.5,FR
France,SPO-FR82010_6001,6.79400,47.51031,PM2.5,FR
France,SPO-FR82020_5,6.85928,47.64067,PM10,FR
France,SPO-FR82020_5,6.85928,47.64067,PM10,FR
France,SPO-FR82020_5,6.85928,47.64067,PM10,FR
France,SPO-FR82021_5,6.85894,47.63076,PM10,FR
France,SPO-FR82021_6001,6.85894,47.63076,PM2.5,FR
France,SPO-FR82030_5,6.82586,47.29464,PM10,FR
France,SPO-FR82030_5,6.82586,47.29464,PM10,FR
France,SPO-FR82040_5,5.49639,47.09672,PM10,FR
France,SPO-FR82040_5,5.49639,47.09672,PM10,FR
France,SPO-FR82040_5,5.49639,47.09672,PM10,FR
France,SPO-FR82040_5,5.49639,47.09672,PM10,FR
France,SPO-FR82040_6001,5.49639,47.09672,PM2.5,FR
France,SPO-FR82043_5,5.55612,47.14725,PM10,FR
France,SPO-FR82043_5,5.55612,47.14725,PM10,FR
France,SPO-FR82043_5,5.55612,47.14725,PM10,FR
France,SPO-FR82043_5,5.55612,47.14725,PM10,FR
France,SPO-FR82050_5,5.55662,46.67132,PM10,FR
France,SPO-FR82050_5,5.55662,46.67132,PM10,FR
France,SPO-FR82050_5,5.55662,46.67132,PM10,FR
France,SPO-FR82050_6001,5.55662,46.67132,PM2.5,FR
France,SPO-FR82050_6001,5.55662,46.67132,PM2.5,FR
France,SPO-FR82050_6001,5.55662,46.67132,PM2.5,FR
France,SPO-FR82060_5,6.15764,47.62002,PM10,FR
France,SPO-FR82060_5,6.15764,47.62002,PM10,FR
France,SPO-FR82060_5,6.15764,47.62002,PM10,FR
France,SPO-FR82060_6001,6.15764,47.62002,PM2.5,FR
France,SPO-FR82070_5,6.35972,47.35129,PM10,FR
France,SPO-FR82070_5,6.35972,47.35129,PM10,FR
France,SPO-FR82070_6001,6.35972,47.35129,PM2.5,FR
France,SPO-FR82070_6001,6.35972,47.35129,PM2.5,FR
France,SPO-FR43001_5,45.22321,-12.77294,PM10,FR
France,SPO-FR43001_5,45.22321,-12.77294,PM10,FR
France,SPO-FR43002_5,45.22023,-12.77819,PM10,FR
France,SPO-FR43002_6001,45.22023,-12.77819,PM2.5,FR
France,SPO-FR43099_5,45.22620,-12.76117,PM10,FR
France,SPO-FR43099_6001,45.22620,-12.76117,PM2.5,FR
Luxembourg,SPO-LU0100A_00005_100,6.12632,49.61148,PM10,LU
Luxembourg,SPO-LU0101A_00005_100,6.13759,49.59769,PM10,LU
Luxembourg,SPO-LU0101A_00005_101,6.13759,49.59769,PM10,LU
Luxembourg,SPO-LU0101A_00005_102,6.13759,49.59769,PM10,LU
Luxembourg,SPO-LU0101A_00005_103,6.13759,49.59769,PM10,LU
Luxembourg,SPO-LU0101A_06001_100,6.13759,49.59769,PM2.5,LU
Luxembourg,SPO-LU0101A_06001_101,6.13759,49.59769,PM2.5,LU
Luxembourg,SPO-LU0101A_06001_102,6.13759,49.59769,PM2.5,LU
Luxembourg,SPO-LU0102A_00005_100,5.97694,49.50504,PM10,LU
Luxembourg,SPO-LU0102A_00005_101,5.97694,49.50504,PM10,LU
Luxembourg,SPO-LU0102A_00005_102,5.97694,49.50504,PM10,LU
Luxembourg,SPO-LU0102A_06001_100,5.97694,49.50504,PM2.5,LU
Luxembourg,SPO-LU0102A_06001_101,5.97694,49.50504,PM2.5,LU
Luxembourg,SPO-LU0102A_06001_102,5.97694,49.50504,PM2.5,LU
Luxembourg,SPO-LU0104A_00005_100,5.84714,49.73181,PM10,LU
Luxembourg,SPO-LU0104A_00005_101,5.84714,49.73181,PM10,LU
Luxembourg,SPO-LU0104A_06001_100,5.84714,49.73181,PM2.5,LU
Luxembourg,SPO-LU0105A_00005_100,6.30533,49.72226,PM10,LU
Luxembourg,SPO-LU0105A_00005_101,6.30533,49.72226,PM10,LU
Luxembourg,SPO-LU0105A_06001_100,6.30533,49.72226,PM2.5,LU
Luxembourg,SPO-LU0105A_06001_101,6.30533,49.72226,PM2.5,LU
Luxembourg,SPO-LU0106A_00005_100,6.13024,49.65897,PM10,LU
Luxembourg,SPO-LU0107A_00005_100,6.00162,49.50521,PM10,LU
Luxembourg,SPO-LU0109A_00005_100,6.11847,49.61157,PM10,LU
Luxembourg,SPO-LU0109A_06001_100,6.11847,49.61157,PM2.5,LU
Luxembourg,SPO-LU0110A_00005_100,5.98476,49.49416,PM10,LU
Luxembourg,SPO-LU0110A_00005_101,5.98476,49.49416,PM10,LU
Luxembourg,SPO-LU0110A_00005_101,5.98476,49.49416,PM10,LU
Luxembourg,SPO-LU0113A_00005_100,5.90324,49.52269,PM10,LU
Netherlands,SPO-NL00482_00005_100,4.09139,51.95942,PM10,NL
Netherlands,SPO-NL00482_06001_100,4.09139,51.95942,PM2.5,NL
Netherlands,SPO-NL00485_00005_100,4.35524,51.86741,PM10,NL
Netherlands,SPO-NL00485_06001_100,4.35524,51.86741,PM2.5,NL
Netherlands,SPO-NL00485_06001_100,4.35524,51.86741,PM2.5,NL
Netherlands,SPO-NL00485_06001_300,4.35524,51.86741,PM2.5,NL
Netherlands,SPO-NL00487_00005_100,4.48069,51.89115,PM10,NL
Netherlands,SPO-NL00487_00005_100,4.48069,51.89115,PM10,NL
Netherlands,SPO-NL00487_06001_100,4.48069,51.89115,PM2.5,NL
Netherlands,SPO-NL00487_06001_100,4.48069,51.89115,PM2.5,NL
Netherlands,SPO-NL00487_06001_300,4.48069,51.89115,PM2.5,NL
Netherlands,SPO-NL00488_00005_100,4.48753,51.89362,PM10,NL
Netherlands,SPO-NL00488_00005_100,4.48753,51.89362,PM10,NL
Netherlands,SPO-NL00488_06001_100,4.48753,51.89362,PM2.5,NL
Netherlands,SPO-NL00488_06001_100,4.48753,51.89362,PM2.5,NL
Netherlands,SPO-NL00488_06001_300,4.48753,51.89362,PM2.5,NL
Netherlands,SPO-NL00489_00005_100,4.58006,51.86943,PM10,NL
Netherlands,SPO-NL00489_00005_100,4.58006,51.86943,PM10,NL
Netherlands,SPO-NL00489_06001_100,4.58006,51.86943,PM2.5,NL
Netherlands,SPO-NL00489_06001_100,4.58006,51.86943,PM2.5,NL
Netherlands,SPO-NL00489_06001_300,4.58006,51.86943,PM2.5,NL
Netherlands,SPO-NL00491_00005_100,4.43069,51.93847,PM10,NL
Netherlands,SPO-NL00491_00005_100,4.43069,51.93847,PM10,NL
Netherlands,SPO-NL00491_06001_100,4.43069,51.93847,PM2.5,NL
Netherlands,SPO-NL00491_06001_100,4.43069,51.93847,PM2.5,NL
Netherlands,SPO-NL00491_06001_300,4.43069,51.93847,PM2.5,NL
Netherlands,SPO-NL00493_00005_100,4.46134,51.92711,PM10,NL
Netherlands,SPO-NL00493_06001_PM2.5_lucht,4.46134,51.92711,PM2.5,NL
Netherlands,SPO-NL00494_00005_100,4.40139,51.92139,PM10,NL
Netherlands,SPO-NL00494_00005_100,4.40139,51.92139,PM10,NL
Netherlands,SPO-NL00494_06001_101,4.40139,51.92139,PM2.5,NL
Netherlands,SPO-NL00494_06001_101,4.40139,51.92139,PM2.5,NL
Netherlands,SPO-NL00495_00005_100,4.22803,51.93204,PM10,NL
Netherlands,SPO-NL00495_00005_100,4.22803,51.93204,PM10,NL
Netherlands,SPO-NL00495_06001_100,4.22803,51.93204,PM2.5,NL
Netherlands,SPO-NL00495_06001_100,4.22803,51.93204,PM2.5,NL
Netherlands,SPO-NL00495_06001_300,4.22803,51.93204,PM2.5,NL
Netherlands,SPO-NL00496_00005_100,4.12194,51.97780,PM10,NL
Netherlands,SPO-NL00496_00005_100,4.12194,51.97780,PM10,NL
Netherlands,SPO-NL00496_06001_100,4.12194,51.97780,PM2.5,NL
Netherlands,SPO-NL00496_06001_100,4.12194,51.97780,PM2.5,NL
Netherlands,SPO-NL00496_06001_300,4.12194,51.97780,PM2.5,NL
Netherlands,SPO-NL01497_00005_PM10_lucht,3.99972,51.93352,PM10,NL
Netherlands,SPO-NL01497_00005_PM10_lucht,3.99972,51.93352,PM10,NL
Netherlands,SPO-NL01497_06001_PM2.5_lucht,3.99972,51.93352,PM2.5,NL
Netherlands,SPO-NL01912_06001_PM2.5_lucht,4.56381,51.86172,PM2.5,NL
Netherlands,SPO-NL01913_00005_PM10_lucht,3.83859,51.27938,PM10,NL
Netherlands,SPO-NL01913_06001_PM2.5_lucht,3.83859,51.27938,PM2.5,NL
Netherlands,SPO-NL00131_00005_100,5.85307,51.54052,PM10,NL
Netherlands,SPO-NL00131_00005_100,5.85307,51.54052,PM10,NL
Netherlands,SPO-NL00131_06001_102,5.85307,51.54052,PM2.5,NL
Netherlands,SPO-NL00131_06001_102,5.85307,51.54052,PM2.5,NL
Netherlands,SPO-NL00133_00005_100,5.88175,50.90228,PM10,NL
Netherlands,SPO-NL00133_00005_100,5.88175,50.90228,PM10,NL
Netherlands,SPO-NL00136_00005_100,5.97050,50.88796,PM10,NL
Netherlands,SPO-NL00136_00005_100,5.97050,50.88796,PM10,NL
Netherlands,SPO-NL00136_06001_101,5.97050,50.88796,PM2.5,NL
Netherlands,SPO-NL00136_06001_101,5.97050,50.88796,PM2.5,NL
Netherlands,SPO-NL00137_00005_100,5.97728,50.88487,PM10,NL
Netherlands,SPO-NL00137_00005_100,5.97728,50.88487,PM10,NL
Netherlands,SPO-NL00137_06001_100,5.97728,50.88487,PM2.5,NL
Netherlands,SPO-NL00138_00005_100,5.98685,50.90032,PM10,NL
Netherlands,SPO-NL00138_06001_101,5.98685,50.90032,PM2.5,NL
Netherlands,SPO-NL00230_00005_100,5.14845,51.51844,PM10,NL
Netherlands,SPO-NL00230_00005_100,5.14845,51.51844,PM10,NL
Netherlands,SPO-NL00230_06001_102,5.14845,51.51844,PM2.5,NL
Netherlands,SPO-NL00230_06001_102,5.14845,51.51844,PM2.5,NL
Netherlands,SPO-NL00235_00005_100,4.35984,51.43444,PM10,NL
Netherlands,SPO-NL00236_00005_100,5.47235,51.46866,PM10,NL
Netherlands,SPO-NL00236_00005_100,5.47235,51.46866,PM10,NL
Netherlands,SPO-NL00237_00005_100,5.44483,51.44416,PM10,NL
Netherlands,SPO-NL00237_00005_100,5.44483,51.44416,PM10,NL
Netherlands,SPO-NL00240_00005_100,4.82494,51.59353,PM10,NL
Netherlands,SPO-NL00240_00005_100,4.82494,51.59353,PM10,NL
Netherlands,SPO-NL00240_06001_101,4.82494,51.59353,PM2.5,NL
Netherlands,SPO-NL00240_06001_101,4.82494,51.59353,PM2.5,NL
Netherlands,SPO-NL00241_00005_100,4.78102,51.60308,PM10,NL
Netherlands,SPO-NL00241_00005_100,4.78102,51.60308,PM10,NL
Netherlands,SPO-NL00241_06001_102,4.78102,51.60308,PM2.5,NL
Netherlands,SPO-NL00241_06001_102,4.78102,51.60308,PM2.5,NL
Netherlands,SPO-NL00242_06001_100,5.39628,51.40819,PM2.5,NL
Netherlands,SPO-NL00244_00005_100,5.80859,51.53590,PM10,NL
Netherlands,SPO-NL00245_00005_PM10_lucht,4.62360,51.69939,PM10,NL
Netherlands,SPO-NL00246_00005_100,4.51527,51.65373,PM10,NL
Netherlands,SPO-NL00246_06001_100,4.51527,51.65373,PM2.5,NL
Netherlands,SPO-NL00247_00005_100,5.39333,51.40737,PM10,NL
Netherlands,SPO-NL00247_06001_101,5.39333,51.40737,PM2.5,NL
Netherlands,SPO-NL00247_06001_101,5.39333,51.40737,PM2.5,NL
Netherlands,SPO-NL00312_00005_100,3.91535,51.28453,PM10,NL
Netherlands,SPO-NL00318_00005_100,3.74948,51.29450,PM10,NL
Netherlands,SPO-NL00318_00005_100,3.74948,51.29450,PM10,NL
Netherlands,SPO-NL00319_00005_100,3.74500,51.46446,PM10,NL
Netherlands,SPO-NL00404_00005_100,4.28919,52.07715,PM10,NL
Netherlands,SPO-NL00404_00005_100,4.28919,52.07715,PM10,NL
Netherlands,SPO-NL00404_06001_102,4.28919,52.07715,PM2.5,NL
Netherlands,SPO-NL00404_06001_102,4.28919,52.07715,PM2.5,NL
Netherlands,SPO-NL00418_00005_100,4.47992,51.91423,PM10,NL
Netherlands,SPO-NL00418_00005_100,4.47992,51.91423,PM10,NL
Netherlands,SPO-NL00418_06001_102,4.47992,51.91423,PM2.5,NL
Netherlands,SPO-NL00418_06001_102,4.47992,51.91423,PM2.5,NL
Netherlands,SPO-NL00432_00005_100,4.12123,51.97763,PM10,NL
Netherlands,SPO-NL00433_00005_100,4.32630,51.91047,PM10,NL
Netherlands,SPO-NL00433_00005_100,4.32630,51.91047,PM10,NL
Netherlands,SPO-NL00433_06001_100,4.32630,51.91047,PM2.5,NL
Netherlands,SPO-NL00433_06001_100,4.32630,51.91047,PM2.5,NL
Netherlands,SPO-NL00433_06001_102,4.32630,51.91047,PM2.5,NL
Netherlands,SPO-NL00437_00005_100,4.45053,51.78658,PM10,NL
Netherlands,SPO-NL00437_00005_100,4.45053,51.78658,PM10,NL
Netherlands,SPO-NL00441_00005_100,4.67018,51.80439,PM10,NL
Netherlands,SPO-NL00441_00005_100,4.67018,51.80439,PM10,NL
Netherlands,SPO-NL00442_00005_100,4.70824,51.80066,PM10,NL
Netherlands,SPO-NL00444_00005_100,4.51082,52.29656,PM10,NL
Netherlands,SPO-NL00444_00005_100,4.51082,52.29656,PM10,NL
Netherlands,SPO-NL00444_06001_102,4.51082,52.29656,PM2.5,NL
Netherlands,SPO-NL00444_06001_102,4.51082,52.29656,PM2.5,NL
Netherlands,SPO-NL00445_00005_100,4.31587,52.07507,PM10,NL
Netherlands,SPO-NL00445_00005_100,4.31587,52.07507,PM10,NL
Netherlands,SPO-NL00446_00005_100,4.35938,52.03902,PM10,NL
Netherlands,SPO-NL00446_00005_100,4.35938,52.03902,PM10,NL
Netherlands,SPO-NL00446_00005_301,4.35938,52.03902,PM10,NL
Netherlands,SPO-NL00447_00005_100,4.50756,52.16775,PM10,NL
Netherlands,SPO-NL00447_00005_100,4.50756,52.16775,PM10,NL
Netherlands,SPO-NL00448_00005_101,4.46134,51.92711,PM10,NL
Netherlands,SPO-NL00448_00005_301,4.46134,51.92711,PM10,NL
Netherlands,SPO-NL00448_06001_102,4.46134,51.92711,PM2.5,NL
Netherlands,SPO-NL00448_06001_102,4.46134,51.92711,PM2.5,NL
Netherlands,SPO-NL00449_00005_100,4.32943,51.91488,PM10,NL
Netherlands,SPO-NL00449_06001_100,4.32943,51.91488,PM2.5,NL
Netherlands,SPO-NL00450_00005_100,4.31855,52.06254,PM10,NL
Netherlands,SPO-NL00450_06001_100,4.31855,52.06254,PM2.5,NL
Netherlands,SPO-NL00518_00005_100,4.80322,52.38376,PM10,NL
Netherlands,SPO-NL00520_00005_100,4.91729,52.39093,PM10,NL
Netherlands,SPO-NL00520_00005_100,4.91729,52.39093,PM10,NL
Netherlands,SPO-NL00537_00005_100,4.64759,52.38104,PM10,NL
Netherlands,SPO-NL00537_00005_100,4.64759,52.38104,PM10,NL
Netherlands,SPO-NL00538_00005_100,5.05051,52.80366,PM10,NL
Netherlands,SPO-NL00538_00005_100,5.05051,52.80366,PM10,NL
Netherlands,SPO-NL00538_06001_101,5.05051,52.80366,PM2.5,NL
Netherlands,SPO-NL00538_06001_101,5.05051,52.80366,PM2.5,NL
Netherlands,SPO-NL00540_00005_100,4.59800,52.34600,PM10,NL
Netherlands,SPO-NL00543_00005_100,4.86622,52.35971,PM10,NL
Netherlands,SPO-NL00543_06001_101,4.86622,52.35970,PM2.5,NL
Netherlands,SPO-NL00544_00005_100,4.91954,52.34857,PM10,NL
Netherlands,SPO-NL00545_00005_100,4.84102,52.33950,PM10,NL
Netherlands,SPO-NL00547_00005_100,5.18155,52.23508,PM10,NL
Netherlands,SPO-NL00547_06001_100,5.18155,52.23508,PM2.5,NL
Netherlands,SPO-NL00548_00005_PM10_lucht,5.17583,52.26798,PM10,NL
Netherlands,SPO-NL00549_00005_100,5.23590,52.25736,PM10,NL
Netherlands,SPO-NL00550_00005_100,4.64232,52.37051,PM10,NL
Netherlands,SPO-NL00617_00005_100,5.59338,52.42321,PM10,NL
Netherlands,SPO-NL00617_00005_600,5.59338,52.42321,PM10,NL
Netherlands,SPO-NL00620_06001_100,4.92800,51.96900,PM2.5,NL
Netherlands,SPO-NL00627_06001_100,5.19600,52.12100,PM2.5,NL
Netherlands,SPO-NL00631_00005_100,5.61921,52.44871,PM10,NL
Netherlands,SPO-NL00633_00005_100,4.83819,52.13795,PM10,NL
Netherlands,SPO-NL00636_00005_100,5.12446,52.10503,PM10,NL
Netherlands,SPO-NL00636_00005_100,5.12446,52.10503,PM10,NL
Netherlands,SPO-NL00636_06001_101,5.12446,52.10503,PM2.5,NL
Netherlands,SPO-NL00636_06001_101,5.12446,52.10503,PM2.5,NL
Netherlands,SPO-NL00639_00005_100,5.12051,52.06775,PM10,NL
Netherlands,SPO-NL00639_00005_100,5.12051,52.06775,PM10,NL
Netherlands,SPO-NL00641_00005_100,4.98744,52.20153,PM10,NL
Netherlands,SPO-NL00641_00005_101,4.98744,52.20153,PM10,NL
Netherlands,SPO-NL00641_00005_101,4.98744,52.20153,PM10,NL
Netherlands,SPO-NL00641_06001_101,4.98744,52.20153,PM2.5,NL
Netherlands,SPO-NL00641_06001_101,4.98744,52.20153,PM2.5,NL
Netherlands,SPO-NL00643_06001_101,5.12818,52.10131,PM2.5,NL
Netherlands,SPO-NL00643_06001_101,5.12818,52.10131,PM2.5,NL
Netherlands,SPO-NL00644_00005_100,4.92330,51.97449,PM10,NL
Netherlands,SPO-NL00644_06001_101,4.92330,51.97449,PM2.5,NL
Netherlands,SPO-NL00644_06001_101,4.92330,51.97449,PM2.5,NL
Netherlands,SPO-NL00722_00005_100,6.60537,52.09180,PM10,NL
Netherlands,SPO-NL00722_00005_100,6.60537,52.09180,PM10,NL
Netherlands,SPO-NL00724_00005_100,5.64900,51.97400,PM10,NL
Netherlands,SPO-NL00728_00005_100,5.96672,52.21396,PM10,NL
Netherlands,SPO-NL00728_00005_100,5.96672,52.21396,PM10,NL
Netherlands,SPO-NL00728_00005_101,5.96672,52.21396,PM10,NL
Netherlands,SPO-NL00738_00005_100,5.70842,52.11162,PM10,NL
Netherlands,SPO-NL00738_00005_101,5.70842,52.11162,PM10,NL
Netherlands,SPO-NL00738_00005_101,5.70842,52.11162,PM10,NL
Netherlands,SPO-NL00738_06001_101,5.70842,52.11162,PM2.5,NL
Netherlands,SPO-NL00738_06001_101,5.70842,52.11162,PM2.5,NL
Netherlands,SPO-NL00741_00005_100,5.85778,51.84137,PM10,NL
Netherlands,SPO-NL00741_00005_100,5.85778,51.84137,PM10,NL
Netherlands,SPO-NL00741_06001_101,5.85778,51.84137,PM2.5,NL
Netherlands,SPO-NL00741_06001_101,5.85778,51.84137,PM2.5,NL
Netherlands,SPO-NL00742_00005_100,5.85694,51.83822,PM10,NL
Netherlands,SPO-NL00742_06001_101,5.85694,51.83822,PM2.5,NL
Netherlands,SPO-NL00742_06001_101,5.85694,51.83822,PM2.5,NL
Netherlands,SPO-NL00743_00005_100,5.66407,52.15407,PM10,NL
Netherlands,SPO-NL00807_00005_100,6.40293,52.38827,PM10,NL
Netherlands,SPO-NL00807_00005_100,6.40293,52.38827,PM10,NL
Netherlands,SPO-NL00807_06001_100,6.40293,52.38827,PM2.5,NL
Netherlands,SPO-NL00818_00005_100,6.01757,52.65414,PM10,NL
Netherlands,SPO-NL00818_00005_100,6.01757,52.65414,PM10,NL
Netherlands,SPO-NL00820_06001_100,6.90797,52.21776,PM2.5,NL
Netherlands,SPO-NL00821_06001_101,6.91949,52.23450,PM2.5,NL
Netherlands,SPO-NL00821_06001_101,6.91949,52.23450,PM2.5,NL
Netherlands,SPO-NL00918_00005_100,5.57349,52.91692,PM10,NL
Netherlands,SPO-NL00918_00005_100,5.57349,52.91692,PM10,NL
Netherlands,SPO-NL00928_00005_100,6.66972,52.81361,PM10,NL
Netherlands,SPO-NL00929_00005_100,6.93243,52.87573,PM10,NL
Netherlands,SPO-NL00929_00005_100,6.93243,52.87573,PM10,NL
Netherlands,SPO-NL00934_00005_100,6.27682,53.33043,PM10,NL
Netherlands,SPO-NL00934_06001_101,6.27682,53.33043,PM2.5,NL
Netherlands,SPO-NL00934_06001_101,6.27682,53.33043,PM2.5,NL
Netherlands,SPO-NL00937_00005_100,6.57890,53.21780,PM10,NL
Netherlands,SPO-NL00937_00005_100,6.57890,53.21780,PM10,NL
Netherlands,SPO-NL00937_06001_101,6.57890,53.21780,PM2.5,NL
Netherlands,SPO-NL00937_06001_101,6.57890,53.21780,PM2.5,NL
Netherlands,SPO-NL00938_06001_102,6.60894,53.24654,PM2.5,NL
Netherlands,SPO-NL00938_06001_102,6.60894,53.24654,PM2.5,NL
Netherlands,SPO-NL10243_00005_PM10_lucht,5.83820,51.54747,PM10,NL
Netherlands,SPO-NL10248_00005_PM10_lucht,5.54332,51.69819,PM10,NL
Netherlands,SPO-NL10248_06001_PM2.5_lucht,5.54332,51.69819,PM2.5,NL
Netherlands,SPO-NL10546_00005_PM10_lucht,4.83206,52.42022,PM10,NL
Netherlands,SPO-NL10744_00005_PM10_lucht,5.58658,52.12426,PM10,NL
Netherlands,SPO-NL00007_00005_100,4.84523,52.38133,PM10,NL
Netherlands,SPO-NL00007_06001_100,4.84523,52.38133,PM2.5,NL
Netherlands,SPO-NL00007_06001_300,4.84523,52.38133,PM2.5,NL
Netherlands,SPO-NL00012_00005_100,4.88781,52.38998,PM10,NL
Netherlands,SPO-NL00012_06001_100,4.88781,52.38998,PM2.5,NL
Netherlands,SPO-NL00012_06001_300,4.88781,52.38998,PM2.5,NL
Netherlands,SPO-NL00014_00005_101,4.86621,52.35971,PM10,NL
Netherlands,SPO-NL00014_00005_301,4.86621,52.35971,PM10,NL
Netherlands,SPO-NL00014_06001_101,4.86621,52.35971,PM2.5,NL
Netherlands,SPO-NL00014_06001_301,4.86621,52.35971,PM2.5,NL
Netherlands,SPO-NL00016_00005_100,4.87016,52.39397,PM10,NL
Netherlands,SPO-NL00016_00005_300,4.87016,52.39397,PM10,NL
Netherlands,SPO-NL00016_06001_100,4.87016,52.39397,PM2.5,NL
Netherlands,SPO-NL00016_06001_300,4.87016,52.39397,PM2.5,NL
Netherlands,SPO-NL00017_00005_100,4.89970,52.35804,PM10,NL
Netherlands,SPO-NL00017_06001_100,4.89970,52.35804,PM2.5,NL
Netherlands,SPO-NL00017_06001_300,4.89970,52.35804,PM2.5,NL
Netherlands,SPO-NL00020_00005_100,4.86032,52.37479,PM10,NL
Netherlands,SPO-NL00701_00005_101,4.81671,52.44801,PM10,NL
Netherlands,SPO-NL00701_00005_301,4.81671,52.44801,PM10,NL
Netherlands,SPO-NL00701_06001_101,4.81671,52.44801,PM2.5,NL
Netherlands,SPO-NL00701_06001_301,4.81671,52.44801,PM2.5,NL
Netherlands,SPO-NL00703_00005_101,4.72858,52.39844,PM10,NL
Netherlands,SPO-NL00703_00005_301,4.72858,52.39844,PM10,NL
Netherlands,SPO-NL00703_06001_100,4.72858,52.39844,PM2.5,NL
Netherlands,SPO-NL00703_06001_300,4.72858,52.39844,PM2.5,NL
Netherlands,SPO-NL00704_00005_100,4.77348,52.42802,PM10,NL
Netherlands,SPO-NL00704_06001_100,4.77348,52.42802,PM2.5,NL
Netherlands,SPO-NL00704_06001_300,4.77348,52.42802,PM2.5,NL
Netherlands,SPO-NL49557_00005_PM10_lucht,4.59926,52.49002,PM10,NL
Netherlands,SPO-NL49557_06001_PM2.5_lucht,4.59926,52.49002,PM2.5,NL
Netherlands,SPO-NL00546_00005_100,4.83206,52.42023,PM10,NL
Netherlands,SPO-NL00551_00005_100,4.60184,52.46304,PM10,NL
Netherlands,SPO-NL00551_06001_100,4.60184,52.46304,PM2.5,NL
Netherlands,SPO-NL00551_06001_300,4.60184,52.46304,PM2.5,NL
Netherlands,SPO-NL00553_00005_100,4.60199,52.49399,PM10,NL
Netherlands,SPO-NL00553_06001_100,4.60199,52.49399,PM2.5,NL
Netherlands,SPO-NL00553_06001_300,4.60199,52.49399,PM2.5,NL
Netherlands,SPO-NL00556_00005_100,4.86170,52.56359,PM10,NL
Netherlands,SPO-NL00556_06001_100,4.86170,52.56359,PM2.5,NL
Netherlands,SPO-NL00556_06001_600,4.86170,52.56359,PM2.5,NL
Netherlands,SPO-NL00561_00005_100,4.77401,52.33400,PM10,NL
Netherlands,SPO-NL00561_06001_100,4.77401,52.33400,PM2.5,NL
Netherlands,SPO-NL00561_06001_300,4.77401,52.33400,PM2.5,NL
Netherlands,SPO-NL00564_00005_100,4.71501,52.32746,PM10,NL
Netherlands,SPO-NL00565_00005_100,4.77077,52.27999,PM10,NL
Netherlands,SPO-NL00570_00005_100,4.64053,52.48930,PM10,NL
Netherlands,SPO-NL00570_06001_100,4.64053,52.48930,PM2.5,NL
Netherlands,SPO-NL00570_06001_300,4.64053,52.48930,PM2.5,NL
Netherlands,SPO-NL00572_00005_100,4.62880,52.47440,PM10,NL
Netherlands,SPO-NL00572_06001_100,4.62880,52.47440,PM2.5,NL
Netherlands,SPO-NL00572_06001_300,4.62880,52.47440,PM2.5,NL
Netherlands,SPO-NL00573_00005_100,4.57934,52.47887,PM10,NL
Netherlands,SPO-NL00573_06001_100,4.57934,52.47887,PM2.5,NL
Netherlands,SPO-NL00573_06001_300,4.57934,52.47887,PM2.5,NL
Poland,SPO_PL0028A_5_001,15.31219,50.91248,PM10,PL
Poland,SPO_PL0054A_5_001,14.94132,50.97217,PM10,PL
Poland,SPO_PL0054A_5_002,14.94132,50.97217,PM10,PL
Poland,SPO_PL0054A_6001_001,14.94132,50.97217,PM2.5,PL
Poland,SPO_PL0057A_5_001,16.07505,51.50237,PM10,PL
Poland,SPO_PL0059A_5_001,16.48670,50.84236,PM10,PL
Poland,SPO_PL0187A_5_001,16.64805,50.73282,PM10,PL
Poland,SPO_PL0188A_5_001,16.08619,51.65713,PM10,PL
Poland,SPO_PL0189A_5_001,15.67876,50.86185,PM10,PL
Poland,SPO_PL0190A_5_001,16.18051,51.20450,PM10,PL
Poland,SPO_PL0190A_5_002,16.18051,51.20450,PM10,PL
Poland,SPO_PL0190A_6001_001,16.18051,51.20450,PM2.5,PL
Poland,SPO_PL0191A_5_001,16.51442,50.57991,PM10,PL
Poland,SPO_PL0191A_5_002,16.51442,50.57991,PM10,PL
Poland,SPO_PL0192A_5_001,16.26968,50.76873,PM10,PL
Poland,SPO_PL0192A_5_002,16.26968,50.76873,PM10,PL
Poland,SPO_PL0192A_6001_001,16.26968,50.76873,PM2.5,PL
Poland,SPO_PL0194A_5_001,17.02925,51.12938,PM10,PL
Poland,SPO_PL0194A_5_002,17.02925,51.12938,PM10,PL
Poland,SPO_PL0194A_6001_001,17.02925,51.12938,PM2.5,PL
Poland,SPO_PL0196A_5_001,17.04282,51.07752,PM10,PL
Poland,SPO_PL0197A_6001_001,17.01269,51.08623,PM2.5,PL
Poland,SPO_PL0198A_5_001,15.00818,51.15039,PM10,PL
Poland,SPO_PL0198A_6001_001,15.00818,51.15039,PM2.5,PL
Poland,SPO_PL0261A_5_001,16.24415,51.52260,PM10,PL
Poland,SPO_PL0265A_5_001,16.25171,51.51251,PM10,PL
Poland,SPO_PL0268A_5_001,16.16676,51.51330,PM10,PL
Poland,SPO_PL0315A_5_001,14.96718,50.90586,PM10,PL
Poland,SPO_PL0316A_5_001,14.95424,50.87369,PM10,PL
Poland,SPO_PL0317A_5_001,17.29133,50.94207,PM10,PL
Poland,SPO_PL0317A_5_002,17.29133,50.94207,PM10,PL
Poland,SPO_PL0318A_5_001,14.97373,51.05830,PM10,PL
Poland,SPO_PL0319A_5_001,14.98033,51.04114,PM10,PL
Poland,SPO_PL0320A_5_001,14.99365,50.96354,PM10,PL
Poland,SPO_PL0321A_5_001,16.81979,50.59232,PM10,PL
Poland,SPO_PL0322A_5_001,15.00196,51.13016,PM10,PL
Poland,SPO_PL0476A_5_001,17.39000,51.21748,PM10,PL
Poland,SPO_PL0477A_5_001,15.92029,51.12390,PM10,PL
Poland,SPO_PL0490A_6001_001,17.05923,51.10346,PM2.5,PL
Poland,SPO_PL0504A_5_001,16.65366,50.43349,PM10,PL
Poland,SPO_PL0504A_6001_001,16.65366,50.43349,PM2.5,PL
Poland,SPO_PL0505A_5_001,15.43172,51.31763,PM10,PL
Poland,SPO_PL0505A_6001_001,15.43172,51.31763,PM2.5,PL
Poland,SPO_PL0540A_5_001,16.13519,51.19352,PM10,PL
Poland,SPO_PL0541A_5_001,16.25411,50.80419,PM10,PL
Poland,SPO_PL0585A_5_001,15.76561,50.91343,PM10,PL
Poland,SPO_PL0585A_6001_001,15.76561,50.91343,PM2.5,PL
Poland,SPO_PL0586A_5_001,15.70095,50.87121,PM10,PL
Poland,SPO_PL0599A_5_002,16.93706,51.54166,PM10,PL
Poland,SPO_PL0600A_5_001,15.74738,51.51591,PM10,PL
Poland,SPO_PL0602A_5_001,14.91679,50.94100,PM10,PL
Poland,SPO_PL0603A_5_001,16.09782,51.65702,PM10,PL
Poland,SPO_PL0604A_5_001,16.46693,50.84656,PM10,PL
Poland,SPO_PL0625A_5_001,16.09782,51.65702,PM10,PL
Poland,SPO_PL0632A_5_001,16.18833,51.40651,PM10,PL
Poland,SPO_PL0633A_5_001,16.51306,50.41576,PM10,PL
Poland,SPO_PL0634A_5_001,15.52825,50.82271,PM10,PL
Poland,SPO_PL0658A_5_001,15.57035,51.26325,PM10,PL
Poland,SPO_PL0660A_5_001,16.49401,50.84443,PM10,PL
Poland,SPO_PL0686A_5_001,16.88990,50.34186,PM10,PL
Poland,SPO_PL0687A_5_001,15.28584,51.11841,PM10,PL
Poland,SPO_PL0726A_5_001,16.59756,51.16624,PM10,PL
Poland,SPO_PL0726A_5_002,16.59756,51.16624,PM10,PL
Poland,SPO_PL0726A_6001_001,16.59756,51.16624,PM2.5,PL
Poland,SPO_PL0730A_5_001,16.03512,50.78808,PM10,PL
Poland,SPO_PL0730A_5_002,16.03512,50.78808,PM10,PL
Poland,SPO_PL0730A_6001_001,16.03512,50.78808,PM2.5,PL
Poland,SPO_PL0733A_5_001,16.39331,50.40256,PM10,PL
Poland,SPO_PL0733A_5_002,16.39331,50.40256,PM10,PL
Poland,SPO_PL0733A_6001_001,16.39331,50.40256,PM2.5,PL
Poland,SPO_PL0734A_5_001,16.20232,51.04921,PM10,PL
Poland,SPO_PL0734A_5_002,16.20232,51.04921,PM10,PL
Poland,SPO_PL0734A_6001_001,16.20232,51.04921,PM2.5,PL
Poland,SPO_PL0738A_6001_001,16.18378,51.20810,PM2.5,PL
Poland,SPO_PL0745A_5_001,16.49825,50.58149,PM10,PL
Poland,SPO_PL0745A_5_002,16.49825,50.58149,PM10,PL
Poland,SPO_PL0747A_5_001,15.27554,51.11901,PM10,PL
Poland,SPO_PL0777A_5_001,16.26652,50.98191,PM10,PL
Poland,SPO_PL0778A_5_001,17.27684,51.52785,PM10,PL
Poland,SPO_PL0778A_5_002,17.27684,51.52785,PM10,PL
Poland,SPO_PL0778A_6001_001,17.27684,51.52785,PM2.5,PL
Poland,SPO_PL0779A_5_001,17.07137,51.30482,PM10,PL
Poland,SPO_PL0803A_5_001,16.34902,50.72062,PM10,PL
Poland,SPO_PL0803A_5_002,16.34902,50.72062,PM10,PL
Poland,SPO_PL0803A_6001_001,16.34902,50.72062,PM2.5,PL
Poland,SPO_PL0804A_5_001,15.58524,51.11303,PM10,PL
Poland,SPO_PL0804A_5_002,15.58524,51.11303,PM10,PL
Poland,SPO_PL0804A_6001_001,15.58524,51.11303,PM2.5,PL
Poland,SPO_PL0835A_5_001,16.51386,50.39883,PM10,PL
Poland,SPO_PL0835A_5_002,16.51386,50.39883,PM10,PL
Poland,SPO_PL0835A_6001_001,16.51386,50.39883,PM2.5,PL
Poland,SPO_PL0836A_5_001,15.92980,51.27428,PM10,PL
Poland,SPO_PL0836A_5_002,15.92980,51.27428,PM10,PL
Poland,SPO_PL0836A_6001_001,15.92980,51.27428,PM2.5,PL
Poland,SPO_PL0837A_5_001,16.24376,50.43836,PM10,PL
Poland,SPO_PL0837A_5_002,16.24376,50.43836,PM10,PL
Poland,SPO_PL0837A_6001_001,16.24376,50.43836,PM2.5,PL
Poland,SPO_PL0838A_5_001,16.34847,50.96963,PM10,PL
Poland,SPO_PL0851A_5_001,15.29819,51.12009,PM10,PL
Poland,SPO_PL0851A_5_002,15.29819,51.12009,PM10,PL
Poland,SPO_PL0851A_6001_001,15.29819,51.12009,PM2.5,PL
Poland,SPO_PL0064A_5_001,17.99571,53.13408,PM10,PL
Poland,SPO_PL0064A_5_002,17.99571,53.13408,PM10,PL
Poland,SPO_PL0064A_6001_001,17.99571,53.13408,PM2.5,PL
Poland,SPO_PL0066A_5_001,18.78091,52.88842,PM10,PL
Poland,SPO_PL0068A_5_001,18.68426,53.08065,PM10,PL
Poland,SPO_PL0070A_5_001,18.41639,53.39806,PM10,PL
Poland,SPO_PL0071A_5_001,18.66610,53.02865,PM10,PL
Poland,SPO_PL0071A_5_002,18.66610,53.02865,PM10,PL
Poland,SPO_PL0071A_6001_001,18.66610,53.02865,PM2.5,PL
Poland,SPO_PL0071A_6001_002,18.66610,53.02865,PM2.5,PL
Poland,SPO_PL0072A_5_001,18.61281,53.01763,PM10,PL
Poland,SPO_PL0072A_6001_001,18.61281,53.01763,PM2.5,PL
Poland,SPO_PL0075A_5_001,19.03639,52.66472,PM10,PL
Poland,SPO_PL0075A_6001_001,19.03639,52.66472,PM2.5,PL
Poland,SPO_PL0077A_5_001,17.93402,53.66212,PM10,PL
Poland,SPO_PL0077A_6001_001,17.93402,53.66212,PM2.5,PL
Poland,SPO_PL0201A_5_001,17.60514,53.13836,PM10,PL
Poland,SPO_PL0205A_5_001,19.05931,52.65847,PM10,PL
Poland,SPO_PL0205A_5_002,19.05931,52.65847,PM10,PL
Poland,SPO_PL0205A_6001_001,19.05931,52.65847,PM2.5,PL
Poland,SPO_PL0252A_5_001,17.98791,53.12176,PM10,PL
Poland,SPO_PL0252A_5_002,17.98791,53.12176,PM10,PL
Poland,SPO_PL0252A_6001_001,17.98791,53.12176,PM2.5,PL
Poland,SPO_PL0341A_5_001,17.86935,53.58596,PM10,PL
Poland,SPO_PL0491A_6001_001,18.13206,53.15145,PM2.5,PL
Poland,SPO_PL0542A_5_001,18.75250,53.49183,PM10,PL
Poland,SPO_PL0542A_6001_001,18.75250,53.49183,PM2.5,PL
Poland,SPO_PL0580A_5_001,18.76214,53.49355,PM10,PL
Poland,SPO_PL0581A_5_001,18.24104,52.79312,PM10,PL
Poland,SPO_PL0581A_5_002,18.24104,52.79312,PM10,PL
Poland,SPO_PL0582A_5_001,18.60568,53.01248,PM10,PL
Poland,SPO_PL0587A_5_001,17.85903,52.82294,PM10,PL
Poland,SPO_PL0605A_5_001,19.07926,52.67265,PM10,PL
Poland,SPO_PL0606A_5_001,19.41509,53.24926,PM10,PL
Poland,SPO_PL0656A_5_001,18.25438,52.75569,PM10,PL
Poland,SPO_PL0664A_5_001,19.04449,52.63739,PM10,PL
Poland,SPO_PL0683A_5_001,17.59154,53.13668,PM10,PL
Poland,SPO_PL0683A_5_002,17.59154,53.13668,PM10,PL
Poland,SPO_PL0683A_6001_001,17.59154,53.13668,PM2.5,PL
Poland,SPO_PL0688A_5_001,18.59504,53.04195,PM10,PL
Poland,SPO_PL0689A_5_001,18.98746,52.65677,PM10,PL
Poland,SPO_PL0690A_5_001,19.05189,52.65156,PM10,PL
Poland,SPO_PL0690A_6001_001,19.05189,52.65156,PM2.5,PL
Poland,SPO_PL0703A_5_001,19.05189,52.65156,PM10,PL
Poland,SPO_PL0703A_6001_001,19.05189,52.65156,PM2.5,PL
Poland,SPO_PL0737A_5_002,18.44750,53.35198,PM10,PL
Poland,SPO_PL0737A_6001_001,18.44750,53.35198,PM2.5,PL
Poland,SPO_PL0737A_6001_002,18.44750,53.35198,PM2.5,PL
Poland,SPO_PL0751A_5_001,17.94957,52.65684,PM10,PL
Poland,SPO_PL0751A_5_002,17.94957,52.65684,PM10,PL
Poland,SPO_PL0751A_6001_001,17.94957,52.65684,PM2.5,PL
Poland,SPO_PL0780A_5_001,18.22790,53.07962,PM10,PL
Poland,SPO_PL0780A_6001_001,18.22790,53.07962,PM2.5,PL
Poland,SPO_PL0816A_5_001,18.42875,53.40758,PM10,PL
Poland,SPO_PL0816A_6001_001,18.42875,53.40758,PM2.5,PL
Poland,SPO_PL0079A_5_001,23.14939,52.02919,PM10,PL
Poland,SPO_PL0079A_5_002,23.14939,52.02919,PM10,PL
Poland,SPO_PL0079A_6001_001,23.14939,52.02919,PM2.5,PL
Poland,SPO_PL0081A_5_001,23.51460,51.13095,PM10,PL
Poland,SPO_PL0081A_6001_001,23.51460,51.13095,PM2.5,PL
Poland,SPO_PL0085A_5_001,22.55168,51.27308,PM10,PL
Poland,SPO_PL0085A_6001_001,22.55168,51.27308,PM2.5,PL
Poland,SPO_PL0089A_5_001,21.97638,51.41061,PM10,PL
Poland,SPO_PL0091A_5_001,23.29025,50.71663,PM10,PL
Poland,SPO_PL0091A_5_002,23.29025,50.71663,PM10,PL
Poland,SPO_PL0091A_6001_001,23.29025,50.71663,PM2.5,PL
Poland,SPO_PL0091A_6001_002,23.29025,50.71663,PM2.5,PL
Poland,SPO_PL0270A_5_001,22.62594,51.78000,PM10,PL
Poland,SPO_PL0270A_5_002,22.62594,51.78000,PM10,PL
Poland,SPO_PL0353A_5_001,22.22831,50.92824,PM10,PL
Poland,SPO_PL0507A_5_001,22.56913,51.25943,PM10,PL
Poland,SPO_PL0507A_6001_001,22.56913,51.25943,PM2.5,PL
Poland,SPO_PL0657A_5_001,21.96109,51.41905,PM10,PL
Poland,SPO_PL0691A_5_001,22.98286,50.55189,PM10,PL
Poland,SPO_PL0710A_5_001,22.21024,51.28493,PM10,PL
Poland,SPO_PL0710A_5_002,22.21024,51.28493,PM10,PL
Poland,SPO_PL0710A_6001_001,22.21024,51.28493,PM2.5,PL
Poland,SPO_PL0744A_5_001,23.47308,51.12215,PM10,PL
Poland,SPO_PL0744A_5_002,23.47308,51.12215,PM10,PL
Poland,SPO_PL0744A_6001_001,23.47308,51.12215,PM2.5,PL
Poland,SPO_PL0761A_5_001,23.19732,50.54930,PM10,PL
Poland,SPO_PL0761A_5_002,23.19732,50.54930,PM10,PL
Poland,SPO_PL0761A_6001_001,23.19732,50.54930,PM2.5,PL
Poland,SPO_PL0762A_5_001,22.55499,51.24546,PM10,PL
Poland,SPO_PL0762A_6001_001,22.55499,51.24546,PM2.5,PL
Poland,SPO_PL0781A_5_001,22.40527,50.71509,PM10,PL
Poland,SPO_PL0781A_5_002,22.40527,50.71509,PM10,PL
Poland,SPO_PL0781A_6001_001,22.40527,50.71509,PM2.5,PL
Poland,SPO_PL0817A_5_001,22.37316,51.93103,PM10,PL
Poland,SPO_PL0817A_5_002,22.37316,51.93103,PM10,PL
Poland,SPO_PL0817A_6001_001,22.37316,51.93103,PM2.5,PL
Poland,SPO_PL0852A_5_001,23.42155,50.44413,PM10,PL
Poland,SPO_PL0852A_5_002,23.42155,50.44413,PM10,PL
Poland,SPO_PL0852A_6001_001,23.42155,50.44413,PM2.5,PL
Poland,SPO_PL0094A_5_001,19.23322,52.14326,PM10,PL
Poland,SPO_PL0095A_5_001,19.37221,52.22849,PM10,PL
Poland,SPO_PL0096A_5_001,19.52979,51.75805,PM10,PL
Poland,SPO_PL0096A_6001_001,19.52979,51.75805,PM2.5,PL
Poland,SPO_PL0096A_6001_002,19.52979,51.75805,PM2.5,PL
Poland,SPO_PL0098A_5_001,19.45241,51.77760,PM10,PL
Poland,SPO_PL0100A_5_001,19.45294,51.77642,PM10,PL
Poland,SPO_PL0100A_6001_001,19.45294,51.77642,PM2.5,PL
Poland,SPO_PL0101A_5_001,19.43484,51.70558,PM10,PL
Poland,SPO_PL0104A_5_001,19.36868,51.66798,PM10,PL
Poland,SPO_PL0105A_5_001,19.51756,51.29118,PM10,PL
Poland,SPO_PL0110A_5_001,18.71733,51.59012,PM10,PL
Poland,SPO_PL0115A_5_001,19.42123,51.85669,PM10,PL
Poland,SPO_PL0115A_6001_001,19.42123,51.85669,PM2.5,PL
Poland,SPO_PL0256A_5_001,19.45116,51.06399,PM10,PL
Poland,SPO_PL0366A_5_001,19.75609,51.79781,PM10,PL
Poland,SPO_PL0508A_5_001,20.28924,51.37584,PM10,PL
Poland,SPO_PL0509A_5_001,19.69696,51.40441,PM10,PL
Poland,SPO_PL0509A_5_002,19.69696,51.40441,PM10,PL
Poland,SPO_PL0509A_6001_001,19.69696,51.40441,PM2.5,PL
Poland,SPO_PL0510A_5_001,19.68869,51.40784,PM10,PL
Poland,SPO_PL0510A_6001_001,19.68869,51.40784,PM2.5,PL
Poland,SPO_PL0537A_5_001,19.35606,51.66333,PM10,PL
Poland,SPO_PL0543A_5_001,19.45099,51.77538,PM10,PL
Poland,SPO_PL0543A_6001_001,19.45099,51.77538,PM2.5,PL
Poland,SPO_PL0544A_5_001,19.44871,51.06742,PM10,PL
Poland,SPO_PL0544A_5_002,19.44871,51.06742,PM10,PL
Poland,SPO_PL0544A_6001_001,19.44871,51.06742,PM2.5,PL
Poland,SPO_PL0545A_5_001,20.25084,51.76089,PM10,PL
Poland,SPO_PL0546A_5_001,20.14618,51.95956,PM10,PL
Poland,SPO_PL0547A_5_001,20.01686,51.52623,PM10,PL
Poland,SPO_PL0548A_5_001,18.94012,51.60138,PM10,PL
Poland,SPO_PL0589A_5_001,19.46713,51.76380,PM10,PL
Poland,SPO_PL0590A_5_001,18.58183,51.21783,PM10,PL
Poland,SPO_PL0607A_5_001,19.36851,52.23439,PM10,PL
Poland,SPO_PL0609A_5_001,19.93943,52.10585,PM10,PL
Poland,SPO_PL0611A_5_001,20.14946,51.95430,PM10,PL
Poland,SPO_PL0635A_5_001,19.43493,51.75461,PM10,PL
Poland,SPO_PL0636A_5_001,18.73481,51.59206,PM10,PL
Poland,SPO_PL0665A_5_001,19.36590,51.35669,PM10,PL
Poland,SPO_PL0666A_5_001,20.28217,51.37913,PM10,PL
Poland,SPO_PL0667A_5_001,18.79029,51.97171,PM10,PL
Poland,SPO_PL0763A_5_001,19.35369,52.23191,PM10,PL
Poland,SPO_PL0763A_5_002,19.35369,52.23191,PM10,PL
Poland,SPO_PL0763A_6001_001,19.35369,52.23191,PM2.5,PL
Poland,SPO_PL0764A_5_001,19.13143,51.58921,PM10,PL
Poland,SPO_PL0764A_5_002,19.13143,51.58921,PM10,PL
Poland,SPO_PL0764A_6001_001,19.13143,51.58921,PM2.5,PL
Poland,SPO_PL0209A_5_001,15.22867,52.73821,PM10,PL
Poland,SPO_PL0209A_5_002,15.22867,52.73821,PM10,PL
Poland,SPO_PL0209A_6001_001,15.22867,52.73821,PM2.5,PL
Poland,SPO_PL0211A_5_001,15.20667,52.17222,PM10,PL
Poland,SPO_PL0212A_5_001,16.31750,51.79972,PM10,PL
Poland,SPO_PL0212A_5_002,16.31750,51.79972,PM10,PL
Poland,SPO_PL0212A_6001_001,16.31750,51.79972,PM2.5,PL
Poland,SPO_PL0212A_6001_002,16.31750,51.79972,PM2.5,PL
Poland,SPO_PL0213A_5_001,15.51886,51.93978,PM10,PL
Poland,SPO_PL0213A_5_002,15.51886,51.93978,PM10,PL
Poland,SPO_PL0213A_6001_001,15.51886,51.93978,PM2.5,PL
Poland,SPO_PL0213A_6001_002,15.51886,51.93978,PM2.5,PL
Poland,SPO_PL0492A_5_001,15.24629,52.74704,PM10,PL
Poland,SPO_PL0492A_6001_001,15.24629,52.74704,PM2.5,PL
Poland,SPO_PL0575A_5_001,15.12244,52.43772,PM10,PL
Poland,SPO_PL0575A_5_002,15.12244,52.43772,PM10,PL
Poland,SPO_PL0591A_5_001,15.12781,51.64266,PM10,PL
Poland,SPO_PL0591A_5_002,15.12781,51.64266,PM10,PL
Poland,SPO_PL0591A_6001_001,15.12781,51.64266,PM2.5,PL
Poland,SPO_PL0591A_6001_002,15.12781,51.64266,PM2.5,PL
Poland,SPO_PL0711A_5_001,15.48108,51.93625,PM10,PL
Poland,SPO_PL0711A_5_002,15.48108,51.93625,PM10,PL
Poland,SPO_PL0752A_5_001,15.70819,51.80866,PM10,PL
Poland,SPO_PL0752A_5_002,15.70819,51.80866,PM10,PL
Poland,SPO_PL0752A_6001_001,15.70819,51.80866,PM2.5,PL
Poland,SPO_PL0766A_5_001,15.52757,52.24544,PM10,PL
Poland,SPO_PL0766A_5_002,15.52757,52.24544,PM10,PL
Poland,SPO_PL0766A_6001_001,15.52757,52.24544,PM2.5,PL
Poland,SPO_PL0782A_5_001,14.72499,51.94793,PM10,PL
Poland,SPO_PL0782A_5_002,14.72499,51.94793,PM10,PL
Poland,SPO_PL0782A_6001_001,14.72499,51.94793,PM2.5,PL
Poland,SPO_PL0782A_6001_002,14.72499,51.94793,PM2.5,PL
Poland,SPO_PL0783A_5_001,15.70804,51.80910,PM10,PL
Poland,SPO_PL0783A_5_002,15.70804,51.80910,PM10,PL
Poland,SPO_PL0783A_6001_001,15.70804,51.80910,PM2.5,PL
Poland,SPO_PL0805A_5_001,15.30167,51.61545,PM10,PL
Poland,SPO_PL0805A_5_002,15.30167,51.61545,PM10,PL
Poland,SPO_PL0805A_6001_001,15.30167,51.61545,PM2.5,PL
Poland,SPO_PL0818A_5_001,15.56481,52.44333,PM10,PL
Poland,SPO_PL0818A_5_002,15.56481,52.44333,PM10,PL
Poland,SPO_PL0818A_6001_001,15.56481,52.44333,PM2.5,PL
Poland,SPO_PL0839A_5_001,14.95810,51.78425,PM10,PL
Poland,SPO_PL0839A_5_002,14.95810,51.78425,PM10,PL
Poland,SPO_PL0839A_6001_001,14.95810,51.78425,PM2.5,PL
Poland,SPO_PL0853A_5_001,15.63325,52.08483,PM10,PL
Poland,SPO_PL0853A_5_002,15.63325,52.08483,PM10,PL
Poland,SPO_PL0853A_6001_001,15.63325,52.08483,PM2.5,PL
Poland,SPO_PL0012A_5_001,19.92619,50.05768,PM10,PL
Poland,SPO_PL0012A_5_002,19.92619,50.05768,PM10,PL
Poland,SPO_PL0012A_6001_001,19.92619,50.05768,PM2.5,PL
Poland,SPO_PL0039A_5_001,20.05349,50.06931,PM10,PL
Poland,SPO_PL0039A_5_002,20.05349,50.06931,PM10,PL
Poland,SPO_PL0039A_6001_001,20.05349,50.06931,PM2.5,PL
Poland,SPO_PL0120A_5_001,20.29971,50.19218,PM10,PL
Poland,SPO_PL0121A_5_001,21.11683,49.63371,PM10,PL
Poland,SPO_PL0121A_5_002,21.11683,49.63371,PM10,PL
Poland,SPO_PL0124A_5_001,19.49794,49.87276,PM10,PL
Poland,SPO_PL0125A_5_001,20.21269,50.03512,PM10,PL
Poland,SPO_PL0125A_5_002,20.21269,50.03512,PM10,PL
Poland,SPO_PL0126A_5_001,19.96008,49.29356,PM10,PL
Poland,SPO_PL0126A_5_002,19.96008,49.29356,PM10,PL
Poland,SPO_PL0126A_6001_001,19.96008,49.29356,PM2.5,PL
Poland,SPO_PL0273A_5_001,19.83042,49.97105,PM10,PL
Poland,SPO_PL0306A_5_001,19.56987,50.27757,PM10,PL
Poland,SPO_PL0478A_5_001,21.16334,49.65889,PM10,PL
Poland,SPO_PL0481A_5_001,21.05106,49.89417,PM10,PL
Poland,SPO_PL0501A_5_001,19.94919,50.01058,PM10,PL
Poland,SPO_PL0501A_5_002,19.94919,50.01058,PM10,PL
Poland,SPO_PL0501A_6001_001,19.94919,50.01058,PM2.5,PL
Poland,SPO_PL0501A_6001_002,19.94919,50.01058,PM2.5,PL
Poland,SPO_PL0502A_5_001,21.00417,50.02017,PM10,PL
Poland,SPO_PL0502A_5_002,21.00417,50.02017,PM10,PL
Poland,SPO_PL0502A_6001_001,21.00417,50.02017,PM2.5,PL
Poland,SPO_PL0549A_5_001,20.43951,49.96902,PM10,PL
Poland,SPO_PL0549A_6001_001,20.43951,49.96902,PM2.5,PL
Poland,SPO_PL0550A_5_001,20.71440,49.61928,PM10,PL
Poland,SPO_PL0550A_5_002,20.71440,49.61928,PM10,PL
Poland,SPO_PL0550A_6001_001,20.71440,49.61928,PM2.5,PL
Poland,SPO_PL0551A_5_001,19.58833,49.74064,PM10,PL
Poland,SPO_PL0551A_5_002,19.58833,49.74064,PM10,PL
Poland,SPO_PL0552A_5_001,19.47746,50.15941,PM10,PL
Poland,SPO_PL0552A_5_002,19.47746,50.15941,PM10,PL
Poland,SPO_PL0552A_6001_001,19.47746,50.15941,PM2.5,PL
Poland,SPO_PL0612A_5_001,19.46229,50.26624,PM10,PL
Poland,SPO_PL0613A_5_001,19.21560,49.87694,PM10,PL
Poland,SPO_PL0614A_5_001,20.42412,49.69852,PM10,PL
Poland,SPO_PL0615A_5_001,19.93811,49.83492,PM10,PL
Poland,SPO_PL0616A_5_001,20.08219,50.24344,PM10,PL
Poland,SPO_PL0617A_5_001,19.59227,49.74071,PM10,PL
Poland,SPO_PL0617A_5_002,19.59227,49.74071,PM10,PL
Poland,SPO_PL0619A_5_001,20.48495,49.42589,PM10,PL
Poland,SPO_PL0626A_5_001,20.60322,49.97595,PM10,PL
Poland,SPO_PL0627A_5_001,20.98403,50.17752,PM10,PL
Poland,SPO_PL0628A_5_001,20.03867,50.36004,PM10,PL
Poland,SPO_PL0629A_5_001,20.02688,49.47610,PM10,PL
Poland,SPO_PL0630A_5_001,19.23933,50.03545,PM10,PL
Poland,SPO_PL0631A_5_001,19.96589,49.60875,PM10,PL
Poland,SPO_PL0637A_5_001,19.40656,50.14403,PM10,PL
Poland,SPO_PL0638A_5_001,20.10082,49.88111,PM10,PL
Poland,SPO_PL0639A_5_001,19.67672,49.86734,PM10,PL
Poland,SPO_PL0641A_5_001,19.94601,50.05745,PM10,PL
Poland,SPO_PL0642A_5_001,20.01827,50.09851,PM10,PL
Poland,SPO_PL0642A_5_002,20.01827,50.09851,PM10,PL
Poland,SPO_PL0642A_6001_001,20.01827,50.09851,PM2.5,PL
Poland,SPO_PL0643A_5_001,19.89536,50.08120,PM10,PL
Poland,SPO_PL0643A_5_002,19.89536,50.08120,PM10,PL
Poland,SPO_PL0644A_5_001,20.89438,49.35446,PM10,PL
Poland,SPO_PL0645A_5_001,20.71989,49.44406,PM10,PL
Poland,SPO_PL0646A_5_001,19.60034,49.74313,PM10,PL
Poland,SPO_PL0646A_5_002,19.60034,49.74313,PM10,PL
Poland,SPO_PL0647A_5_001,20.99258,50.01825,PM10,PL
Poland,SPO_PL0647A_6001_001,20.99258,50.01825,PM2.5,PL
Poland,SPO_PL0648A_5_001,20.05900,49.98825,PM10,PL
Poland,SPO_PL0668A_5_001,19.14606,49.96667,PM10,PL
Poland,SPO_PL0669A_5_001,20.01682,50.01904,PM10,PL
Poland,SPO_PL0669A_5_002,20.01682,50.01904,PM10,PL
Poland,SPO_PL0670A_5_001,20.12256,50.10057,PM10,PL
Poland,SPO_PL0670A_5_002,20.12256,50.10057,PM10,PL
Poland,SPO_PL0671A_5_001,20.02899,49.48360,PM10,PL
Poland,SPO_PL0671A_5_002,20.02899,49.48360,PM10,PL
Poland,SPO_PL0672A_5_001,19.96601,49.60865,PM10,PL
Poland,SPO_PL0672A_5_002,19.96601,49.60865,PM10,PL
Poland,SPO_PL0685A_5_001,20.89436,49.35445,PM10,PL
Poland,SPO_PL0693A_5_001,20.87958,49.37415,PM10,PL
Poland,SPO_PL0694A_5_001,19.24528,50.03308,PM10,PL
Poland,SPO_PL0694A_5_002,19.24528,50.03308,PM10,PL
Poland,SPO_PL0728A_5_001,19.80064,50.11603,PM10,PL
Poland,SPO_PL0728A_5_002,19.80064,50.11603,PM10,PL
Poland,SPO_PL0735A_5_001,19.93679,49.99144,PM10,PL
Poland,SPO_PL0735A_5_002,19.93679,49.99144,PM10,PL
Poland,SPO_PL0743A_5_001,20.95615,49.41698,PM10,PL
Poland,SPO_PL0743A_5_002,20.95615,49.41698,PM10,PL
Poland,SPO_PL0754A_5_001,19.56404,50.28400,PM10,PL
Poland,SPO_PL0754A_5_002,19.56404,50.28400,PM10,PL
Poland,SPO_PL0784A_5_001,20.08309,49.67222,PM10,PL
Poland,SPO_PL0784A_5_002,20.08309,49.67222,PM10,PL
Poland,SPO_PL0806A_5_001,19.92359,49.83124,PM10,PL
Poland,SPO_PL0807A_5_001,20.03488,49.47668,PM10,PL
Poland,SPO_PL0807A_5_002,20.03488,49.47668,PM10,PL
Poland,SPO_PL0808A_5_001,20.47838,49.42709,PM10,PL
Poland,SPO_PL0808A_5_002,20.47838,49.42709,PM10,PL
Poland,SPO_PL0809A_5_001,19.49747,49.87236,PM10,PL
Poland,SPO_PL0809A_5_002,19.49747,49.87236,PM10,PL
Poland,SPO_PL0819A_5_001,19.97846,50.02461,PM10,PL
Poland,SPO_PL0820A_5_001,20.89052,49.35004,PM10,PL
Poland,SPO_PL0820A_5_002,20.89052,49.35004,PM10,PL
Poland,SPO_PL0840A_5_001,21.17809,49.44017,PM10,PL
Poland,SPO_PL0840A_5_002,21.17809,49.44017,PM10,PL
Poland,SPO_PL0014A_5_001,20.79191,51.83524,PM10,PL
Poland,SPO_PL0127A_5_001,20.61329,52.87844,PM10,PL
Poland,SPO_PL0128A_5_001,20.45465,52.28586,PM10,PL
Poland,SPO_PL0129A_5_001,20.95593,52.40758,PM10,PL
Poland,SPO_PL0129A_5_002,20.95593,52.40758,PM10,PL
Poland,SPO_PL0129A_6001_001,20.95593,52.40758,PM2.5,PL
Poland,SPO_PL0131A_5_001,21.58921,53.08402,PM10,PL
Poland,SPO_PL0134A_5_001,20.83749,52.19173,PM10,PL
Poland,SPO_PL0134A_5_002,20.83749,52.19173,PM10,PL
Poland,SPO_PL0134A_6001_001,20.83749,52.19173,PM2.5,PL
Poland,SPO_PL0134A_6001_002,20.83749,52.19173,PM2.5,PL
Poland,SPO_PL0136A_5_001,19.70979,52.55094,PM10,PL
Poland,SPO_PL0136A_6001_001,19.70979,52.55094,PM2.5,PL
Poland,SPO_PL0136A_6001_002,19.70979,52.55094,PM2.5,PL
Poland,SPO_PL0137A_5_001,21.16682,51.40608,PM10,PL
Poland,SPO_PL0138A_5_001,21.14747,51.39908,PM10,PL
Poland,SPO_PL0138A_6001_001,21.14747,51.39908,PM2.5,PL
Poland,SPO_PL0140A_5_001,21.00472,52.21930,PM10,PL
Poland,SPO_PL0140A_5_002,21.00472,52.21930,PM10,PL
Poland,SPO_PL0140A_6001_001,21.00472,52.21930,PM2.5,PL
Poland,SPO_PL0141A_5_001,21.03382,52.16077,PM10,PL
Poland,SPO_PL0141A_6001_001,21.03382,52.16077,PM2.5,PL
Poland,SPO_PL0141A_6001_002,21.03382,52.16077,PM2.5,PL
Poland,SPO_PL0143A_5_001,21.04246,52.29086,PM10,PL
Poland,SPO_PL0143A_6001_001,21.04246,52.29086,PM2.5,PL
Poland,SPO_PL0143A_6001_002,21.04246,52.29086,PM2.5,PL
Poland,SPO_PL0144A_5_001,20.42989,52.05381,PM10,PL
Poland,SPO_PL0144A_6001_001,20.42989,52.05381,PM2.5,PL
Poland,SPO_PL0214A_5_001,20.91751,52.22865,PM10,PL
Poland,SPO_PL0308A_5_001,20.93302,52.28507,PM10,PL
Poland,SPO_PL0308A_5_002,20.93302,52.28507,PM10,PL
Poland,SPO_PL0308A_6001_001,20.93302,52.28507,PM2.5,PL
Poland,SPO_PL0308A_6001_002,20.93302,52.28507,PM2.5,PL
Poland,SPO_PL0398A_5_001,19.68767,52.55628,PM10,PL
Poland,SPO_PL0398A_6001_001,19.68767,52.55628,PM2.5,PL
Poland,SPO_PL0493A_6001_001,21.17129,51.41532,PM2.5,PL
Poland,SPO_PL0516A_5_001,20.37173,53.11191,PM10,PL
Poland,SPO_PL0538A_5_001,22.28200,52.17215,PM10,PL
Poland,SPO_PL0538A_5_002,22.28200,52.17215,PM10,PL
Poland,SPO_PL0538A_6001_001,22.28200,52.17215,PM2.5,PL
Poland,SPO_PL0539A_5_001,21.23730,52.11572,PM10,PL
Poland,SPO_PL0539A_5_002,21.23730,52.11572,PM10,PL
Poland,SPO_PL0539A_6001_001,21.23730,52.11572,PM2.5,PL
Poland,SPO_PL0592A_5_001,21.01480,52.22516,PM10,PL
Poland,SPO_PL0592A_6001_001,21.01480,52.22516,PM2.5,PL
Poland,SPO_PL0620A_5_001,21.57932,53.08374,PM10,PL
Poland,SPO_PL0620A_5_002,21.57932,53.08374,PM10,PL
Poland,SPO_PL0620A_6001_001,21.57932,53.08374,PM2.5,PL
Poland,SPO_PL0649A_5_001,21.28817,52.94317,PM10,PL
Poland,SPO_PL0649A_5_002,21.28817,52.94317,PM10,PL
Poland,SPO_PL0649A_6001_001,21.28817,52.94317,PM2.5,PL
Poland,SPO_PL0673A_5_001,21.11119,52.08063,PM10,PL
Poland,SPO_PL0673A_5_002,21.11119,52.08063,PM10,PL
Poland,SPO_PL0673A_6001_001,21.11119,52.08063,PM2.5,PL
Poland,SPO_PL0712A_5_001,19.64510,52.60253,PM10,PL
Poland,SPO_PL0712A_6001_001,19.64510,52.60253,PM2.5,PL
Poland,SPO_PL0717A_5_001,21.17623,52.18847,PM10,PL
Poland,SPO_PL0717A_5_002,21.17623,52.18847,PM10,PL
Poland,SPO_PL0717A_6001_001,21.17623,52.18847,PM2.5,PL
Poland,SPO_PL0739A_5_001,20.90607,52.20774,PM10,PL
Poland,SPO_PL0739A_5_002,20.90607,52.20774,PM10,PL
Poland,SPO_PL0739A_6001_001,20.90607,52.20774,PM2.5,PL
Poland,SPO_PL0753A_5_001,21.56097,52.17877,PM10,PL
Poland,SPO_PL0753A_5_002,21.56097,52.17877,PM10,PL
Poland,SPO_PL0753A_6001_001,21.56097,52.17877,PM2.5,PL
Poland,SPO_PL0785A_5_001,19.66206,52.85178,PM10,PL
Poland,SPO_PL0785A_5_002,19.66206,52.85178,PM10,PL
Poland,SPO_PL0785A_6001_001,19.66206,52.85178,PM2.5,PL
Poland,SPO_PL0821A_5_001,21.12460,52.08228,PM10,PL
Poland,SPO_PL0821A_5_002,21.12460,52.08228,PM10,PL
Poland,SPO_PL0821A_6001_001,21.12460,52.08228,PM2.5,PL
Poland,SPO_PL0822A_5_001,21.07260,52.70359,PM10,PL
Poland,SPO_PL0822A_5_002,21.07260,52.70359,PM10,PL
Poland,SPO_PL0822A_6001_001,21.07260,52.70359,PM2.5,PL
Poland,SPO_PL0854A_5_001,20.60251,52.88554,PM10,PL
Poland,SPO_PL0854A_5_002,20.60251,52.88554,PM10,PL
Poland,SPO_PL0854A_6001_001,20.60251,52.88554,PM2.5,PL
Poland,SPO_PL0217A_5_001,17.81645,50.20094,PM10,PL
Poland,SPO_PL0218A_5_001,18.23658,50.34961,PM10,PL
Poland,SPO_PL0218A_5_002,18.23658,50.34961,PM10,PL
Poland,SPO_PL0218A_6001_001,18.23658,50.34961,PM2.5,PL
Poland,SPO_PL0218A_6001_002,18.23658,50.34961,PM2.5,PL
Poland,SPO_PL0221A_5_001,17.92280,50.66696,PM10,PL
Poland,SPO_PL0222A_5_001,18.12074,50.42353,PM10,PL
Poland,SPO_PL0222A_5_002,18.12074,50.42353,PM10,PL
Poland,SPO_PL0222A_6001_001,18.12074,50.42353,PM2.5,PL
Poland,SPO_PL0494A_5_001,17.95028,50.67686,PM10,PL
Poland,SPO_PL0494A_6001_001,17.95028,50.67686,PM2.5,PL
Poland,SPO_PL0517A_5_001,18.20758,50.97218,PM10,PL
Poland,SPO_PL0517A_5_002,18.20758,50.97218,PM10,PL
Poland,SPO_PL0517A_6001_001,18.20758,50.97218,PM2.5,PL
Poland,SPO_PL0553A_5_001,18.41688,50.87698,PM10,PL
Poland,SPO_PL0593A_5_001,17.33191,50.45899,PM10,PL
Poland,SPO_PL0593A_5_002,17.33191,50.45899,PM10,PL
Poland,SPO_PL0593A_6001_001,17.33191,50.45899,PM2.5,PL
Poland,SPO_PL0593A_6001_002,17.33191,50.45899,PM2.5,PL
Poland,SPO_PL0650A_5_001,17.83051,50.20078,PM10,PL
Poland,SPO_PL0650A_5_002,17.83051,50.20078,PM10,PL
Poland,SPO_PL0674A_5_001,17.89914,50.66674,PM10,PL
Poland,SPO_PL0674A_6001_001,17.89914,50.66674,PM2.5,PL
Poland,SPO_PL0719A_5_001,17.59191,50.32086,PM10,PL
Poland,SPO_PL0719A_5_002,17.59191,50.32086,PM10,PL
Poland,SPO_PL0719A_6001_001,17.59191,50.32086,PM2.5,PL
Poland,SPO_PL0767A_5_001,18.28821,50.50933,PM10,PL
Poland,SPO_PL0767A_5_002,18.28821,50.50933,PM10,PL
Poland,SPO_PL0767A_6001_001,18.28821,50.50933,PM2.5,PL
Poland,SPO_PL0788A_5_001,17.46258,50.84951,PM10,PL
Poland,SPO_PL0788A_5_002,17.46258,50.84951,PM10,PL
Poland,SPO_PL0788A_6001_001,17.46258,50.84951,PM2.5,PL
Poland,SPO_PL0810A_5_001,17.97477,50.48619,PM10,PL
Poland,SPO_PL0810A_5_002,17.97477,50.48619,PM10,PL
Poland,SPO_PL0810A_6001_001,17.97477,50.48619,PM2.5,PL
Poland,SPO_PL0855A_5_001,17.33150,50.46099,PM10,PL
Poland,SPO_PL0148A_5_001,23.15587,53.12669,PM10,PL
Poland,SPO_PL0148A_6001_001,23.15587,53.12669,PM2.5,PL
Poland,SPO_PL0150A_5_001,23.64215,53.21549,PM10,PL
Poland,SPO_PL0150A_6001_001,23.64215,53.21549,PM2.5,PL
Poland,SPO_PL0151A_5_001,22.05438,53.18139,PM10,PL
Poland,SPO_PL0151A_5_003,22.05438,53.18139,PM10,PL
Poland,SPO_PL0151A_6001_001,22.05438,53.18139,PM2.5,PL
Poland,SPO_PL0152A_5_001,22.93461,54.11788,PM10,PL
Poland,SPO_PL0152A_5_002,22.93461,54.11788,PM10,PL
Poland,SPO_PL0152A_6001_001,22.93461,54.11788,PM2.5,PL
Poland,SPO_PL0496A_5_001,23.18174,53.12931,PM10,PL
Poland,SPO_PL0496A_6001_001,23.18174,53.12931,PM2.5,PL
Poland,SPO_PL0651A_5_001,23.58614,52.73953,PM10,PL
Poland,SPO_PL0651A_6001_001,23.58614,52.73953,PM2.5,PL
Poland,SPO_PL0675A_5_001,23.00075,53.85953,PM10,PL
Poland,SPO_PL0675A_6001_001,23.00075,53.85953,PM2.5,PL
Poland,SPO_PL0706A_5_001,22.93846,54.11590,PM10,PL
Poland,SPO_PL0706A_6001_001,22.93846,54.11590,PM2.5,PL
Poland,SPO_PL0709A_5_001,23.21632,53.14412,PM10,PL
Poland,SPO_PL0709A_5_002,23.21632,53.14412,PM10,PL
Poland,SPO_PL0709A_6001_001,23.21632,53.14412,PM2.5,PL
Poland,SPO_PL0721A_5_001,22.47027,53.63979,PM10,PL
Poland,SPO_PL0721A_6001_001,22.47027,53.63979,PM2.5,PL
Poland,SPO_PL0768A_5_001,22.98469,53.85255,PM10,PL
Poland,SPO_PL0768A_5_002,22.98469,53.85255,PM10,PL
Poland,SPO_PL0768A_6001_001,22.98469,53.85255,PM2.5,PL
Poland,SPO_PL0769A_5_001,23.16133,53.13529,PM10,PL
Poland,SPO_PL0769A_6001_001,23.16133,53.13529,PM2.5,PL
Poland,SPO_PL0841A_6001_001,23.10805,53.12960,PM2.5,PL
Poland,SPO_PL0856A_5_001,22.50927,52.91388,PM10,PL
Poland,SPO_PL0856A_6001_001,22.50927,52.91388,PM2.5,PL
Poland,SPO_PL0258A_5_001,21.47120,50.30401,PM10,PL
Poland,SPO_PL0276A_5_001,22.11247,50.52989,PM10,PL
Poland,SPO_PL0276A_5_002,22.11247,50.52989,PM10,PL
Poland,SPO_PL0276A_6001_001,22.11247,50.52989,PM2.5,PL
Poland,SPO_PL0276A_6001_002,22.11247,50.52989,PM2.5,PL
Poland,SPO_PL0413A_5_001,21.74970,49.69017,PM10,PL
Poland,SPO_PL0413A_5_002,21.74970,49.69017,PM10,PL
Poland,SPO_PL0413A_6001_001,21.74970,49.69017,PM2.5,PL
Poland,SPO_PL0413A_6001_002,21.74970,49.69017,PM2.5,PL
Poland,SPO_PL0495A_5_001,22.01058,50.02424,PM10,PL
Poland,SPO_PL0495A_5_002,22.01058,50.02424,PM10,PL
Poland,SPO_PL0495A_6001_002,22.01058,50.02424,PM2.5,PL
Poland,SPO_PL0518A_5_001,21.45462,49.74489,PM10,PL
Poland,SPO_PL0518A_5_002,21.45462,49.74489,PM10,PL
Poland,SPO_PL0518A_6001_001,21.45462,49.74489,PM2.5,PL
Poland,SPO_PL0518A_6001_002,21.45462,49.74489,PM2.5,PL
Poland,SPO_PL0554A_5_001,22.67477,50.01208,PM10,PL
Poland,SPO_PL0554A_5_002,22.67477,50.01208,PM10,PL
Poland,SPO_PL0554A_6001_001,22.67477,50.01208,PM2.5,PL
Poland,SPO_PL0555A_5_001,22.19589,49.57173,PM10,PL
Poland,SPO_PL0555A_5_002,22.19589,49.57173,PM10,PL
Poland,SPO_PL0594A_5_001,22.75624,49.78434,PM10,PL
Poland,SPO_PL0594A_5_002,22.75624,49.78434,PM10,PL
Poland,SPO_PL0594A_6001_001,22.75624,49.78434,PM2.5,PL
Poland,SPO_PL0595A_5_001,21.68837,50.57574,PM10,PL
Poland,SPO_PL0595A_5_002,21.68837,50.57574,PM10,PL
Poland,SPO_PL0621A_5_001,21.41626,50.05479,PM10,PL
Poland,SPO_PL0621A_5_002,21.41626,50.05479,PM10,PL
Poland,SPO_PL0621A_6001_001,21.41626,50.05479,PM2.5,PL
Poland,SPO_PL0623A_5_001,21.43433,50.30076,PM10,PL
Poland,SPO_PL0623A_6001_001,21.43433,50.30076,PM2.5,PL
Poland,SPO_PL0652A_5_001,21.48637,50.31804,PM10,PL
Poland,SPO_PL0676A_5_001,21.79131,49.56518,PM10,PL
Poland,SPO_PL0677A_5_001,21.44094,50.29913,PM10,PL
Poland,SPO_PL0677A_6001_001,21.44094,50.29913,PM2.5,PL
Poland,SPO_PL0678A_5_001,21.85101,49.54654,PM10,PL
Poland,SPO_PL0678A_5_002,21.85101,49.54654,PM10,PL
Poland,SPO_PL0678A_6001_001,21.85101,49.54654,PM2.5,PL
Poland,SPO_PL0696A_5_001,22.05434,50.57783,PM10,PL
Poland,SPO_PL0716A_5_001,23.36143,50.19210,PM10,PL
Poland,SPO_PL0716A_5_002,23.36143,50.19210,PM10,PL
Poland,SPO_PL0716A_6001_001,23.36143,50.19210,PM2.5,PL
Poland,SPO_PL0736A_5_001,22.00466,50.04068,PM10,PL
Poland,SPO_PL0736A_6001_001,22.00466,50.04068,PM2.5,PL
Poland,SPO_PL0749A_5_001,21.36934,50.01905,PM10,PL
Poland,SPO_PL0749A_5_002,21.36934,50.01905,PM10,PL
Poland,SPO_PL0749A_6001_001,21.36934,50.01905,PM2.5,PL
Poland,SPO_PL0770A_5_001,22.43945,49.37421,PM10,PL
Poland,SPO_PL0770A_5_002,22.43945,49.37421,PM10,PL
Poland,SPO_PL0770A_6001_001,22.43945,49.37421,PM2.5,PL
Poland,SPO_PL0811A_5_001,22.24242,50.44196,PM10,PL
Poland,SPO_PL0811A_5_002,22.24242,50.44196,PM10,PL
Poland,SPO_PL0811A_6001_001,22.24242,50.44196,PM2.5,PL
Poland,SPO_PL0823A_5_001,21.64151,49.71403,PM10,PL
Poland,SPO_PL0823A_5_002,21.64151,49.71403,PM10,PL
Poland,SPO_PL0823A_6001_001,21.64151,49.71403,PM2.5,PL
Poland,SPO_PL0824A_5_001,22.04794,50.02486,PM10,PL
Poland,SPO_PL0824A_6001_001,22.04794,50.02486,PM2.5,PL
Poland,SPO_PL0825A_5_001,21.98051,50.06038,PM10,PL
Poland,SPO_PL0825A_6001_001,21.98051,50.06038,PM2.5,PL
Poland,SPO_PL0842A_5_001,21.93409,49.98179,PM10,PL
Poland,SPO_PL0842A_5_002,21.93409,49.98179,PM10,PL
Poland,SPO_PL0842A_6001_001,21.93409,49.98179,PM2.5,PL
Poland,SPO_PL0857A_5_001,21.76949,50.24590,PM10,PL
Poland,SPO_PL0857A_5_002,21.76949,50.24590,PM10,PL
Poland,SPO_PL0857A_6001_001,21.76949,50.24590,PM2.5,PL
Poland,SPO_PL0858A_5_001,21.99218,49.99841,PM10,PL
Poland,SPO_PL0858A_6001_001,21.99218,49.99841,PM2.5,PL
Poland,SPO_PL0045A_5_001,18.63527,54.35320,PM10,PL
Poland,SPO_PL0045A_6001_001,18.63527,54.35320,PM2.5,PL
Poland,SPO_PL0046A_5_001,18.70111,54.36778,PM10,PL
Poland,SPO_PL0047A_5_001,18.65733,54.40079,PM10,PL
Poland,SPO_PL0047A_6001_001,18.65733,54.40079,PM2.5,PL
Poland,SPO_PL0048A_5_001,18.49333,54.56084,PM10,PL
Poland,SPO_PL0048A_6001_001,18.49333,54.56084,PM2.5,PL
Poland,SPO_PL0049A_5_001,18.55778,54.32834,PM10,PL
Poland,SPO_PL0050A_5_001,18.57972,54.43167,PM10,PL
Poland,SPO_PL0051A_5_001,18.78751,54.08584,PM10,PL
Poland,SPO_PL0052A_5_001,18.61977,54.38014,PM10,PL
Poland,SPO_PL0052A_5_002,18.61977,54.38014,PM10,PL
Poland,SPO_PL0052A_6001_001,18.61977,54.38014,PM2.5,PL
Poland,SPO_PL0166A_5_001,18.67342,54.35272,PM10,PL
Poland,SPO_PL0168A_5_001,18.40994,54.79364,PM10,PL
Poland,SPO_PL0169A_5_001,18.23936,54.60114,PM10,PL
Poland,SPO_PL0171A_5_001,17.04672,54.46361,PM10,PL
Poland,SPO_PL0171A_5_002,17.04672,54.46361,PM10,PL
Poland,SPO_PL0171A_6001_001,17.04672,54.46361,PM2.5,PL
Poland,SPO_PL0281A_5_001,17.45807,54.69381,PM10,PL
Poland,SPO_PL0310A_5_001,18.53638,54.52527,PM10,PL
Poland,SPO_PL0311A_5_001,18.52764,53.96566,PM10,PL
Poland,SPO_PL0497A_6001_001,18.61433,54.39864,PM2.5,PL
Poland,SPO_PL0519A_5_001,17.03073,54.47561,PM10,PL
Poland,SPO_PL0520A_5_001,18.46491,54.46576,PM10,PL
Poland,SPO_PL0520A_6001_001,18.46491,54.46576,PM2.5,PL
Poland,SPO_PL0522A_5_001,18.62027,54.38028,PM10,PL
Poland,SPO_PL0557A_5_001,18.53983,54.50805,PM10,PL
Poland,SPO_PL0558A_5_001,17.97586,54.12069,PM10,PL
Poland,SPO_PL0558A_5_002,17.97586,54.12069,PM10,PL
Poland,SPO_PL0558A_6001_001,17.97586,54.12069,PM2.5,PL
Poland,SPO_PL0558A_6001_002,17.97586,54.12069,PM2.5,PL
Poland,SPO_PL0559A_5_001,19.03290,54.03125,PM10,PL
Poland,SPO_PL0559A_5_002,19.03290,54.03125,PM10,PL
Poland,SPO_PL0560A_5_001,17.74619,54.54617,PM10,PL
Poland,SPO_PL0560A_5_002,17.74619,54.54617,PM10,PL
Poland,SPO_PL0560A_6001_001,17.74619,54.54617,PM2.5,PL
Poland,SPO_PL0560A_6001_002,17.74619,54.54617,PM2.5,PL
Poland,SPO_PL0561A_5_001,18.18297,54.10411,PM10,PL
Poland,SPO_PL0562A_5_001,18.93692,53.72236,PM10,PL
Poland,SPO_PL0729A_5_001,18.53383,53.95689,PM10,PL
Poland,SPO_PL0758A_5_001,17.56450,53.69655,PM10,PL
Poland,SPO_PL0758A_5_002,17.56450,53.69655,PM10,PL
Poland,SPO_PL0775A_5_001,18.60156,54.38068,PM10,PL
Poland,SPO_PL0775A_5_002,18.60156,54.38068,PM10,PL
Poland,SPO_PL0775A_6001_001,18.60156,54.38068,PM2.5,PL
Poland,SPO_PL0790A_5_001,18.57884,54.43451,PM10,PL
Poland,SPO_PL0790A_6001_001,18.57884,54.43451,PM2.5,PL
Poland,SPO_PL0791A_5_001,18.22776,54.60453,PM10,PL
Poland,SPO_PL0827A_5_001,16.87363,54.58252,PM10,PL
Poland,SPO_PL0827A_5_002,16.87363,54.58252,PM10,PL
Poland,SPO_PL0827A_6001_001,16.87363,54.58252,PM2.5,PL
Poland,SPO_PL0843A_5_001,17.49299,54.17270,PM10,PL
Poland,SPO_PL0843A_5_002,17.49299,54.17270,PM10,PL
Poland,SPO_PL0843A_6001_001,17.49299,54.17270,PM2.5,PL
Poland,SPO_PL0859A_5_001,18.56882,54.32883,PM10,PL
Poland,SPO_PL0859A_6001_001,18.56882,54.32883,PM2.5,PL
Poland,SPO_PL0283A_5_001,20.60500,50.87255,PM10,PL
Poland,SPO_PL0283A_5_002,20.60500,50.87255,PM10,PL
Poland,SPO_PL0283A_6001_001,20.60500,50.87255,PM2.5,PL
Poland,SPO_PL0283A_6001_002,20.60500,50.87255,PM2.5,PL
Poland,SPO_PL0288A_5_001,21.39410,50.48630,PM10,PL
Poland,SPO_PL0482A_5_001,20.60258,50.85422,PM10,PL
Poland,SPO_PL0523A_5_001,20.71564,50.45362,PM10,PL
Poland,SPO_PL0523A_6001_001,20.71564,50.45362,PM2.5,PL
Poland,SPO_PL0563A_5_001,20.53351,50.82311,PM10,PL
Poland,SPO_PL0564A_5_001,21.66073,50.88713,PM10,PL
Poland,SPO_PL0565A_5_001,21.27737,50.42901,PM10,PL
Poland,SPO_PL0565A_6001_001,21.27737,50.42901,PM2.5,PL
Poland,SPO_PL0566A_5_001,21.08418,51.05061,PM10,PL
Poland,SPO_PL0566A_5_002,21.08418,51.05061,PM10,PL
Poland,SPO_PL0566A_6001_001,21.08418,51.05061,PM2.5,PL
Poland,SPO_PL0566A_6001_002,21.08418,51.05061,PM2.5,PL
Poland,SPO_PL0596A_5_001,20.27114,50.80831,PM10,PL
Poland,SPO_PL0596A_6001_001,20.27114,50.80831,PM2.5,PL
Poland,SPO_PL0653A_6001_001,20.65799,50.89437,PM2.5,PL
Poland,SPO_PL0680A_5_001,20.88618,50.35866,PM10,PL
Poland,SPO_PL0680A_6001_001,20.88618,50.35866,PM2.5,PL
Poland,SPO_PL0697A_5_002,20.40889,51.18952,PM10,PL
Poland,SPO_PL0697A_6001_001,20.40889,51.18952,PM2.5,PL
Poland,SPO_PL0698A_5_001,20.26603,50.80961,PM10,PL
Poland,SPO_PL0698A_6001_001,20.26603,50.80961,PM2.5,PL
Poland,SPO_PL0704A_5_001,20.63369,50.87900,PM10,PL
Poland,SPO_PL0704A_5_002,20.63369,50.87900,PM10,PL
Poland,SPO_PL0704A_6001_001,20.63369,50.87900,PM2.5,PL
Poland,SPO_PL0704A_6001_002,20.63369,50.87900,PM2.5,PL
Poland,SPO_PL0724A_5_001,21.39449,50.94670,PM10,PL
Poland,SPO_PL0724A_5_002,21.39449,50.94670,PM10,PL
Poland,SPO_PL0724A_6001_001,21.39449,50.94670,PM2.5,PL
Poland,SPO_PL0724A_6001_002,21.39449,50.94670,PM2.5,PL
Poland,SPO_PL0731A_5_001,20.88063,51.12110,PM10,PL
Poland,SPO_PL0731A_5_002,20.88063,51.12110,PM10,PL
Poland,SPO_PL0731A_6001_001,20.88063,51.12110,PM2.5,PL
Poland,SPO_PL0731A_6001_002,20.88063,51.12110,PM2.5,PL
Poland,SPO_PL0771A_5_001,20.61406,50.62148,PM10,PL
Poland,SPO_PL0772A_5_001,20.28489,50.64367,PM10,PL
Poland,SPO_PL0772A_5_002,20.28489,50.64367,PM10,PL
Poland,SPO_PL0772A_6001_001,20.28489,50.64367,PM2.5,PL
Poland,SPO_PL0792A_5_001,20.57997,50.88761,PM10,PL
Poland,SPO_PL0792A_5_002,20.57997,50.88761,PM10,PL
Poland,SPO_PL0793A_5_001,20.64286,50.88601,PM10,PL
Poland,SPO_PL0794A_5_001,21.42547,50.79808,PM10,PL
Poland,SPO_PL0794A_5_002,21.42547,50.79808,PM10,PL
Poland,SPO_PL0794A_6001_001,21.42547,50.79808,PM2.5,PL
Poland,SPO_PL0795A_5_001,21.72910,50.68642,PM10,PL
Poland,SPO_PL0795A_5_002,21.72910,50.68642,PM10,PL
Poland,SPO_PL0795A_6001_001,21.72910,50.68642,PM2.5,PL
Poland,SPO_PL0795A_6001_002,21.72910,50.68642,PM2.5,PL
Poland,SPO_PL0812A_5_001,20.48129,50.26755,PM10,PL
Poland,SPO_PL0812A_5_002,20.48129,50.26755,PM10,PL
Poland,SPO_PL0812A_6001_001,20.48129,50.26755,PM2.5,PL
Poland,SPO_PL0812A_6001_002,20.48129,50.26755,PM2.5,PL
Poland,SPO_PL0813A_5_001,20.52182,50.52056,PM10,PL
Poland,SPO_PL0813A_5_002,20.52182,50.52056,PM10,PL
Poland,SPO_PL0813A_6001_001,20.52182,50.52056,PM2.5,PL
Poland,SPO_PL0828A_5_001,21.08122,50.77848,PM10,PL
Poland,SPO_PL0828A_5_002,21.08122,50.77848,PM10,PL
Poland,SPO_PL0828A_6001_001,21.08122,50.77848,PM2.5,PL
Poland,SPO_PL0829A_5_001,19.97199,50.85032,PM10,PL
Poland,SPO_PL0829A_5_002,19.97199,50.85032,PM10,PL
Poland,SPO_PL0829A_6001_001,19.97199,50.85032,PM2.5,PL
Poland,SPO_PL0844A_5_001,20.89159,51.11584,PM10,PL
Poland,SPO_PL0844A_5_002,20.89159,51.11584,PM10,PL
Poland,SPO_PL0844A_6001_001,20.89159,51.11584,PM2.5,PL
Poland,SPO_PL0008A_5_001,18.97503,50.26461,PM10,PL
Poland,SPO_PL0008A_5_002,18.97503,50.26461,PM10,PL
Poland,SPO_PL0008A_6001_001,18.97503,50.26461,PM2.5,PL
Poland,SPO_PL0008A_6001_002,18.97503,50.26461,PM2.5,PL
Poland,SPO_PL0184A_5_001,19.13011,50.83639,PM10,PL
Poland,SPO_PL0184A_5_002,19.13011,50.83639,PM10,PL
Poland,SPO_PL0234A_5_001,19.02732,49.81346,PM10,PL
Poland,SPO_PL0234A_5_002,19.02732,49.81346,PM10,PL
Poland,SPO_PL0236A_5_001,18.63907,49.73814,PM10,PL
Poland,SPO_PL0236A_5_002,18.63907,49.73814,PM10,PL
Poland,SPO_PL0237A_5_001,19.23122,50.32911,PM10,PL
Poland,SPO_PL0237A_5_002,19.23122,50.32911,PM10,PL
Poland,SPO_PL0238A_5_001,18.65574,50.27948,PM10,PL
Poland,SPO_PL0238A_6001_001,18.65574,50.27948,PM2.5,PL
Poland,SPO_PL0238A_6001_002,18.65574,50.27948,PM2.5,PL
Poland,SPO_PL0239A_5_001,18.51614,50.11118,PM10,PL
Poland,SPO_PL0239A_5_002,18.51614,50.11118,PM10,PL
Poland,SPO_PL0240A_5_001,18.99024,50.09990,PM10,PL
Poland,SPO_PL0241A_5_001,18.45555,50.00763,PM10,PL
Poland,SPO_PL0242A_5_001,18.77238,50.31650,PM10,PL
Poland,SPO_PL0242A_5_002,18.77238,50.31650,PM10,PL
Poland,SPO_PL0243A_5_001,19.45880,50.71089,PM10,PL
Poland,SPO_PL0243A_6001_001,19.45880,50.71089,PM2.5,PL
Poland,SPO_PL0243A_6001_002,19.45880,50.71089,PM2.5,PL
Poland,SPO_PL0290A_5_001,18.69622,50.65836,PM10,PL
Poland,SPO_PL0293A_5_001,19.43301,50.47954,PM10,PL
Poland,SPO_PL0294A_5_001,19.23445,49.67160,PM10,PL
Poland,SPO_PL0294A_5_002,19.23445,49.67160,PM10,PL
Poland,SPO_PL0294A_6001_001,19.23445,49.67160,PM2.5,PL
Poland,SPO_PL0450A_5_001,19.20588,49.68790,PM10,PL
Poland,SPO_PL0483A_5_001,18.65572,50.23317,PM10,PL
Poland,SPO_PL0484A_5_001,19.32670,50.57973,PM10,PL
Poland,SPO_PL0489A_5_001,18.69122,50.02868,PM10,PL
Poland,SPO_PL0489A_6001_001,18.69122,50.02868,PM2.5,PL
Poland,SPO_PL0498A_6001_001,19.10696,50.80192,PM2.5,PL
Poland,SPO_PL0499A_6001_001,19.02319,49.80639,PM2.5,PL
Poland,SPO_PL0526A_5_001,19.11900,50.81722,PM10,PL
Poland,SPO_PL0527A_5_001,18.47128,49.92188,PM10,PL
Poland,SPO_PL0527A_6001_001,18.47128,49.92188,PM2.5,PL
Poland,SPO_PL0528A_5_001,18.94722,49.97218,PM10,PL
Poland,SPO_PL0529A_5_001,19.18440,50.28596,PM10,PL
Poland,SPO_PL0530A_5_001,18.82964,50.44474,PM10,PL
Poland,SPO_PL0530A_6001_001,18.82964,50.44474,PM2.5,PL
Poland,SPO_PL0567A_5_001,19.01947,50.24680,PM10,PL
Poland,SPO_PL0567A_5_002,19.01947,50.24680,PM10,PL
Poland,SPO_PL0567A_6001_001,19.01947,50.24680,PM2.5,PL
Poland,SPO_PL0567A_6001_002,19.01947,50.24680,PM2.5,PL
Poland,SPO_PL0568A_5_001,18.82672,49.71973,PM10,PL
Poland,SPO_PL0684A_5_001,18.68953,50.02942,PM10,PL
Poland,SPO_PL0684A_6001_001,18.68953,50.02942,PM2.5,PL
Poland,SPO_PL0705A_6001_001,19.04861,49.80208,PM2.5,PL
Poland,SPO_PL0707A_5_001,18.68207,50.67569,PM10,PL
Poland,SPO_PL0742A_5_001,18.97559,49.93785,PM10,PL
Poland,SPO_PL0742A_6001_001,18.97559,49.93785,PM2.5,PL
Poland,SPO_PL0746A_5_001,19.43901,50.49304,PM10,PL
Poland,SPO_PL0759A_5_001,18.21626,50.09114,PM10,PL
Poland,SPO_PL0759A_6001_001,18.21626,50.09114,PM2.5,PL
Poland,SPO_PL0773A_5_001,18.60795,49.95254,PM10,PL
Poland,SPO_PL0773A_6001_001,18.60795,49.95254,PM2.5,PL
Poland,SPO_PL0796A_5_001,18.63408,49.75599,PM10,PL
Poland,SPO_PL0814A_5_001,18.94769,49.97577,PM10,PL
Poland,SPO_PL0845A_5_001,18.77126,50.31707,PM10,PL
Poland,SPO_PL0845A_5_002,18.77126,50.31707,PM10,PL
Poland,SPO_PL0005R_5_001,22.03806,54.12482,PM10,PL
Poland,SPO_PL0005R_6001_001,22.03806,54.12482,PM2.5,PL
Poland,SPO_PL0175A_5_001,20.48608,53.78923,PM10,PL
Poland,SPO_PL0175A_5_002,20.48608,53.78923,PM10,PL
Poland,SPO_PL0175A_6001_001,20.48608,53.78923,PM2.5,PL
Poland,SPO_PL0175A_6001_002,20.48608,53.78923,PM2.5,PL
Poland,SPO_PL0176A_5_001,19.96978,53.69247,PM10,PL
Poland,SPO_PL0176A_6001_001,19.96978,53.69247,PM2.5,PL
Poland,SPO_PL0295A_5_001,19.41094,54.16785,PM10,PL
Poland,SPO_PL0295A_5_002,19.41094,54.16785,PM10,PL
Poland,SPO_PL0295A_6001_001,19.41094,54.16785,PM2.5,PL
Poland,SPO_PL0295A_6001_002,19.41094,54.16785,PM2.5,PL
Poland,SPO_PL0296A_5_001,21.29612,53.86613,PM10,PL
Poland,SPO_PL0312A_5_001,22.30768,54.30591,PM10,PL
Poland,SPO_PL0312A_5_002,22.30768,54.30591,PM10,PL
Poland,SPO_PL0531A_5_001,20.42205,53.36111,PM10,PL
Poland,SPO_PL0598A_5_001,19.56491,53.58787,PM10,PL
Poland,SPO_PL0654A_5_001,21.15291,54.18473,PM10,PL
Poland,SPO_PL0681A_5_001,22.34834,53.82839,PM10,PL
Poland,SPO_PL0681A_5_002,22.34834,53.82839,PM10,PL
Poland,SPO_PL0681A_6001_001,22.34834,53.82839,PM2.5,PL
Poland,SPO_PL0681A_6001_002,22.34834,53.82839,PM2.5,PL
Poland,SPO_PL0682A_5_001,19.96904,53.69459,PM10,PL
Poland,SPO_PL0682A_5_002,19.96904,53.69459,PM10,PL
Poland,SPO_PL0682A_6001_001,19.96904,53.69459,PM2.5,PL
Poland,SPO_PL0682A_6001_002,19.96904,53.69459,PM2.5,PL
Poland,SPO_PL0750A_5_001,22.33217,54.32818,PM10,PL
Poland,SPO_PL0750A_5_002,22.33217,54.32818,PM10,PL
Poland,SPO_PL0750A_6001_001,22.33217,54.32818,PM2.5,PL
Poland,SPO_PL0755A_5_001,20.95789,53.86070,PM10,PL
Poland,SPO_PL0755A_5_002,20.95789,53.86070,PM10,PL
Poland,SPO_PL0755A_6001_001,20.95789,53.86070,PM2.5,PL
Poland,SPO_PL0797A_5_001,19.59234,53.42681,PM10,PL
Poland,SPO_PL0830A_5_001,21.36982,54.08144,PM10,PL
Poland,SPO_PL0830A_5_002,21.36982,54.08144,PM10,PL
Poland,SPO_PL0830A_6001_001,21.36982,54.08144,PM2.5,PL
Poland,SPO_PL0834A_5_001,21.00192,53.55972,PM10,PL
Poland,SPO_PL0834A_5_002,21.00192,53.55972,PM10,PL
Poland,SPO_PL0834A_6001_001,21.00192,53.55972,PM2.5,PL
Poland,SPO_PL0846A_5_001,20.16867,53.23004,PM10,PL
Poland,SPO_PL0846A_5_002,20.16867,53.23004,PM10,PL
Poland,SPO_PL0846A_6001_001,20.16867,53.23004,PM2.5,PL
Poland,SPO_PL0860A_5_001,21.78486,54.04321,PM10,PL
Poland,SPO_PL0860A_5_002,21.78486,54.04321,PM10,PL
Poland,SPO_PL0860A_6001_001,21.78486,54.04321,PM2.5,PL
Poland,SPO_PL0031A_5_001,18.26893,52.22565,PM10,PL
Poland,SPO_PL0179A_5_001,17.82331,51.63764,PM10,PL
Poland,SPO_PL0181A_5_001,16.90620,52.45919,PM10,PL
Poland,SPO_PL0244A_5_001,16.95952,52.39818,PM10,PL
Poland,SPO_PL0244A_6001_001,16.95952,52.39818,PM2.5,PL
Poland,SPO_PL0244A_6001_002,16.95952,52.39818,PM2.5,PL
Poland,SPO_PL0245A_5_001,16.87729,52.42032,PM10,PL
Poland,SPO_PL0245A_6001_001,16.87729,52.42032,PM2.5,PL
Poland,SPO_PL0245A_6001_002,16.87729,52.42032,PM2.5,PL
Poland,SPO_PL0468A_5_001,16.75957,53.15441,PM10,PL
Poland,SPO_PL0468A_5_002,16.75957,53.15441,PM10,PL
Poland,SPO_PL0503A_5_001,18.04906,51.74795,PM10,PL
Poland,SPO_PL0503A_5_002,18.04906,51.74795,PM10,PL
Poland,SPO_PL0503A_6001_001,18.04906,51.74795,PM2.5,PL
Poland,SPO_PL0503A_6001_002,18.04906,51.74795,PM2.5,PL
Poland,SPO_PL0532A_5_001,16.64590,52.46741,PM10,PL
Poland,SPO_PL0533A_5_001,17.20838,52.81526,PM10,PL
Poland,SPO_PL0569A_5_001,17.61224,52.53928,PM10,PL
Poland,SPO_PL0570A_5_001,16.60504,51.84046,PM10,PL
Poland,SPO_PL0571A_5_001,16.14215,52.31675,PM10,PL
Poland,SPO_PL0572A_5_001,16.92844,52.39287,PM10,PL
Poland,SPO_PL0573A_5_001,17.07419,52.27672,PM10,PL
Poland,SPO_PL0624A_5_001,17.79111,51.88492,PM10,PL
Poland,SPO_PL0624A_5_002,17.79111,51.88492,PM10,PL
Poland,SPO_PL0624A_6001_001,17.79111,51.88492,PM2.5,PL
Poland,SPO_PL0700A_5_001,16.99963,52.44929,PM10,PL
Poland,SPO_PL0701A_5_001,16.91816,52.38429,PM10,PL
Poland,SPO_PL0713A_5_001,16.99858,52.39173,PM10,PL
Poland,SPO_PL0713A_6001_001,16.99858,52.39173,PM2.5,PL
Poland,SPO_PL0798A_5_001,16.86513,52.24150,PM10,PL
Poland,SPO_PL0800A_5_001,16.99805,52.39088,PM10,PL
Poland,SPO_PL0800A_6001_001,16.99805,52.39088,PM2.5,PL
Poland,SPO_PL0800A_6001_002,16.99805,52.39088,PM2.5,PL
Poland,SPO_PL0801A_5_001,16.58815,52.61228,PM10,PL
Poland,SPO_PL0801A_6001_001,16.58815,52.61228,PM2.5,PL
Poland,SPO_PL0847A_5_001,17.98674,51.28299,PM10,PL
Poland,SPO_PL0848A_5_001,16.63638,52.09044,PM10,PL
Poland,SPO_PL0848A_6001_001,16.63638,52.09044,PM2.5,PL
Poland,SPO_PL0850A_5_001,16.59212,51.83368,PM10,PL
Poland,SPO_PL0861A_5_001,17.44126,51.69731,PM10,PL
Poland,SPO_PL0861A_6001_001,17.44126,51.69731,PM2.5,PL
Poland,SPO_PL0182A_5_001,14.38225,53.12233,PM10,PL
Poland,SPO_PL0248A_5_001,14.66335,53.38097,PM10,PL
Poland,SPO_PL0248A_5_002,14.66335,53.38097,PM10,PL
Poland,SPO_PL0248A_6001_001,14.66335,53.38097,PM2.5,PL
Poland,SPO_PL0248A_6001_002,14.66335,53.38097,PM2.5,PL
Poland,SPO_PL0249A_5_001,14.55390,53.43217,PM10,PL
Poland,SPO_PL0249A_5_002,14.55390,53.43217,PM10,PL
Poland,SPO_PL0249A_6001_001,14.55390,53.43217,PM2.5,PL
Poland,SPO_PL0251A_5_001,14.55625,53.47089,PM10,PL
Poland,SPO_PL0251A_5_002,14.55625,53.47089,PM10,PL
Poland,SPO_PL0298A_5_001,16.17254,54.19399,PM10,PL
Poland,SPO_PL0298A_5_002,16.17254,54.19399,PM10,PL
Poland,SPO_PL0500A_5_001,16.19324,54.20715,PM10,PL
Poland,SPO_PL0500A_6001_001,16.19324,54.20715,PM2.5,PL
Poland,SPO_PL0534A_5_001,14.86281,52.92628,PM10,PL
Poland,SPO_PL0534A_6001_001,14.86281,52.92628,PM2.5,PL
Poland,SPO_PL0535A_5_001,16.69252,53.71211,PM10,PL
Poland,SPO_PL0535A_6001_001,16.69252,53.71211,PM2.5,PL
Poland,SPO_PL0536A_5_001,16.70707,53.70198,PM10,PL
Poland,SPO_PL0574A_5_001,16.70456,53.69890,PM10,PL
Poland,SPO_PL0574A_5_002,16.70456,53.69890,PM10,PL
Poland,SPO_PL0702A_5_001,15.59635,54.17938,PM10,PL
Poland,SPO_PL0702A_5_002,15.59635,54.17938,PM10,PL
Poland,SPO_PL0702A_6001_001,15.59635,54.17938,PM2.5,PL
Poland,SPO_PL0715A_5_001,14.50729,53.44676,PM10,PL
Poland,SPO_PL0715A_5_002,14.50729,53.44676,PM10,PL
Poland,SPO_PL0756A_5_001,16.21167,54.19411,PM10,PL
Poland,SPO_PL0774A_5_001,16.08928,53.75565,PM10,PL
Poland,SPO_PL0774A_5_002,16.08928,53.75565,PM10,PL
Poland,SPO_PL0774A_6001_001,16.08928,53.75565,PM2.5,PL
Poland,SPO_PL0802A_5_001,15.57994,54.18260,PM10,PL
Poland,SPO_PL0802A_5_002,15.57994,54.18260,PM10,PL
Poland,SPO_PL0802A_6001_001,15.57994,54.18260,PM2.5,PL
Poland,SPO_PL0815A_5_001,14.77614,53.96971,PM10,PL
Poland,SPO_PL0815A_5_002,14.77614,53.96971,PM10,PL
Poland,SPO_PL0815A_6001_001,14.77614,53.96971,PM2.5,PL
Poland,SPO_PL0831A_5_001,14.24658,53.91567,PM10,PL
Poland,SPO_PL0831A_5_002,14.24658,53.91567,PM10,PL
Poland,SPO_PL0831A_6001_001,14.24658,53.91567,PM2.5,PL
Poland,SPO_PL0849A_5_001,16.31073,54.37749,PM10,PL
Poland,SPO_PL0849A_5_002,16.31073,54.37749,PM10,PL
Poland,SPO_PL0849A_6001_001,16.31073,54.37749,PM2.5,PL
Poland,SPO_PL0862A_5_001,14.27963,53.90381,PM10,PL
Poland,SPO_PL0862A_5_002,14.27963,53.90381,PM10,PL
Poland,SPO_PL0862A_6001_001,14.27963,53.90381,PM2.5,PL
